{
  "data": [
    {
      "orientation": "v",
      "width": [0.9, 0.9, 0.9, 0.9, 0.9, 0.9, 0.9, 0.899999999999999, 0.899999999999999, 0.899999999999999, 0.899999999999999, 0.899999999999999, 0.899999999999999, 0.899999999999999, 0.899999999999999, 0.899999999999999, 0.899999999999999, 0.899999999999999, 0.899999999999999, 0.899999999999999, 0.899999999999999, 0.899999999999999, 0.899999999999999, 0.899999999999999, 0.899999999999999, 0.899999999999999, 0.899999999999999, 0.899999999999999, 0.899999999999999, 0.899999999999999, 0.899999999999999],
      "base": [0, 0, 0, 0, 0, 0, 0, 0, 0, 0, 0, 0, 0, 0, 0, 0, 0, 0, 0, 0, 0, 0, 0, 0, 0, 0, 0, 0, 0, 0, 0],
      "x": ["Denovo Assembly", "Tested On Human Data", "Quality Checking", "SNP And Variant Analysis", "Scaffolding", "Error Correction And Polishing", "Generating Consensus Sequence", "Alignment", "Provide Summary Statistics", "Tested On Non Human Data", "Availablity Of Test Data", "Long Read Overlapping", "Metagenomics", "Suitable For Single Cell Experiments", "Visualisation", "Analysis Pipelines", "Evaluating Exisiting Methods", "Gap Filling", "Quality Trimming", "Read Quantification", "Simulators", "Taxonomic Classification", "Transcriptomics", "Basecalling", "Base Modification Detection", "Demultiplexing", "fast5 File Processing", "Isoform Detection", "Normalisation", "polyA Length Estimation", "Quality Filtering"],
      "y": [0.0238500851788756, 0.0136286201022147, 0.0119250425894378, 0.0119250425894378, 0.010221465076661, 0.00851788756388416, 0.00851788756388416, 0.00681431005110733, 0.00681431005110733, 0.00681431005110733, 0.00511073253833049, 0.00340715502555366, 0.00340715502555366, 0.00340715502555366, 0.00340715502555366, 0.00170357751277683, 0.00170357751277683, 0.00170357751277683, 0.00170357751277683, 0.00170357751277683, 0.00170357751277683, 0.00170357751277683, 0.00170357751277683, 0, 0, 0, 0, 0, 0, 0, 0],
      "text": ["count: 0.023850085<br />Category: Denovo Assembly<br />Prop: 0.023850085<br />Count: 14 <br /> Percent: 2.4", "count: 0.013628620<br />Category: Tested On Human Data<br />Prop: 0.013628620<br />Count: 8 <br /> Percent: 1.4", "count: 0.011925043<br />Category: Quality Checking<br />Prop: 0.011925043<br />Count: 7 <br /> Percent: 1.2", "count: 0.011925043<br />Category: SNP And Variant Analysis<br />Prop: 0.011925043<br />Count: 7 <br /> Percent: 1.2", "count: 0.010221465<br />Category: Scaffolding<br />Prop: 0.010221465<br />Count: 6 <br /> Percent: 1", "count: 0.008517888<br />Category: Error Correction And Polishing<br />Prop: 0.008517888<br />Count: 5 <br /> Percent: 0.9", "count: 0.008517888<br />Category: Generating Consensus Sequence<br />Prop: 0.008517888<br />Count: 5 <br /> Percent: 0.9", "count: 0.006814310<br />Category: Alignment<br />Prop: 0.006814310<br />Count: 4 <br /> Percent: 0.7", "count: 0.006814310<br />Category: Provide Summary Statistics<br />Prop: 0.006814310<br />Count: 4 <br /> Percent: 0.7", "count: 0.006814310<br />Category: Tested On Non Human Data<br />Prop: 0.006814310<br />Count: 4 <br /> Percent: 0.7", "count: 0.005110733<br />Category: Availablity Of Test Data<br />Prop: 0.005110733<br />Count: 3 <br /> Percent: 0.5", "count: 0.003407155<br />Category: Long Read Overlapping<br />Prop: 0.003407155<br />Count: 2 <br /> Percent: 0.3", "count: 0.003407155<br />Category: Metagenomics<br />Prop: 0.003407155<br />Count: 2 <br /> Percent: 0.3", "count: 0.003407155<br />Category: Suitable For Single Cell Experiments<br />Prop: 0.003407155<br />Count: 2 <br /> Percent: 0.3", "count: 0.003407155<br />Category: Visualisation<br />Prop: 0.003407155<br />Count: 2 <br /> Percent: 0.3", "count: 0.001703578<br />Category: Analysis Pipelines<br />Prop: 0.001703578<br />Count: 1 <br /> Percent: 0.2", "count: 0.001703578<br />Category: Evaluating Exisiting Methods<br />Prop: 0.001703578<br />Count: 1 <br /> Percent: 0.2", "count: 0.001703578<br />Category: Gap Filling<br />Prop: 0.001703578<br />Count: 1 <br /> Percent: 0.2", "count: 0.001703578<br />Category: Quality Trimming<br />Prop: 0.001703578<br />Count: 1 <br /> Percent: 0.2", "count: 0.001703578<br />Category: Read Quantification<br />Prop: 0.001703578<br />Count: 1 <br /> Percent: 0.2", "count: 0.001703578<br />Category: Simulators<br />Prop: 0.001703578<br />Count: 1 <br /> Percent: 0.2", "count: 0.001703578<br />Category: Taxonomic Classification<br />Prop: 0.001703578<br />Count: 1 <br /> Percent: 0.2", "count: 0.001703578<br />Category: Transcriptomics<br />Prop: 0.001703578<br />Count: 1 <br /> Percent: 0.2", "count: 0.000000000<br />Category: Basecalling<br />Prop: 0.000000000<br />Count: 0 <br /> Percent: 0", "count: 0.000000000<br />Category: Base Modification Detection<br />Prop: 0.000000000<br />Count: 0 <br /> Percent: 0", "count: 0.000000000<br />Category: Demultiplexing<br />Prop: 0.000000000<br />Count: 0 <br /> Percent: 0", "count: 0.000000000<br />Category: fast5 File Processing<br />Prop: 0.000000000<br />Count: 0 <br /> Percent: 0", "count: 0.000000000<br />Category: Isoform Detection<br />Prop: 0.000000000<br />Count: 0 <br /> Percent: 0", "count: 0.000000000<br />Category: Normalisation<br />Prop: 0.000000000<br />Count: 0 <br /> Percent: 0", "count: 0.000000000<br />Category: polyA Length Estimation<br />Prop: 0.000000000<br />Count: 0 <br /> Percent: 0", "count: 0.000000000<br />Category: Quality Filtering<br />Prop: 0.000000000<br />Count: 0 <br /> Percent: 0"],
      "type": "bar",
      "textposition": "none",
      "marker": {
        "autocolorscale": false,
        "color": "rgba(159,199,81,1)",
        "line": {
          "width": 1.88976377952756,
          "color": "transparent"
        }
      },
      "showlegend": false,
      "xaxis": "x",
      "yaxis": "y",
      "hoverinfo": "text",
      "frame": null
    }
  ],
  "layout": {
    "margin": {
      "t": 50,
      "r": 40,
      "b": 90,
      "l": 70
    },
    "font": {
      "color": "rgba(0,0,0,1)",
      "family": "",
      "size": 18.5969281859693
    },
    "title": {
      "text": "<b> 10X Genomics focused <\/b>",
      "font": {
        "color": "rgba(0,0,0,1)",
        "family": "",
        "size": 15.9402241594022
      },
      "x": 0,
      "xref": "paper"
    },
    "xaxis": {
      "domain": [0, 1],
      "automargin": true,
      "type": "category",
      "autorange": true,
      "range": [0.4, 31.6],
      "tickmode": "auto",
      "ticktext": ["Denovo Assembly", "Tested On Human Data", "Quality Checking", "SNP And Variant Analysis", "Scaffolding", "Error Correction And Polishing", "Generating Consensus Sequence", "Alignment", "Provide Summary Statistics", "Tested On Non Human Data", "Availablity Of Test Data", "Long Read Overlapping", "Metagenomics", "Suitable For Single Cell Experiments", "Visualisation", "Analysis Pipelines", "Evaluating Exisiting Methods", "Gap Filling", "Quality Trimming", "Read Quantification", "Simulators", "Taxonomic Classification", "Transcriptomics", "Basecalling", "Base Modification Detection", "Demultiplexing", "fast5 File Processing", "Isoform Detection", "Normalisation", "polyA Length Estimation", "Quality Filtering"],
      "tickvals": [1, 2, 3, 4, 5, 6, 7, 8, 9, 10, 11, 12, 13, 14, 15, 16, 17, 18, 19, 20, 21, 22, 23, 24, 25, 26, 27, 28, 29, 30, 31],
      "categoryorder": "array",