{
  "data": [
    {
      "orientation": "v",
      "width": [0.9, 0.9, 0.9, 0.9, 0.9, 0.9, 0.9, 0.899999999999999, 0.899999999999999, 0.899999999999999, 0.899999999999999, 0.899999999999999, 0.899999999999999, 0.899999999999999, 0.899999999999999, 0.899999999999999, 0.899999999999999, 0.899999999999999, 0.899999999999999, 0.899999999999999, 0.899999999999999, 0.899999999999999, 0.899999999999999, 0.899999999999999, 0.899999999999999, 0.899999999999999, 0.899999999999999, 0.899999999999999, 0.899999999999999, 0.899999999999999, 0.899999999999999],
      "base": [0, 0, 0, 0, 0, 0, 0, 0, 0, 0, 0, 0, 0, 0, 0, 0, 0, 0, 0, 0, 0, 0, 0, 0, 0, 0, 0, 0, 0, 0, 0],
      "x": ["Tested On Non Human Data", "Error Correction And Polishing", "SNP And Variant Analysis", "Tested On Human Data", "Alignment", "Denovo Assembly", "Analysis Pipelines", "Transcriptomics", "Availablity Of Test Data", "Visualisation", "Quality Checking", "Base Modification Detection", "Provide Summary Statistics", "Generating Consensus Sequence", "Basecalling", "Metagenomics", "Isoform Detection", "Read Quantification", "Taxonomic Classification", "Quality Filtering", "Scaffolding", "Simulators", "Demultiplexing", "Quality Trimming", "Suitable For Single Cell Experiments", "fast5 File Processing", "Gap Filling", "Long Read Overlapping", "Evaluating Exisiting Methods", "Normalisation", "polyA Length Estimation"],
      "y": [0.158059467918623, 0.153364632237872, 0.151799687010955, 0.151799687010955, 0.125195618153365, 0.125195618153365, 0.122065727699531, 0.120500782472613, 0.104851330203443, 0.0954616588419405, 0.0829420970266041, 0.07981220657277, 0.07981220657277, 0.0751173708920188, 0.0657276995305164, 0.0641627543035994, 0.0579029733959311, 0.0406885758998435, 0.0328638497652582, 0.028169014084507, 0.028169014084507, 0.02660406885759, 0.0250391236306729, 0.0250391236306729, 0.0219092331768388, 0.0203442879499218, 0.0203442879499218, 0.0187793427230047, 0.0172143974960876, 0.00469483568075117, 0.00469483568075117],
      "text": ["count: 0.158059468<br />Category: Tested On Non Human Data<br />Prop: 0.158059468<br />Count: 101 <br /> Percent: 15.8", "count: 0.153364632<br />Category: Error Correction And Polishing<br />Prop: 0.153364632<br />Count: 98 <br /> Percent: 15.3", "count: 0.151799687<br />Category: SNP And Variant Analysis<br />Prop: 0.151799687<br />Count: 97 <br /> Percent: 15.2", "count: 0.151799687<br />Category: Tested On Human Data<br />Prop: 0.151799687<br />Count: 97 <br /> Percent: 15.2", "count: 0.125195618<br />Category: Alignment<br />Prop: 0.125195618<br />Count: 80 <br /> Percent: 12.5", "count: 0.125195618<br />Category: Denovo Assembly<br />Prop: 0.125195618<br />Count: 80 <br /> Percent: 12.5", "count: 0.122065728<br />Category: Analysis Pipelines<br />Prop: 0.122065728<br />Count: 78 <br /> Percent: 12.2", "count: 0.120500782<br />Category: Transcriptomics<br />Prop: 0.120500782<br />Count: 77 <br /> Percent: 12.1", "count: 0.104851330<br />Category: Availablity Of Test Data<br />Prop: 0.104851330<br />Count: 67 <br /> Percent: 10.5", "count: 0.095461659<br />Category: Visualisation<br />Prop: 0.095461659<br />Count: 61 <br /> Percent: 9.5", "count: 0.082942097<br />Category: Quality Checking<br />Prop: 0.082942097<br />Count: 53 <br /> Percent: 8.3", "count: 0.079812207<br />Category: Base Modification Detection<br />Prop: 0.079812207<br />Count: 51 <br /> Percent: 8", "count: 0.079812207<br />Category: Provide Summary Statistics<br />Prop: 0.079812207<br />Count: 51 <br /> Percent: 8", "count: 0.075117371<br />Category: Generating Consensus Sequence<br />Prop: 0.075117371<br />Count: 48 <br /> Percent: 7.5", "count: 0.065727700<br />Category: Basecalling<br />Prop: 0.065727700<br />Count: 42 <br /> Percent: 6.6", "count: 0.064162754<br />Category: Metagenomics<br />Prop: 0.064162754<br />Count: 41 <br /> Percent: 6.4", "count: 0.057902973<br />Category: Isoform Detection<br />Prop: 0.057902973<br />Count: 37 <br /> Percent: 5.8", "count: 0.040688576<br />Category: Read Quantification<br />Prop: 0.040688576<br />Count: 26 <br /> Percent: 4.1", "count: 0.032863850<br />Category: Taxonomic Classification<br />Prop: 0.032863850<br />Count: 21 <br /> Percent: 3.3", "count: 0.028169014<br />Category: Quality Filtering<br />Prop: 0.028169014<br />Count: 18 <br /> Percent: 2.8", "count: 0.028169014<br />Category: Scaffolding<br />Prop: 0.028169014<br />Count: 18 <br /> Percent: 2.8", "count: 0.026604069<br />Category: Simulators<br />Prop: 0.026604069<br />Count: 17 <br /> Percent: 2.7", "count: 0.025039124<br />Category: Demultiplexing<br />Prop: 0.025039124<br />Count: 16 <br /> Percent: 2.5", "count: 0.025039124<br />Category: Quality Trimming<br />Prop: 0.025039124<br />Count: 16 <br /> Percent: 2.5", "count: 0.021909233<br />Category: Suitable For Single Cell Experiments<br />Prop: 0.021909233<br />Count: 14 <br /> Percent: 2.2", "count: 0.020344288<br />Category: fast5 File Processing<br />Prop: 0.020344288<br />Count: 13 <br /> Percent: 2", "count: 0.020344288<br />Category: Gap Filling<br />Prop: 0.020344288<br />Count: 13 <br /> Percent: 2", "count: 0.018779343<br />Category: Long Read Overlapping<br />Prop: 0.018779343<br />Count: 12 <br /> Percent: 1.9", "count: 0.017214397<br />Category: Evaluating Exisiting Methods<br />Prop: 0.017214397<br />Count: 11 <br /> Percent: 1.7", "count: 0.004694836<br />Category: Normalisation<br />Prop: 0.004694836<br />Count: 3 <br /> Percent: 0.5", "count: 0.004694836<br />Category: polyA Length Estimation<br />Prop: 0.004694836<br />Count: 3 <br /> Percent: 0.5"],
      "type": "bar",
      "textposition": "none",
      "marker": {
        "autocolorscale": false,
        "color": "rgba(159,199,81,1)",
        "line": {
          "width": 1.88976377952756,
          "color": "transparent"
        }
      },
      "showlegend": false,
      "xaxis": "x",
      "yaxis": "y",
      "hoverinfo": "text",
      "frame": null
    }
  ],
  "layout": {
    "margin": {
      "t": 50,
      "r": 40,
      "b": 90,
      "l": 70
    },
    "font": {
      "color": "rgba(0,0,0,1)",
      "family": "",
      "size": 18.5969281859693
    },
    "title": {
      "text": "<b> Oxford Nanopore focused <\/b>",
      "font": {
        "color": "rgba(0,0,0,1)",
        "family": "",
        "size": 15.9402241594022
      },
      "x": 0,
      "xref": "paper"
    },
    "xaxis": {
      "domain": [0, 1],
      "automargin": true,
      "type": "category",
      "autorange": true,
      "range": [0.4, 31.6],
      "tickmode": "auto",
      "ticktext": ["Tested On Non Human Data", "Error Correction And Polishing", "SNP And Variant Analysis", "Tested On Human Data", "Alignment", "Denovo Assembly", "Analysis Pipelines", "Transcriptomics", "Availablity Of Test Data", "Visualisation", "Quality Checking", "Base Modification Detection", "Provide Summary Statistics", "Generating Consensus Sequence", "Basecalling", "Metagenomics", "Isoform Detection", "Read Quantification", "Taxonomic Classification", "Quality Filtering", "Scaffolding", "Simulators", "Demultiplexing", "Quality Trimming", "Suitable For Single Cell Experiments", "fast5 File Processing", "Gap Filling", "Long Read Overlapping", "Evaluating Exisiting Methods", "Normalisation", "polyA Length Estimation"],
      "tickvals": [1, 2, 3, 4, 5, 6, 7, 8, 9, 10, 11, 12, 13, 14, 15, 16, 17, 18, 19, 20, 21, 22, 23, 24, 25, 26, 27, 28, 29, 30, 31],
      "categoryorder": "array",