{
  "data": [
    {
      "orientation": "v",
      "width": [0.9, 0.9, 0.9, 0.9, 0.9, 0.9, 0.9, 0.899999999999999, 0.899999999999999, 0.899999999999999, 0.899999999999999, 0.899999999999999, 0.899999999999999, 0.899999999999999, 0.899999999999999, 0.899999999999999, 0.899999999999999, 0.899999999999999, 0.899999999999999, 0.899999999999999, 0.899999999999999, 0.899999999999999, 0.899999999999999, 0.899999999999999, 0.899999999999999, 0.899999999999999, 0.899999999999999, 0.899999999999999, 0.899999999999999, 0.899999999999999, 0.899999999999999],
      "base": [0, 0, 0, 0, 0, 0, 0, 0, 0, 0, 0, 0, 0, 0, 0, 0, 0, 0, 0, 0, 0, 0, 0, 0, 0, 0, 0, 0, 0, 0, 0],
      "x": ["Denovo Assembly", "Tested On Human Data", "SNP And Variant Analysis", "Quality Checking", "Availablity Of Test Data", "Generating Consensus Sequence", "Scaffolding", "Alignment", "Error Correction And Polishing", "Provide Summary Statistics", "Tested On Non Human Data", "Suitable For Single Cell Experiments", "Analysis Pipelines", "Demultiplexing", "Metagenomics", "Isoform Detection", "Long Read Overlapping", "Simulators", "Taxonomic Classification", "Visualisation", "Evaluating Exisiting Methods", "Gap Filling", "Quality Trimming", "Read Quantification", "Transcriptomics", "fast5 File Processing", "Base Modification Detection", "Basecalling", "Normalisation", "Quality Filtering", "polyA Length Estimation"],
      "y": [0.0215343203230148, 0.018842530282638, 0.0174966352624495, 0.0121130551816958, 0.00942126514131898, 0.00942126514131898, 0.00942126514131898, 0.00807537012113055, 0.00807537012113055, 0.00807537012113055, 0.00672947510094213, 0.0053835800807537, 0.00403768506056528, 0.00403768506056528, 0.00403768506056528, 0.00269179004037685, 0.00269179004037685, 0.00269179004037685, 0.00269179004037685, 0.00269179004037685, 0.00134589502018843, 0.00134589502018843, 0.00134589502018843, 0.00134589502018843, 0.00134589502018843, 0.00134589502018843, 0, 0, 0, 0, 0],
      "text": ["count: 0.021534320<br />Category: Denovo Assembly<br />Prop: 0.021534320<br />Count: 16 <br /> Percent: 2.2", "count: 0.018842530<br />Category: Tested On Human Data<br />Prop: 0.018842530<br />Count: 14 <br /> Percent: 1.9", "count: 0.017496635<br />Category: SNP And Variant Analysis<br />Prop: 0.017496635<br />Count: 13 <br /> Percent: 1.7", "count: 0.012113055<br />Category: Quality Checking<br />Prop: 0.012113055<br />Count: 9 <br /> Percent: 1.2", "count: 0.009421265<br />Category: Availablity Of Test Data<br />Prop: 0.009421265<br />Count: 7 <br /> Percent: 0.9", "count: 0.009421265<br />Category: Generating Consensus Sequence<br />Prop: 0.009421265<br />Count: 7 <br /> Percent: 0.9", "count: 0.009421265<br />Category: Scaffolding<br />Prop: 0.009421265<br />Count: 7 <br /> Percent: 0.9", "count: 0.008075370<br />Category: Alignment<br />Prop: 0.008075370<br />Count: 6 <br /> Percent: 0.8", "count: 0.008075370<br />Category: Error Correction And Polishing<br />Prop: 0.008075370<br />Count: 6 <br /> Percent: 0.8", "count: 0.008075370<br />Category: Provide Summary Statistics<br />Prop: 0.008075370<br />Count: 6 <br /> Percent: 0.8", "count: 0.006729475<br />Category: Tested On Non Human Data<br />Prop: 0.006729475<br />Count: 5 <br /> Percent: 0.7", "count: 0.005383580<br />Category: Suitable For Single Cell Experiments<br />Prop: 0.005383580<br />Count: 4 <br /> Percent: 0.5", "count: 0.004037685<br />Category: Analysis Pipelines<br />Prop: 0.004037685<br />Count: 3 <br /> Percent: 0.4", "count: 0.004037685<br />Category: Demultiplexing<br />Prop: 0.004037685<br />Count: 3 <br /> Percent: 0.4", "count: 0.004037685<br />Category: Metagenomics<br />Prop: 0.004037685<br />Count: 3 <br /> Percent: 0.4", "count: 0.002691790<br />Category: Isoform Detection<br />Prop: 0.002691790<br />Count: 2 <br /> Percent: 0.3", "count: 0.002691790<br />Category: Long Read Overlapping<br />Prop: 0.002691790<br />Count: 2 <br /> Percent: 0.3", "count: 0.002691790<br />Category: Simulators<br />Prop: 0.002691790<br />Count: 2 <br /> Percent: 0.3", "count: 0.002691790<br />Category: Taxonomic Classification<br />Prop: 0.002691790<br />Count: 2 <br /> Percent: 0.3", "count: 0.002691790<br />Category: Visualisation<br />Prop: 0.002691790<br />Count: 2 <br /> Percent: 0.3", "count: 0.001345895<br />Category: Evaluating Exisiting Methods<br />Prop: 0.001345895<br />Count: 1 <br /> Percent: 0.1", "count: 0.001345895<br />Category: Gap Filling<br />Prop: 0.001345895<br />Count: 1 <br /> Percent: 0.1", "count: 0.001345895<br />Category: Quality Trimming<br />Prop: 0.001345895<br />Count: 1 <br /> Percent: 0.1", "count: 0.001345895<br />Category: Read Quantification<br />Prop: 0.001345895<br />Count: 1 <br /> Percent: 0.1", "count: 0.001345895<br />Category: Transcriptomics<br />Prop: 0.001345895<br />Count: 1 <br /> Percent: 0.1", "count: 0.001345895<br />Category: fast5 File Processing<br />Prop: 0.001345895<br />Count: 1 <br /> Percent: 0.1", "count: 0.000000000<br />Category: Base Modification Detection<br />Prop: 0.000000000<br />Count: 0 <br /> Percent: 0", "count: 0.000000000<br />Category: Basecalling<br />Prop: 0.000000000<br />Count: 0 <br /> Percent: 0", "count: 0.000000000<br />Category: Normalisation<br />Prop: 0.000000000<br />Count: 0 <br /> Percent: 0", "count: 0.000000000<br />Category: Quality Filtering<br />Prop: 0.000000000<br />Count: 0 <br /> Percent: 0", "count: 0.000000000<br />Category: polyA Length Estimation<br />Prop: 0.000000000<br />Count: 0 <br /> Percent: 0"],
      "type": "bar",
      "textposition": "none",
      "marker": {
        "autocolorscale": false,
        "color": "rgba(159,199,81,1)",
        "line": {
          "width": 1.88976377952756,
          "color": "transparent"
        }
      },
      "showlegend": false,
      "xaxis": "x",
      "yaxis": "y",
      "hoverinfo": "text",
      "frame": null
    }
  ],
  "layout": {
    "margin": {
      "t": 50,
      "r": 40,
      "b": 90,
      "l": 70
    },
    "font": {
      "color": "rgba(0,0,0,1)",
      "family": "",
      "size": 18.5969281859693
    },
    "title": {
      "text": "<b> 10X Genomics focused <\/b>",
      "font": {
        "color": "rgba(0,0,0,1)",
        "family": "",
        "size": 15.9402241594022
      },
      "x": 0,
      "xref": "paper"
    },
    "xaxis": {
      "domain": [0, 1],
      "automargin": true,
      "type": "category",
      "autorange": true,
      "range": [0.4, 31.6],
      "tickmode": "auto",
      "ticktext": ["Denovo Assembly", "Tested On Human Data", "SNP And Variant Analysis", "Quality Checking", "Availablity Of Test Data", "Generating Consensus Sequence", "Scaffolding", "Alignment", "Error Correction And Polishing", "Provide Summary Statistics", "Tested On Non Human Data", "Suitable For Single Cell Experiments", "Analysis Pipelines", "Demultiplexing", "Metagenomics", "Isoform Detection", "Long Read Overlapping", "Simulators", "Taxonomic Classification", "Visualisation", "Evaluating Exisiting Methods", "Gap Filling", "Quality Trimming", "Read Quantification", "Transcriptomics", "fast5 File Processing", "Base Modification Detection", "Basecalling", "Normalisation", "Quality Filtering", "polyA Length Estimation"],
      "tickvals": [1, 2, 3, 4, 5, 6, 7, 8, 9, 10, 11, 12, 13, 14, 15, 16, 17, 18, 19, 20, 21, 22, 23, 24, 25, 26, 27, 28, 29, 30, 31],
      "categoryorder": "array",