{
  "data": [
    {
      "orientation": "v",
      "width": [0.89999999999999991, 0.90000000000000013, 0.90000000000000036, 0.90000000000000036, 0.90000000000000036, 0.90000000000000036, 0.90000000000000036, 0.89999999999999947, 0.89999999999999858, 0.89999999999999858, 0.89999999999999858, 0.89999999999999858, 0.89999999999999858, 0.89999999999999858, 0.89999999999999858, 0.89999999999999858, 0.89999999999999858, 0.89999999999999858, 0.89999999999999858, 0.89999999999999858, 0.89999999999999858, 0.89999999999999858, 0.89999999999999858, 0.89999999999999858, 0.89999999999999858, 0.89999999999999858, 0.89999999999999858, 0.89999999999999858, 0.89999999999999858, 0.89999999999999858, 0.89999999999999858],
      "base": [0, 0, 0, 0, 0, 0, 0, 0, 0, 0, 0, 0, 0, 0, 0, 0, 0, 0, 0, 0, 0, 0, 0, 0, 0, 0, 0, 0, 0, 0, 0],
      "x": ["Tested On Human Data", "Availablity Of Test Data", "Tested On Non Human Data", "Analysis Pipelines", "SNP And Variant Analysis", "Alignment", "Error Correction And Polishing", "Transcriptomics", "Denovo Assembly", "Visualisation", "Base Modification Detection", "Generating Consensus Sequence", "Quality Checking", "Provide Summary Statistics", "Isoform Detection", "Basecalling", "Metagenomics", "Read Quantification", "Taxonomic Classification", "fast5 File Processing", "Long Read Overlapping", "Scaffolding", "Demultiplexing", "Quality Filtering", "Simulators", "Quality Trimming", "Suitable For Single Cell Experiments", "Gap Filling", "Evaluating Exisiting Methods", "polyA Length Estimation", "Normalisation"],
      "y": [0.20454545454545456, 0.19976076555023922, 0.19377990430622011, 0.18301435406698566, 0.16985645933014354, 0.15430622009569378, 0.14473684210526316, 0.13397129186602871, 0.12081339712918661, 0.10526315789473684, 0.089712918660287078, 0.089712918660287078, 0.078947368421052627, 0.077751196172248807, 0.075358851674641153, 0.065789473684210523, 0.061004784688995214, 0.043062200956937802, 0.035885167464114832, 0.033492822966507178, 0.029904306220095694, 0.029904306220095694, 0.02751196172248804, 0.02751196172248804, 0.026315789473684209, 0.025119617224880382, 0.023923444976076555, 0.021531100478468901, 0.019138755980861243, 0.0083732057416267946, 0.0059808612440191387],
      "text": ["count: 0.204545455<br />Category: Tested On Human Data<br />Prop: 0.204545455<br />Count: 171 <br /> Percent: 20.5", "count: 0.199760766<br />Category: Availablity Of Test Data<br />Prop: 0.199760766<br />Count: 167 <br /> Percent: 20", "count: 0.193779904<br />Category: Tested On Non Human Data<br />Prop: 0.193779904<br />Count: 162 <br /> Percent: 19.4", "count: 0.183014354<br />Category: Analysis Pipelines<br />Prop: 0.183014354<br />Count: 153 <br /> Percent: 18.3", "count: 0.169856459<br />Category: SNP And Variant Analysis<br />Prop: 0.169856459<br />Count: 142 <br /> Percent: 17", "count: 0.154306220<br />Category: Alignment<br />Prop: 0.154306220<br />Count: 129 <br /> Percent: 15.4", "count: 0.144736842<br />Category: Error Correction And Polishing<br />Prop: 0.144736842<br />Count: 121 <br /> Percent: 14.5", "count: 0.133971292<br />Category: Transcriptomics<br />Prop: 0.133971292<br />Count: 112 <br /> Percent: 13.4", "count: 0.120813397<br />Category: Denovo Assembly<br />Prop: 0.120813397<br />Count: 101 <br /> Percent: 12.1", "count: 0.105263158<br />Category: Visualisation<br />Prop: 0.105263158<br />Count: 88 <br /> Percent: 10.5", "count: 0.089712919<br />Category: Base Modification Detection<br />Prop: 0.089712919<br />Count: 75 <br /> Percent: 9", "count: 0.089712919<br />Category: Generating Consensus Sequence<br />Prop: 0.089712919<br />Count: 75 <br /> Percent: 9", "count: 0.078947368<br />Category: Quality Checking<br />Prop: 0.078947368<br />Count: 66 <br /> Percent: 7.9", "count: 0.077751196<br />Category: Provide Summary Statistics<br />Prop: 0.077751196<br />Count: 65 <br /> Percent: 7.8", "count: 0.075358852<br />Category: Isoform Detection<br />Prop: 0.075358852<br />Count: 63 <br /> Percent: 7.5", "count: 0.065789474<br />Category: Basecalling<br />Prop: 0.065789474<br />Count: 55 <br /> Percent: 6.6", "count: 0.061004785<br />Category: Metagenomics<br />Prop: 0.061004785<br />Count: 51 <br /> Percent: 6.1", "count: 0.043062201<br />Category: Read Quantification<br />Prop: 0.043062201<br />Count: 36 <br /> Percent: 4.3", "count: 0.035885167<br />Category: Taxonomic Classification<br />Prop: 0.035885167<br />Count: 30 <br /> Percent: 3.6", "count: 0.033492823<br />Category: fast5 File Processing<br />Prop: 0.033492823<br />Count: 28 <br /> Percent: 3.3", "count: 0.029904306<br />Category: Long Read Overlapping<br />Prop: 0.029904306<br />Count: 25 <br /> Percent: 3", "count: 0.029904306<br />Category: Scaffolding<br />Prop: 0.029904306<br />Count: 25 <br /> Percent: 3", "count: 0.027511962<br />Category: Demultiplexing<br />Prop: 0.027511962<br />Count: 23 <br /> Percent: 2.8", "count: 0.027511962<br />Category: Quality Filtering<br />Prop: 0.027511962<br />Count: 23 <br /> Percent: 2.8", "count: 0.026315789<br />Category: Simulators<br />Prop: 0.026315789<br />Count: 22 <br /> Percent: 2.6", "count: 0.025119617<br />Category: Quality Trimming<br />Prop: 0.025119617<br />Count: 21 <br /> Percent: 2.5", "count: 0.023923445<br />Category: Suitable For Single Cell Experiments<br />Prop: 0.023923445<br />Count: 20 <br /> Percent: 2.4", "count: 0.021531100<br />Category: Gap Filling<br />Prop: 0.021531100<br />Count: 18 <br /> Percent: 2.2", "count: 0.019138756<br />Category: Evaluating Exisiting Methods<br />Prop: 0.019138756<br />Count: 16 <br /> Percent: 1.9", "count: 0.008373206<br />Category: polyA Length Estimation<br />Prop: 0.008373206<br />Count: 7 <br /> Percent: 0.8", "count: 0.005980861<br />Category: Normalisation<br />Prop: 0.005980861<br />Count: 5 <br /> Percent: 0.6"],
      "type": "bar",
      "textposition": "none",
      "marker": {
        "autocolorscale": false,
        "color": "rgba(159,199,81,1)",
        "line": {
          "width": 1.8897637795275593,
          "color": "transparent"
        }
      },
      "showlegend": false,
      "xaxis": "x",
      "yaxis": "y",
      "hoverinfo": "text",
      "frame": null
    }
  ],
  "layout": {
    "margin": {
      "t": 50,
      "r": 40,
      "b": 90,
      "l": 70
    },
    "font": {
      "color": "rgba(0,0,0,1)",
      "family": "",
      "size": 18.596928185969279
    },
    "title": {
      "text": "<b> Oxford Nanopore focused <\/b>",
      "font": {
        "color": "rgba(0,0,0,1)",
        "family": "",
        "size": 15.940224159402243
      },
      "x": 0,
      "xref": "paper"
    },
    "xaxis": {
      "domain": [0, 1],
      "automargin": true,
      "type": "category",
      "autorange": true,
      "range": [0.40000000000000002, 31.600000000000001],
      "tickmode": "auto",
      "ticktext": ["Tested On Human Data", "Availablity Of Test Data", "Tested On Non Human Data", "Analysis Pipelines", "SNP And Variant Analysis", "Alignment", "Error Correction And Polishing", "Transcriptomics", "Denovo Assembly", "Visualisation", "Base Modification Detection", "Generating Consensus Sequence", "Quality Checking", "Provide Summary Statistics", "Isoform Detection", "Basecalling", "Metagenomics", "Read Quantification", "Taxonomic Classification", "fast5 File Processing", "Long Read Overlapping", "Scaffolding", "Demultiplexing", "Quality Filtering", "Simulators", "Quality Trimming", "Suitable For Single Cell Experiments", "Gap Filling", "Evaluating Exisiting Methods", "polyA Length Estimation", "Normalisation"],
      "tickvals": [1, 2, 3, 4, 5, 6, 7, 8, 9, 10, 11, 12, 13, 14, 15, 16, 17, 18, 19, 20, 21, 22, 23, 24, 25, 26, 27, 28, 29, 30, 31],
      "categoryorder": "array",