{
  "data": [
    {
      "orientation": "v",
      "width": [0.89999999999999991, 0.90000000000000013, 0.90000000000000036, 0.90000000000000036, 0.90000000000000036, 0.90000000000000036, 0.90000000000000036, 0.89999999999999947, 0.89999999999999858, 0.89999999999999858, 0.89999999999999858, 0.89999999999999858, 0.89999999999999858, 0.89999999999999858, 0.89999999999999858, 0.89999999999999858, 0.89999999999999858, 0.89999999999999858, 0.89999999999999858, 0.89999999999999858, 0.89999999999999858, 0.89999999999999858, 0.89999999999999858, 0.89999999999999858, 0.89999999999999858, 0.89999999999999858, 0.89999999999999858, 0.89999999999999858, 0.89999999999999858, 0.89999999999999858, 0.89999999999999858],
      "base": [0, 0, 0, 0, 0, 0, 0, 0, 0, 0, 0, 0, 0, 0, 0, 0, 0, 0, 0, 0, 0, 0, 0, 0, 0, 0, 0, 0, 0, 0, 0],
      "x": ["Tested On Human Data", "Availablity Of Test Data", "SNP And Variant Analysis", "Analysis Pipelines", "Tested On Non Human Data", "Denovo Assembly", "Transcriptomics", "Error Correction And Polishing", "Alignment", "Isoform Detection", "Generating Consensus Sequence", "Visualisation", "Quality Checking", "Metagenomics", "Provide Summary Statistics", "Read Quantification", "Base Modification Detection", "Suitable For Single Cell Experiments", "Scaffolding", "Long Read Overlapping", "Gap Filling", "Taxonomic Classification", "Simulators", "Quality Filtering", "Quality Trimming", "Demultiplexing", "Evaluating Exisiting Methods", "polyA Length Estimation", "Basecalling", "Normalisation", "fast5 File Processing"],
      "y": [0.17576318223866791, 0.17483811285846437, 0.16558741905642924, 0.1332099907493062, 0.12950971322849214, 0.11285846438482887, 0.11193339500462535, 0.11100832562442182, 0.093432007400555045, 0.074930619796484743, 0.072155411655874191, 0.056429232192414434, 0.038852913968547641, 0.03515263644773358, 0.03330249768732655, 0.032377428307123035, 0.03145235892691952, 0.02960222016651249, 0.026827012025901941, 0.022201665124884366, 0.01757631822386679, 0.01757631822386679, 0.014801110083256245, 0.012950971322849213, 0.012025901942645698, 0.0083256244218316375, 0.0074005550416281225, 0.0055504162812210914, 0.0046253469010175763, 0.0037002775208140612, 0.00092506938020351531],
      "text": ["count: 0.1757631822<br />Category: Tested On Human Data<br />Prop: 0.1757631822<br />Count: 190 <br /> Percent: 17.6", "count: 0.1748381129<br />Category: Availablity Of Test Data<br />Prop: 0.1748381129<br />Count: 189 <br /> Percent: 17.5", "count: 0.1655874191<br />Category: SNP And Variant Analysis<br />Prop: 0.1655874191<br />Count: 179 <br /> Percent: 16.6", "count: 0.1332099907<br />Category: Analysis Pipelines<br />Prop: 0.1332099907<br />Count: 144 <br /> Percent: 13.3", "count: 0.1295097132<br />Category: Tested On Non Human Data<br />Prop: 0.1295097132<br />Count: 140 <br /> Percent: 13", "count: 0.1128584644<br />Category: Denovo Assembly<br />Prop: 0.1128584644<br />Count: 122 <br /> Percent: 11.3", "count: 0.1119333950<br />Category: Transcriptomics<br />Prop: 0.1119333950<br />Count: 121 <br /> Percent: 11.2", "count: 0.1110083256<br />Category: Error Correction And Polishing<br />Prop: 0.1110083256<br />Count: 120 <br /> Percent: 11.1", "count: 0.0934320074<br />Category: Alignment<br />Prop: 0.0934320074<br />Count: 101 <br /> Percent: 9.3", "count: 0.0749306198<br />Category: Isoform Detection<br />Prop: 0.0749306198<br />Count: 81 <br /> Percent: 7.5", "count: 0.0721554117<br />Category: Generating Consensus Sequence<br />Prop: 0.0721554117<br />Count: 78 <br /> Percent: 7.2", "count: 0.0564292322<br />Category: Visualisation<br />Prop: 0.0564292322<br />Count: 61 <br /> Percent: 5.6", "count: 0.0388529140<br />Category: Quality Checking<br />Prop: 0.0388529140<br />Count: 42 <br /> Percent: 3.9", "count: 0.0351526364<br />Category: Metagenomics<br />Prop: 0.0351526364<br />Count: 38 <br /> Percent: 3.5", "count: 0.0333024977<br />Category: Provide Summary Statistics<br />Prop: 0.0333024977<br />Count: 36 <br /> Percent: 3.3", "count: 0.0323774283<br />Category: Read Quantification<br />Prop: 0.0323774283<br />Count: 35 <br /> Percent: 3.2", "count: 0.0314523589<br />Category: Base Modification Detection<br />Prop: 0.0314523589<br />Count: 34 <br /> Percent: 3.1", "count: 0.0296022202<br />Category: Suitable For Single Cell Experiments<br />Prop: 0.0296022202<br />Count: 32 <br /> Percent: 3", "count: 0.0268270120<br />Category: Scaffolding<br />Prop: 0.0268270120<br />Count: 29 <br /> Percent: 2.7", "count: 0.0222016651<br />Category: Long Read Overlapping<br />Prop: 0.0222016651<br />Count: 24 <br /> Percent: 2.2", "count: 0.0175763182<br />Category: Gap Filling<br />Prop: 0.0175763182<br />Count: 19 <br /> Percent: 1.8", "count: 0.0175763182<br />Category: Taxonomic Classification<br />Prop: 0.0175763182<br />Count: 19 <br /> Percent: 1.8", "count: 0.0148011101<br />Category: Simulators<br />Prop: 0.0148011101<br />Count: 16 <br /> Percent: 1.5", "count: 0.0129509713<br />Category: Quality Filtering<br />Prop: 0.0129509713<br />Count: 14 <br /> Percent: 1.3", "count: 0.0120259019<br />Category: Quality Trimming<br />Prop: 0.0120259019<br />Count: 13 <br /> Percent: 1.2", "count: 0.0083256244<br />Category: Demultiplexing<br />Prop: 0.0083256244<br />Count: 9 <br /> Percent: 0.8", "count: 0.0074005550<br />Category: Evaluating Exisiting Methods<br />Prop: 0.0074005550<br />Count: 8 <br /> Percent: 0.7", "count: 0.0055504163<br />Category: polyA Length Estimation<br />Prop: 0.0055504163<br />Count: 6 <br /> Percent: 0.6", "count: 0.0046253469<br />Category: Basecalling<br />Prop: 0.0046253469<br />Count: 5 <br /> Percent: 0.5", "count: 0.0037002775<br />Category: Normalisation<br />Prop: 0.0037002775<br />Count: 4 <br /> Percent: 0.4", "count: 0.0009250694<br />Category: fast5 File Processing<br />Prop: 0.0009250694<br />Count: 1 <br /> Percent: 0.1"],
      "type": "bar",
      "textposition": "none",
      "marker": {
        "autocolorscale": false,
        "color": "rgba(159,199,81,1)",
        "line": {
          "width": 1.8897637795275593,
          "color": "transparent"
        }
      },
      "showlegend": false,
      "xaxis": "x",
      "yaxis": "y",
      "hoverinfo": "text",
      "frame": null
    }
  ],
  "layout": {
    "margin": {
      "t": 50,
      "r": 40,
      "b": 90,
      "l": 70
    },
    "font": {
      "color": "rgba(0,0,0,1)",
      "family": "",
      "size": 18.596928185969279
    },
    "title": {
      "text": "<b> PacBio focused <\/b>",
      "font": {
        "color": "rgba(0,0,0,1)",
        "family": "",
        "size": 15.940224159402243
      },
      "x": 0,
      "xref": "paper"
    },
    "xaxis": {
      "domain": [0, 1],
      "automargin": true,
      "type": "category",
      "autorange": true,
      "range": [0.40000000000000002, 31.600000000000001],
      "tickmode": "auto",
      "ticktext": ["Tested On Human Data", "Availablity Of Test Data", "SNP And Variant Analysis", "Analysis Pipelines", "Tested On Non Human Data", "Denovo Assembly", "Transcriptomics", "Error Correction And Polishing", "Alignment", "Isoform Detection", "Generating Consensus Sequence", "Visualisation", "Quality Checking", "Metagenomics", "Provide Summary Statistics", "Read Quantification", "Base Modification Detection", "Suitable For Single Cell Experiments", "Scaffolding", "Long Read Overlapping", "Gap Filling", "Taxonomic Classification", "Simulators", "Quality Filtering", "Quality Trimming", "Demultiplexing", "Evaluating Exisiting Methods", "polyA Length Estimation", "Basecalling", "Normalisation", "fast5 File Processing"],
      "tickvals": [1, 2, 3, 4, 5, 6, 7, 8, 9, 10, 11, 12, 13, 14, 15, 16, 17, 18, 19, 20, 21, 22, 23, 24, 25, 26, 27, 28, 29, 30, 31],
      "categoryorder": "array",