{
  "data": [
    {
      "orientation": "v",
      "width": [0.9, 0.9, 0.9, 0.9, 0.9, 0.9, 0.9, 0.899999999999999, 0.899999999999999, 0.899999999999999, 0.899999999999999, 0.899999999999999, 0.899999999999999, 0.899999999999999, 0.899999999999999, 0.899999999999999, 0.899999999999999, 0.899999999999999, 0.899999999999999, 0.899999999999999, 0.899999999999999, 0.899999999999999, 0.899999999999999, 0.899999999999999, 0.899999999999999, 0.899999999999999, 0.899999999999999, 0.899999999999999, 0.899999999999999, 0.899999999999999, 0.899999999999999, 0.900000000000002, 0.900000000000006, 0.900000000000006, 0.900000000000006],
      "base": [0, 0, 0, 0, 0, 0, 0, 0, 0, 0, 0, 0, 0, 0, 0, 0, 0, 0, 0, 0, 0, 0, 0, 0, 0, 0, 0, 0, 0, 0, 0, 0, 0, 0, 0],
      "x": [1, 2, 3, 4, 5, 6, 7, 8, 9, 10, 11, 12, 13, 14, 15, 16, 17, 18, 19, 20, 21, 22, 23, 24, 25, 26, 27, 28, 29, 30, 31, 32, 33, 34, 35],
      "y": [0.197058823529412, 0.192647058823529, 0.191176470588235, 0.189705882352941, 0.169117647058824, 0.160294117647059, 0.147058823529412, 0.142647058823529, 0.139705882352941, 0.104411764705882, 0.1, 0.0926470588235294, 0.0897058823529412, 0.0882352941176471, 0.0823529411764706, 0.0705882352941176, 0.0632352941176471, 0.0441176470588235, 0.0411764705882353, 0.0338235294117647, 0.0323529411764706, 0.0323529411764706, 0.0308823529411765, 0.0308823529411765, 0.0264705882352941, 0.0264705882352941, 0.0235294117647059, 0.0220588235294118, 0.0161764705882353, 0.0117647058823529, 0.0117647058823529, 0.00588235294117647, 0.00588235294117647, 0.00441176470588235, 0.00441176470588235],
      "text": ["Category: Tested On Non Human Data<br />Count: 134 <br /> Percent: 19.7", "Category: Error Correction And Polishing<br />Count: 131 <br /> Percent: 19.3", "Category: Tested On Human Data<br />Count: 130 <br /> Percent: 19.1", "Category: SNP And Variant Analysis<br />Count: 129 <br /> Percent: 19", "Category: Denovo Assembly<br />Count: 115 <br /> Percent: 16.9", "Category: Transcriptomics<br />Count: 109 <br /> Percent: 16", "Category: Alignment<br />Count: 100 <br /> Percent: 14.7", "Category: Availablity Of Test Data<br />Count: 97 <br /> Percent: 14.3", "Category: Analysis Pipelines<br />Count: 95 <br /> Percent: 14", "Category: Generating Consensus Sequence<br />Count: 71 <br /> Percent: 10.4", "Category: Visualisation<br />Count: 68 <br /> Percent: 10", "Category: Base Modification Detection<br />Count: 63 <br /> Percent: 9.3", "Category: Quality Checking<br />Count: 61 <br /> Percent: 9", "Category: Provide Summary Statistics<br />Count: 60 <br /> Percent: 8.8", "Category: Isoform Detection<br />Count: 56 <br /> Percent: 8.2", "Category: Basecalling<br />Count: 48 <br /> Percent: 7.1", "Category: Metagenomics<br />Count: 43 <br /> Percent: 6.3", "Category: Scaffolding<br />Count: 30 <br /> Percent: 4.4", "Category: Read Quantification<br />Count: 28 <br /> Percent: 4.1", "Category: Simulators<br />Count: 23 <br /> Percent: 3.4", "Category: Demultiplexing<br />Count: 22 <br /> Percent: 3.2", "Category: Taxonomic Classification<br />Count: 22 <br /> Percent: 3.2", "Category: Quality Filtering<br />Count: 21 <br /> Percent: 3.1", "Category: Quality Trimming<br />Count: 21 <br /> Percent: 3.1", "Category: Gap Filling<br />Count: 18 <br /> Percent: 2.6", "Category: Long Read Overlapping<br />Count: 18 <br /> Percent: 2.6", "Category: fast5 File Processing<br />Count: 16 <br /> Percent: 2.4", "Category: Suitable For Single Cell Experiments<br />Count: 15 <br /> Percent: 2.2", "Category: Evaluating Exisiting Methods<br />Count: 11 <br /> Percent: 1.6", "Category: polyA Length Estimation<br />Count: 8 <br /> Percent: 1.2", "Category: RNAStructure<br />Count: 8 <br /> Percent: 1.2", "Category: Data Structures<br />Count: 4 <br /> Percent: 0.6", "Category: Fusion Detection<br />Count: 4 <br /> Percent: 0.6", "Category: Coexpression Analysis<br />Count: 3 <br /> Percent: 0.4", "Category: Normalisation<br />Count: 3 <br /> Percent: 0.4"],
      "type": "bar",
      "textposition": "none",
      "marker": {
        "autocolorscale": false,
        "color": "rgba(89,115,37,1)",
        "line": {
          "width": 1.88976377952756,
          "color": "transparent"
        }
      },
      "showlegend": false,
      "xaxis": "x",
      "yaxis": "y",
      "hoverinfo": "text",
      "frame": null
    }
  ],
  "layout": {
    "margin": {
      "t": 50,
      "r": 10,
      "b": 200,
      "l": 80
    },
    "font": {
      "color": "rgba(0,0,0,1)",
      "family": "",
      "size": 18.5969281859693
    },
    "title": {
      "text": "<b> Categories <\/b>",
      "font": {
        "color": "rgba(0,0,0,1)",
        "family": "",
        "size": 26.5670402656704
      },
      "x": 0,
      "xref": "paper"
    },
    "xaxis": {
      "domain": [0, 1],
      "automargin": true,
      "type": "linear",
      "autorange": false,
      "range": [0.4, 35.6],
      "tickmode": "array",
      "ticktext": ["Tested On Non Human Data", "Error Correction And Polishing", "Tested On Human Data", "SNP And Variant Analysis", "Denovo Assembly", "Transcriptomics", "Alignment", "Availablity Of Test Data", "Analysis Pipelines", "Generating Consensus Sequence", "Visualisation", "Base Modification Detection", "Quality Checking", "Provide Summary Statistics", "Isoform Detection", "Basecalling", "Metagenomics", "Scaffolding", "Read Quantification", "Simulators", "Demultiplexing", "Taxonomic Classification", "Quality Filtering", "Quality Trimming", "Gap Filling", "Long Read Overlapping", "fast5 File Processing", "Suitable For Single Cell Experiments", "Evaluating Exisiting Methods", "polyA Length Estimation", "RNAStructure", "Data Structures", "Fusion Detection", "Coexpression Analysis", "Normalisation"],
      "tickvals": [1, 2, 3, 4, 5, 6, 7, 8, 9, 10, 11, 12, 13, 14, 15, 16, 17, 18, 19, 20, 21, 22, 23, 24, 25, 26, 27, 28, 29, 30, 31, 32, 33, 34, 35],
      "categoryorder": "array",
      "categoryarray": ["Tested On Non Human Data", "Error Correction And Polishing", "Tested On Human Data", "SNP And Variant Analysis", "Denovo Assembly", "Transcriptomics", "Alignment", "Availablity Of Test Data", "Analysis Pipelines", "Generating Consensus Sequence", "Visualisation", "Base Modification Detection", "Quality Checking", "Provide Summary Statistics", "Isoform Detection", "Basecalling", "Metagenomics", "Scaffolding", "Read Quantification", "Simulators", "Demultiplexing", "Taxonomic Classification", "Quality Filtering", "Quality Trimming", "Gap Filling", "Long Read Overlapping", "fast5 File Processing", "Suitable For Single Cell Experiments", "Evaluating Exisiting Methods", "polyA Length Estimation", "RNAStructure", "Data Structures", "Fusion Detection", "Coexpression Analysis", "Normalisation"],
      "nticks": null,
      "ticks": "outside",
      "tickcolor": "rgba(0,0,0,1)",
      "ticklen": 4.64923204649232,
      "tickwidth": 0.66417600664176,
      "showticklabels": true,
      "tickfont": {
        "color": "rgba(0,0,0,1)",
        "family": "",
        "size": 10.6268161062682
      },
      "tickangle": -60,
      "showline": true,
      "linecolor": "rgba(0,0,0,1)",
      "linewidth": 0.66417600664176,
      "showgrid": false,
      "gridcolor": null,
      "gridwidth": 0,
      "zeroline": false,
      "anchor": "y",
      "title": {
        "text": "",
        "font": {
          "color": null,
          "family": null,
          "size": 0
        }
      },
      "hoverformat": ".2f"
    },
    "yaxis": {
      "domain": [0, 1],
      "automargin": true,
      "type": "linear",
      "autorange": false,
      "range": [-0.00985294117647059, 0.206911764705882],
      "tickmode": "array",
      "ticktext": ["0%", "5%", "10%", "15%", "20%"],
      "tickvals": [0, 0.05, 0.1, 0.15, 0.2],
      "categoryorder": "array",
      "categoryarray": ["0%", "5%", "10%", "15%", "20%"],
      "nticks": null,
      "ticks": "outside",
      "tickcolor": "rgba(0,0,0,1)",
      "ticklen": 4.64923204649232,