{
  "data": [
    {
      "orientation": "v",
      "width": [0.9, 0.9, 0.9, 0.9, 0.9, 0.9, 0.9, 0.899999999999999, 0.899999999999999, 0.899999999999999, 0.899999999999999, 0.899999999999999, 0.899999999999999, 0.899999999999999, 0.899999999999999, 0.899999999999999, 0.899999999999999, 0.899999999999999, 0.899999999999999, 0.899999999999999, 0.899999999999999, 0.899999999999999, 0.899999999999999, 0.899999999999999, 0.899999999999999, 0.899999999999999, 0.899999999999999, 0.899999999999999, 0.899999999999999, 0.899999999999999, 0.899999999999999],
      "base": [0, 0, 0, 0, 0, 0, 0, 0, 0, 0, 0, 0, 0, 0, 0, 0, 0, 0, 0, 0, 0, 0, 0, 0, 0, 0, 0, 0, 0, 0, 0],
      "x": ["Tested On Non Human Data", "SNP And Variant Analysis", "Tested On Human Data", "Error Correction And Polishing", "Alignment", "Analysis Pipelines", "Denovo Assembly", "Transcriptomics", "Availablity Of Test Data", "Visualisation", "Quality Checking", "Provide Summary Statistics", "Base Modification Detection", "Generating Consensus Sequence", "Basecalling", "Metagenomics", "Isoform Detection", "Read Quantification", "Taxonomic Classification", "Quality Filtering", "Scaffolding", "Simulators", "Demultiplexing", "Quality Trimming", "fast5 File Processing", "Suitable For Single Cell Experiments", "Gap Filling", "Long Read Overlapping", "Evaluating Exisiting Methods", "polyA Length Estimation", "Normalisation"],
      "y": [0.168195718654434, 0.157492354740061, 0.157492354740061, 0.151376146788991, 0.125382262996942, 0.123853211009174, 0.123853211009174, 0.123853211009174, 0.113149847094801, 0.0932721712538226, 0.0840978593272171, 0.0795107033639144, 0.0779816513761468, 0.0749235474006116, 0.0657492354740061, 0.0626911314984709, 0.0611620795107034, 0.0397553516819572, 0.0321100917431193, 0.0275229357798165, 0.0275229357798165, 0.0259938837920489, 0.0244648318042813, 0.0244648318042813, 0.0214067278287462, 0.0214067278287462, 0.0198776758409786, 0.018348623853211, 0.0168195718654434, 0.00917431192660551, 0.00458715596330275],
      "text": ["count: 0.168195719<br />Category: Tested On Non Human Data<br />Prop: 0.168195719<br />Count: 110 <br /> Percent: 16.8", "count: 0.157492355<br />Category: SNP And Variant Analysis<br />Prop: 0.157492355<br />Count: 103 <br /> Percent: 15.7", "count: 0.157492355<br />Category: Tested On Human Data<br />Prop: 0.157492355<br />Count: 103 <br /> Percent: 15.7", "count: 0.151376147<br />Category: Error Correction And Polishing<br />Prop: 0.151376147<br />Count: 99 <br /> Percent: 15.1", "count: 0.125382263<br />Category: Alignment<br />Prop: 0.125382263<br />Count: 82 <br /> Percent: 12.5", "count: 0.123853211<br />Category: Analysis Pipelines<br />Prop: 0.123853211<br />Count: 81 <br /> Percent: 12.4", "count: 0.123853211<br />Category: Denovo Assembly<br />Prop: 0.123853211<br />Count: 81 <br /> Percent: 12.4", "count: 0.123853211<br />Category: Transcriptomics<br />Prop: 0.123853211<br />Count: 81 <br /> Percent: 12.4", "count: 0.113149847<br />Category: Availablity Of Test Data<br />Prop: 0.113149847<br />Count: 74 <br /> Percent: 11.3", "count: 0.093272171<br />Category: Visualisation<br />Prop: 0.093272171<br />Count: 61 <br /> Percent: 9.3", "count: 0.084097859<br />Category: Quality Checking<br />Prop: 0.084097859<br />Count: 55 <br /> Percent: 8.4", "count: 0.079510703<br />Category: Provide Summary Statistics<br />Prop: 0.079510703<br />Count: 52 <br /> Percent: 8", "count: 0.077981651<br />Category: Base Modification Detection<br />Prop: 0.077981651<br />Count: 51 <br /> Percent: 7.8", "count: 0.074923547<br />Category: Generating Consensus Sequence<br />Prop: 0.074923547<br />Count: 49 <br /> Percent: 7.5", "count: 0.065749235<br />Category: Basecalling<br />Prop: 0.065749235<br />Count: 43 <br /> Percent: 6.6", "count: 0.062691131<br />Category: Metagenomics<br />Prop: 0.062691131<br />Count: 41 <br /> Percent: 6.3", "count: 0.061162080<br />Category: Isoform Detection<br />Prop: 0.061162080<br />Count: 40 <br /> Percent: 6.1", "count: 0.039755352<br />Category: Read Quantification<br />Prop: 0.039755352<br />Count: 26 <br /> Percent: 4", "count: 0.032110092<br />Category: Taxonomic Classification<br />Prop: 0.032110092<br />Count: 21 <br /> Percent: 3.2", "count: 0.027522936<br />Category: Quality Filtering<br />Prop: 0.027522936<br />Count: 18 <br /> Percent: 2.8", "count: 0.027522936<br />Category: Scaffolding<br />Prop: 0.027522936<br />Count: 18 <br /> Percent: 2.8", "count: 0.025993884<br />Category: Simulators<br />Prop: 0.025993884<br />Count: 17 <br /> Percent: 2.6", "count: 0.024464832<br />Category: Demultiplexing<br />Prop: 0.024464832<br />Count: 16 <br /> Percent: 2.4", "count: 0.024464832<br />Category: Quality Trimming<br />Prop: 0.024464832<br />Count: 16 <br /> Percent: 2.4", "count: 0.021406728<br />Category: fast5 File Processing<br />Prop: 0.021406728<br />Count: 14 <br /> Percent: 2.1", "count: 0.021406728<br />Category: Suitable For Single Cell Experiments<br />Prop: 0.021406728<br />Count: 14 <br /> Percent: 2.1", "count: 0.019877676<br />Category: Gap Filling<br />Prop: 0.019877676<br />Count: 13 <br /> Percent: 2", "count: 0.018348624<br />Category: Long Read Overlapping<br />Prop: 0.018348624<br />Count: 12 <br /> Percent: 1.8", "count: 0.016819572<br />Category: Evaluating Exisiting Methods<br />Prop: 0.016819572<br />Count: 11 <br /> Percent: 1.7", "count: 0.009174312<br />Category: polyA Length Estimation<br />Prop: 0.009174312<br />Count: 6 <br /> Percent: 0.9", "count: 0.004587156<br />Category: Normalisation<br />Prop: 0.004587156<br />Count: 3 <br /> Percent: 0.5"],
      "type": "bar",
      "textposition": "none",
      "marker": {
        "autocolorscale": false,
        "color": "rgba(159,199,81,1)",
        "line": {
          "width": 1.88976377952756,
          "color": "transparent"
        }
      },
      "showlegend": false,
      "xaxis": "x",
      "yaxis": "y",
      "hoverinfo": "text",
      "frame": null
    }
  ],
  "layout": {
    "margin": {
      "t": 50,
      "r": 40,
      "b": 90,
      "l": 70
    },
    "font": {
      "color": "rgba(0,0,0,1)",
      "family": "",
      "size": 18.5969281859693
    },
    "title": {
      "text": "<b> Oxford Nanopore focused <\/b>",
      "font": {
        "color": "rgba(0,0,0,1)",
        "family": "",
        "size": 15.9402241594022
      },
      "x": 0,
      "xref": "paper"
    },
    "xaxis": {
      "domain": [0, 1],
      "automargin": true,
      "type": "category",
      "autorange": true,
      "range": [0.4, 31.6],
      "tickmode": "auto",
      "ticktext": ["Tested On Non Human Data", "SNP And Variant Analysis", "Tested On Human Data", "Error Correction And Polishing", "Alignment", "Analysis Pipelines", "Denovo Assembly", "Transcriptomics", "Availablity Of Test Data", "Visualisation", "Quality Checking", "Provide Summary Statistics", "Base Modification Detection", "Generating Consensus Sequence", "Basecalling", "Metagenomics", "Isoform Detection", "Read Quantification", "Taxonomic Classification", "Quality Filtering", "Scaffolding", "Simulators", "Demultiplexing", "Quality Trimming", "fast5 File Processing", "Suitable For Single Cell Experiments", "Gap Filling", "Long Read Overlapping", "Evaluating Exisiting Methods", "polyA Length Estimation", "Normalisation"],
      "tickvals": [1, 2, 3, 4, 5, 6, 7, 8, 9, 10, 11, 12, 13, 14, 15, 16, 17, 18, 19, 20, 21, 22, 23, 24, 25, 26, 27, 28, 29, 30, 31],
      "categoryorder": "array",