{
  "data": [
    {
      "orientation": "v",
      "width": [0.9, 0.9, 0.9, 0.9, 0.9, 0.9, 0.9, 0.899999999999999, 0.899999999999999, 0.899999999999999, 0.899999999999999, 0.899999999999999, 0.899999999999999, 0.899999999999999, 0.899999999999999, 0.899999999999999, 0.899999999999999, 0.899999999999999, 0.899999999999999, 0.899999999999999, 0.899999999999999, 0.899999999999999, 0.899999999999999, 0.899999999999999, 0.899999999999999, 0.899999999999999, 0.899999999999999, 0.899999999999999, 0.899999999999999, 0.899999999999999, 0.899999999999999],
      "base": [0, 0, 0, 0, 0, 0, 0, 0, 0, 0, 0, 0, 0, 0, 0, 0, 0, 0, 0, 0, 0, 0, 0, 0, 0, 0, 0, 0, 0, 0, 0],
      "x": ["Denovo Assembly", "Quality Checking", "Tested On Non Human Data", "Tested On Human Data", "Error Correction And Polishing", "Generating Consensus Sequence", "Provide Summary Statistics", "SNP And Variant Analysis", "Alignment", "Long Read Overlapping", "Metagenomics", "Scaffolding", "Suitable For Single Cell Experiments", "Transcriptomics", "Visualisation", "Analysis Pipelines", "Availablity Of Test Data", "Evaluating Exisiting Methods", "Gap Filling", "Quality Trimming", "Read Quantification", "Taxonomic Classification", "Basecalling", "Base Modification Detection", "Demultiplexing", "fast5 File Processing", "Isoform Detection", "Normalisation", "polyA Length Estimation", "Quality Filtering", "Simulators"],
      "y": [0.0158730158730159, 0.0105820105820106, 0.0105820105820106, 0.00881834215167548, 0.00705467372134039, 0.00529100529100529, 0.00529100529100529, 0.00529100529100529, 0.00352733686067019, 0.00352733686067019, 0.00352733686067019, 0.00352733686067019, 0.00352733686067019, 0.00352733686067019, 0.00352733686067019, 0.0017636684303351, 0.0017636684303351, 0.0017636684303351, 0.0017636684303351, 0.0017636684303351, 0.0017636684303351, 0.0017636684303351, 0, 0, 0, 0, 0, 0, 0, 0, 0],
      "text": ["count: 0.015873016<br />Category: Denovo Assembly<br />Prop: 0.015873016<br />Count: 9 <br /> Percent: 1.6", "count: 0.010582011<br />Category: Quality Checking<br />Prop: 0.010582011<br />Count: 6 <br /> Percent: 1.1", "count: 0.010582011<br />Category: Tested On Non Human Data<br />Prop: 0.010582011<br />Count: 6 <br /> Percent: 1.1", "count: 0.008818342<br />Category: Tested On Human Data<br />Prop: 0.008818342<br />Count: 5 <br /> Percent: 0.9", "count: 0.007054674<br />Category: Error Correction And Polishing<br />Prop: 0.007054674<br />Count: 4 <br /> Percent: 0.7", "count: 0.005291005<br />Category: Generating Consensus Sequence<br />Prop: 0.005291005<br />Count: 3 <br /> Percent: 0.5", "count: 0.005291005<br />Category: Provide Summary Statistics<br />Prop: 0.005291005<br />Count: 3 <br /> Percent: 0.5", "count: 0.005291005<br />Category: SNP And Variant Analysis<br />Prop: 0.005291005<br />Count: 3 <br /> Percent: 0.5", "count: 0.003527337<br />Category: Alignment<br />Prop: 0.003527337<br />Count: 2 <br /> Percent: 0.4", "count: 0.003527337<br />Category: Long Read Overlapping<br />Prop: 0.003527337<br />Count: 2 <br /> Percent: 0.4", "count: 0.003527337<br />Category: Metagenomics<br />Prop: 0.003527337<br />Count: 2 <br /> Percent: 0.4", "count: 0.003527337<br />Category: Scaffolding<br />Prop: 0.003527337<br />Count: 2 <br /> Percent: 0.4", "count: 0.003527337<br />Category: Suitable For Single Cell Experiments<br />Prop: 0.003527337<br />Count: 2 <br /> Percent: 0.4", "count: 0.003527337<br />Category: Transcriptomics<br />Prop: 0.003527337<br />Count: 2 <br /> Percent: 0.4", "count: 0.003527337<br />Category: Visualisation<br />Prop: 0.003527337<br />Count: 2 <br /> Percent: 0.4", "count: 0.001763668<br />Category: Analysis Pipelines<br />Prop: 0.001763668<br />Count: 1 <br /> Percent: 0.2", "count: 0.001763668<br />Category: Availablity Of Test Data<br />Prop: 0.001763668<br />Count: 1 <br /> Percent: 0.2", "count: 0.001763668<br />Category: Evaluating Exisiting Methods<br />Prop: 0.001763668<br />Count: 1 <br /> Percent: 0.2", "count: 0.001763668<br />Category: Gap Filling<br />Prop: 0.001763668<br />Count: 1 <br /> Percent: 0.2", "count: 0.001763668<br />Category: Quality Trimming<br />Prop: 0.001763668<br />Count: 1 <br /> Percent: 0.2", "count: 0.001763668<br />Category: Read Quantification<br />Prop: 0.001763668<br />Count: 1 <br /> Percent: 0.2", "count: 0.001763668<br />Category: Taxonomic Classification<br />Prop: 0.001763668<br />Count: 1 <br /> Percent: 0.2", "count: 0.000000000<br />Category: Basecalling<br />Prop: 0.000000000<br />Count: 0 <br /> Percent: 0", "count: 0.000000000<br />Category: Base Modification Detection<br />Prop: 0.000000000<br />Count: 0 <br /> Percent: 0", "count: 0.000000000<br />Category: Demultiplexing<br />Prop: 0.000000000<br />Count: 0 <br /> Percent: 0", "count: 0.000000000<br />Category: fast5 File Processing<br />Prop: 0.000000000<br />Count: 0 <br /> Percent: 0", "count: 0.000000000<br />Category: Isoform Detection<br />Prop: 0.000000000<br />Count: 0 <br /> Percent: 0", "count: 0.000000000<br />Category: Normalisation<br />Prop: 0.000000000<br />Count: 0 <br /> Percent: 0", "count: 0.000000000<br />Category: polyA Length Estimation<br />Prop: 0.000000000<br />Count: 0 <br /> Percent: 0", "count: 0.000000000<br />Category: Quality Filtering<br />Prop: 0.000000000<br />Count: 0 <br /> Percent: 0", "count: 0.000000000<br />Category: Simulators<br />Prop: 0.000000000<br />Count: 0 <br /> Percent: 0"],
      "type": "bar",
      "marker": {
        "autocolorscale": false,
        "color": "rgba(159,199,81,1)",
        "line": {
          "width": 1.88976377952756,
          "color": "transparent"
        }
      },
      "showlegend": false,
      "xaxis": "x",
      "yaxis": "y",
      "hoverinfo": "text",
      "frame": null
    }
  ],
  "layout": {
    "margin": {
      "t": 50,
      "r": 40,
      "b": 90,
      "l": 70
    },
    "font": {
      "color": "rgba(0,0,0,1)",
      "family": "",
      "size": 18.5969281859693
    },
    "title": {
      "text": "<b> Hi-C focused <\/b>",
      "font": {
        "color": "rgba(0,0,0,1)",
        "family": "",
        "size": 15.9402241594022
      },
      "x": 0,
      "xref": "paper"
    },
    "xaxis": {
      "domain": [0, 1],
      "automargin": true,
      "type": "category",
      "autorange": true,
      "range": [0.4, 31.6],
      "tickmode": "auto",
      "ticktext": ["Denovo Assembly", "Quality Checking", "Tested On Non Human Data", "Tested On Human Data", "Error Correction And Polishing", "Generating Consensus Sequence", "Provide Summary Statistics", "SNP And Variant Analysis", "Alignment", "Long Read Overlapping", "Metagenomics", "Scaffolding", "Suitable For Single Cell Experiments", "Transcriptomics", "Visualisation", "Analysis Pipelines", "Availablity Of Test Data", "Evaluating Exisiting Methods", "Gap Filling", "Quality Trimming", "Read Quantification", "Taxonomic Classification", "Basecalling", "Base Modification Detection", "Demultiplexing", "fast5 File Processing", "Isoform Detection", "Normalisation", "polyA Length Estimation", "Quality Filtering", "Simulators"],
      "tickvals": [1, 2, 3, 4, 5, 6, 7, 8, 9, 10, 11, 12, 13, 14, 15, 16, 17, 18, 19, 20, 21, 22, 23, 24, 25, 26, 27, 28, 29, 30, 31],
      "categoryorder": "array",
      "categoryarray": ["Denovo Assembly", "Quality Checking", "Tested On Non Human Data", "Tested On Human Data", "Error Correction And Polishing", "Generating Consensus Sequence", "Provide Summary Statistics", "SNP And Variant Analysis", "Alignment", "Long Read Overlapping", "Metagenomics", "Scaffolding", "Suitable For Single Cell Experiments", "Transcriptomics", "Visualisation", "Analysis Pipelines", "Availablity Of Test Data", "Evaluating Exisiting Methods", "Gap Filling", "Quality Trimming", "Read Quantification", "Taxonomic Classification", "Basecalling", "Base Modification Detection", "Demultiplexing", "fast5 File Processing", "Isoform Detection", "Normalisation", "polyA Length Estimation", "Quality Filtering", "Simulators"],