{
  "data": [
    {
      "orientation": "v",
      "width": [0.89999999999999991, 0.90000000000000013, 0.90000000000000036, 0.90000000000000036, 0.90000000000000036, 0.90000000000000036, 0.90000000000000036, 0.89999999999999947, 0.89999999999999858, 0.89999999999999858, 0.89999999999999858, 0.89999999999999858, 0.89999999999999858, 0.89999999999999858, 0.89999999999999858, 0.89999999999999858, 0.89999999999999858, 0.89999999999999858, 0.89999999999999858, 0.89999999999999858, 0.89999999999999858, 0.89999999999999858, 0.89999999999999858, 0.89999999999999858, 0.89999999999999858, 0.89999999999999858, 0.89999999999999858, 0.89999999999999858, 0.89999999999999858, 0.89999999999999858, 0.89999999999999858],
      "base": [0, 0, 0, 0, 0, 0, 0, 0, 0, 0, 0, 0, 0, 0, 0, 0, 0, 0, 0, 0, 0, 0, 0, 0, 0, 0, 0, 0, 0, 0, 0],
      "x": ["Denovo Assembly", "SNP And Variant Analysis", "Tested On Human Data", "Provide Summary Statistics", "Quality Checking", "Visualisation", "Error Correction And Polishing", "Generating Consensus Sequence", "Tested On Non Human Data", "Alignment", "Availability Of Test Data", "Gap Filling", "Suitable For Single Cell Experiments", "Analysis Pipelines", "Long Read Overlapping", "Quality Trimming", "Scaffolding", "Evaluating Existing Methods", "Metagenomics", "Quality Filtering", "Read Quantification", "Taxonomic Classification", "Transcriptomics", "Base Modification Detection", "Basecalling", "Demultiplexing", "Isoform Detection", "Normalisation", "Simulators", "fast5 File Processing", "polyA Length Estimation"],
      "y": [0.0090991810737033659, 0.006369426751592357, 0.006369426751592357, 0.0054595086442220204, 0.0054595086442220204, 0.0054595086442220204, 0.004549590536851683, 0.0036396724294813468, 0.0036396724294813468, 0.0027297543221110102, 0.0027297543221110102, 0.0027297543221110102, 0.0027297543221110102, 0.0018198362147406734, 0.0018198362147406734, 0.0018198362147406734, 0.0018198362147406734, 0.0009099181073703367, 0.0009099181073703367, 0.0009099181073703367, 0.0009099181073703367, 0.0009099181073703367, 0.0009099181073703367, 0, 0, 0, 0, 0, 0, 0, 0],
      "text": ["count: 0.0090991811<br />Category: Denovo Assembly<br />Prop: 0.0090991811<br />Count: 10 <br /> Percent: 0.9", "count: 0.0063694268<br />Category: SNP And Variant Analysis<br />Prop: 0.0063694268<br />Count: 7 <br /> Percent: 0.6", "count: 0.0063694268<br />Category: Tested On Human Data<br />Prop: 0.0063694268<br />Count: 7 <br /> Percent: 0.6", "count: 0.0054595086<br />Category: Provide Summary Statistics<br />Prop: 0.0054595086<br />Count: 6 <br /> Percent: 0.5", "count: 0.0054595086<br />Category: Quality Checking<br />Prop: 0.0054595086<br />Count: 6 <br /> Percent: 0.5", "count: 0.0054595086<br />Category: Visualisation<br />Prop: 0.0054595086<br />Count: 6 <br /> Percent: 0.5", "count: 0.0045495905<br />Category: Error Correction And Polishing<br />Prop: 0.0045495905<br />Count: 5 <br /> Percent: 0.5", "count: 0.0036396724<br />Category: Generating Consensus Sequence<br />Prop: 0.0036396724<br />Count: 4 <br /> Percent: 0.4", "count: 0.0036396724<br />Category: Tested On Non Human Data<br />Prop: 0.0036396724<br />Count: 4 <br /> Percent: 0.4", "count: 0.0027297543<br />Category: Alignment<br />Prop: 0.0027297543<br />Count: 3 <br /> Percent: 0.3", "count: 0.0027297543<br />Category: Availability Of Test Data<br />Prop: 0.0027297543<br />Count: 3 <br /> Percent: 0.3", "count: 0.0027297543<br />Category: Gap Filling<br />Prop: 0.0027297543<br />Count: 3 <br /> Percent: 0.3", "count: 0.0027297543<br />Category: Suitable For Single Cell Experiments<br />Prop: 0.0027297543<br />Count: 3 <br /> Percent: 0.3", "count: 0.0018198362<br />Category: Analysis Pipelines<br />Prop: 0.0018198362<br />Count: 2 <br /> Percent: 0.2", "count: 0.0018198362<br />Category: Long Read Overlapping<br />Prop: 0.0018198362<br />Count: 2 <br /> Percent: 0.2", "count: 0.0018198362<br />Category: Quality Trimming<br />Prop: 0.0018198362<br />Count: 2 <br /> Percent: 0.2", "count: 0.0018198362<br />Category: Scaffolding<br />Prop: 0.0018198362<br />Count: 2 <br /> Percent: 0.2", "count: 0.0009099181<br />Category: Evaluating Existing Methods<br />Prop: 0.0009099181<br />Count: 1 <br /> Percent: 0.1", "count: 0.0009099181<br />Category: Metagenomics<br />Prop: 0.0009099181<br />Count: 1 <br /> Percent: 0.1", "count: 0.0009099181<br />Category: Quality Filtering<br />Prop: 0.0009099181<br />Count: 1 <br /> Percent: 0.1", "count: 0.0009099181<br />Category: Read Quantification<br />Prop: 0.0009099181<br />Count: 1 <br /> Percent: 0.1", "count: 0.0009099181<br />Category: Taxonomic Classification<br />Prop: 0.0009099181<br />Count: 1 <br /> Percent: 0.1", "count: 0.0009099181<br />Category: Transcriptomics<br />Prop: 0.0009099181<br />Count: 1 <br /> Percent: 0.1", "count: 0.0000000000<br />Category: Base Modification Detection<br />Prop: 0.0000000000<br />Count: 0 <br /> Percent: 0", "count: 0.0000000000<br />Category: Basecalling<br />Prop: 0.0000000000<br />Count: 0 <br /> Percent: 0", "count: 0.0000000000<br />Category: Demultiplexing<br />Prop: 0.0000000000<br />Count: 0 <br /> Percent: 0", "count: 0.0000000000<br />Category: Isoform Detection<br />Prop: 0.0000000000<br />Count: 0 <br /> Percent: 0", "count: 0.0000000000<br />Category: Normalisation<br />Prop: 0.0000000000<br />Count: 0 <br /> Percent: 0", "count: 0.0000000000<br />Category: Simulators<br />Prop: 0.0000000000<br />Count: 0 <br /> Percent: 0", "count: 0.0000000000<br />Category: fast5 File Processing<br />Prop: 0.0000000000<br />Count: 0 <br /> Percent: 0", "count: 0.0000000000<br />Category: polyA Length Estimation<br />Prop: 0.0000000000<br />Count: 0 <br /> Percent: 0"],
      "type": "bar",
      "textposition": "none",
      "marker": {
        "autocolorscale": false,
        "color": "rgba(159,199,81,1)",
        "line": {
          "width": 1.8897637795275593,
          "color": "transparent"
        }
      },
      "showlegend": false,
      "xaxis": "x",
      "yaxis": "y",
      "hoverinfo": "text",
      "frame": null
    }
  ],
  "layout": {
    "margin": {
      "t": 50,
      "r": 40,
      "b": 90,
      "l": 70
    },
    "font": {
      "color": "rgba(0,0,0,1)",
      "family": "",
      "size": 18.596928185969279
    },
    "title": {
      "text": "<b> Bionano Genomics focused <\/b>",
      "font": {
        "color": "rgba(0,0,0,1)",
        "family": "",
        "size": 15.940224159402243
      },
      "x": 0,
      "xref": "paper"
    },
    "xaxis": {
      "domain": [0, 1],
      "automargin": true,
      "type": "category",
      "autorange": true,
      "range": [0.40000000000000002, 31.600000000000001],
      "tickmode": "auto",
      "ticktext": ["Denovo Assembly", "SNP And Variant Analysis", "Tested On Human Data", "Provide Summary Statistics", "Quality Checking", "Visualisation", "Error Correction And Polishing", "Generating Consensus Sequence", "Tested On Non Human Data", "Alignment", "Availability Of Test Data", "Gap Filling", "Suitable For Single Cell Experiments", "Analysis Pipelines", "Long Read Overlapping", "Quality Trimming", "Scaffolding", "Evaluating Existing Methods", "Metagenomics", "Quality Filtering", "Read Quantification", "Taxonomic Classification", "Transcriptomics", "Base Modification Detection", "Basecalling", "Demultiplexing", "Isoform Detection", "Normalisation", "Simulators", "fast5 File Processing", "polyA Length Estimation"],
      "tickvals": [1, 2, 3, 4, 5, 6, 7, 8, 9, 10, 11, 12, 13, 14, 15, 16, 17, 18, 19, 20, 21, 22, 23, 24, 25, 26, 27, 28, 29, 30, 31],
      "categoryorder": "array",