{
  "data": [
    {
      "orientation": "v",
      "width": [0.9, 0.9, 0.9, 0.9, 0.9, 0.9, 0.9, 0.899999999999999, 0.899999999999999, 0.899999999999999, 0.899999999999999, 0.899999999999999, 0.899999999999999, 0.899999999999999, 0.899999999999999, 0.899999999999999, 0.899999999999999, 0.899999999999999, 0.899999999999999, 0.899999999999999, 0.899999999999999, 0.899999999999999, 0.899999999999999, 0.899999999999999, 0.899999999999999, 0.899999999999999, 0.899999999999999, 0.899999999999999, 0.899999999999999, 0.899999999999999, 0.899999999999999],
      "base": [0, 0, 0, 0, 0, 0, 0, 0, 0, 0, 0, 0, 0, 0, 0, 0, 0, 0, 0, 0, 0, 0, 0, 0, 0, 0, 0, 0, 0, 0, 0],
      "x": ["Error Correction And Polishing", "Tested On Non Human Data", "Denovo Assembly", "SNP And Variant Analysis", "Analysis Pipelines", "Transcriptomics", "Alignment", "Quality Checking", "Tested On Human Data", "Visualisation", "Provide Summary Statistics", "Availablity Of Test Data", "Basecalling", "Base Modification Detection", "Generating Consensus Sequence", "Isoform Detection", "Metagenomics", "Simulators", "Taxonomic Classification", "Quality Filtering", "Quality Trimming", "fast5 File Processing", "Read Quantification", "Evaluating Exisiting Methods", "Long Read Overlapping", "Demultiplexing", "Gap Filling", "Scaffolding", "Suitable For Single Cell Experiments", "polyA Length Estimation", "Normalisation"],
      "y": [0.155172413793103, 0.125, 0.120689655172414, 0.116379310344828, 0.103448275862069, 0.101293103448276, 0.0991379310344828, 0.0948275862068965, 0.0948275862068965, 0.0948275862068965, 0.0797413793103448, 0.0668103448275862, 0.0668103448275862, 0.0646551724137931, 0.0603448275862069, 0.0538793103448276, 0.0517241379310345, 0.0344827586206897, 0.0323275862068966, 0.0280172413793103, 0.0280172413793103, 0.0237068965517241, 0.0237068965517241, 0.021551724137931, 0.0193965517241379, 0.0172413793103448, 0.0172413793103448, 0.0129310344827586, 0.00862068965517241, 0.00646551724137931, 0.00431034482758621],
      "text": ["count: 0.155172414<br />Category: Error Correction And Polishing<br />Prop: 0.155172414<br />Count: 72 <br /> Percent: 15.5", "count: 0.125000000<br />Category: Tested On Non Human Data<br />Prop: 0.125000000<br />Count: 58 <br /> Percent: 12.5", "count: 0.120689655<br />Category: Denovo Assembly<br />Prop: 0.120689655<br />Count: 56 <br /> Percent: 12.1", "count: 0.116379310<br />Category: SNP And Variant Analysis<br />Prop: 0.116379310<br />Count: 54 <br /> Percent: 11.6", "count: 0.103448276<br />Category: Analysis Pipelines<br />Prop: 0.103448276<br />Count: 48 <br /> Percent: 10.3", "count: 0.101293103<br />Category: Transcriptomics<br />Prop: 0.101293103<br />Count: 47 <br /> Percent: 10.1", "count: 0.099137931<br />Category: Alignment<br />Prop: 0.099137931<br />Count: 46 <br /> Percent: 9.9", "count: 0.094827586<br />Category: Quality Checking<br />Prop: 0.094827586<br />Count: 44 <br /> Percent: 9.5", "count: 0.094827586<br />Category: Tested On Human Data<br />Prop: 0.094827586<br />Count: 44 <br /> Percent: 9.5", "count: 0.094827586<br />Category: Visualisation<br />Prop: 0.094827586<br />Count: 44 <br /> Percent: 9.5", "count: 0.079741379<br />Category: Provide Summary Statistics<br />Prop: 0.079741379<br />Count: 37 <br /> Percent: 8", "count: 0.066810345<br />Category: Availablity Of Test Data<br />Prop: 0.066810345<br />Count: 31 <br /> Percent: 6.7", "count: 0.066810345<br />Category: Basecalling<br />Prop: 0.066810345<br />Count: 31 <br /> Percent: 6.7", "count: 0.064655172<br />Category: Base Modification Detection<br />Prop: 0.064655172<br />Count: 30 <br /> Percent: 6.5", "count: 0.060344828<br />Category: Generating Consensus Sequence<br />Prop: 0.060344828<br />Count: 28 <br /> Percent: 6", "count: 0.053879310<br />Category: Isoform Detection<br />Prop: 0.053879310<br />Count: 25 <br /> Percent: 5.4", "count: 0.051724138<br />Category: Metagenomics<br />Prop: 0.051724138<br />Count: 24 <br /> Percent: 5.2", "count: 0.034482759<br />Category: Simulators<br />Prop: 0.034482759<br />Count: 16 <br /> Percent: 3.4", "count: 0.032327586<br />Category: Taxonomic Classification<br />Prop: 0.032327586<br />Count: 15 <br /> Percent: 3.2", "count: 0.028017241<br />Category: Quality Filtering<br />Prop: 0.028017241<br />Count: 13 <br /> Percent: 2.8", "count: 0.028017241<br />Category: Quality Trimming<br />Prop: 0.028017241<br />Count: 13 <br /> Percent: 2.8", "count: 0.023706897<br />Category: fast5 File Processing<br />Prop: 0.023706897<br />Count: 11 <br /> Percent: 2.4", "count: 0.023706897<br />Category: Read Quantification<br />Prop: 0.023706897<br />Count: 11 <br /> Percent: 2.4", "count: 0.021551724<br />Category: Evaluating Exisiting Methods<br />Prop: 0.021551724<br />Count: 10 <br /> Percent: 2.2", "count: 0.019396552<br />Category: Long Read Overlapping<br />Prop: 0.019396552<br />Count: 9 <br /> Percent: 1.9", "count: 0.017241379<br />Category: Demultiplexing<br />Prop: 0.017241379<br />Count: 8 <br /> Percent: 1.7", "count: 0.017241379<br />Category: Gap Filling<br />Prop: 0.017241379<br />Count: 8 <br /> Percent: 1.7", "count: 0.012931034<br />Category: Scaffolding<br />Prop: 0.012931034<br />Count: 6 <br /> Percent: 1.3", "count: 0.008620690<br />Category: Suitable For Single Cell Experiments<br />Prop: 0.008620690<br />Count: 4 <br /> Percent: 0.9", "count: 0.006465517<br />Category: polyA Length Estimation<br />Prop: 0.006465517<br />Count: 3 <br /> Percent: 0.6", "count: 0.004310345<br />Category: Normalisation<br />Prop: 0.004310345<br />Count: 2 <br /> Percent: 0.4"],
      "type": "bar",
      "marker": {
        "autocolorscale": false,
        "color": "rgba(159,199,81,1)",
        "line": {
          "width": 1.88976377952756,
          "color": "transparent"
        }
      },
      "showlegend": false,
      "xaxis": "x",
      "yaxis": "y",
      "hoverinfo": "text",
      "frame": null
    }
  ],
  "layout": {
    "margin": {
      "t": 50,
      "r": 40,
      "b": 90,
      "l": 70
    },
    "font": {
      "color": "rgba(0,0,0,1)",
      "family": "",
      "size": 18.5969281859693
    },
    "title": {
      "text": "<b> Oxford Nanopore focused <\/b>",
      "font": {
        "color": "rgba(0,0,0,1)",
        "family": "",
        "size": 15.9402241594022
      },
      "x": 0,
      "xref": "paper"
    },
    "xaxis": {
      "domain": [0, 1],
      "automargin": true,
      "type": "category",
      "autorange": true,
      "range": [0.4, 31.6],
      "tickmode": "auto",
      "ticktext": ["Error Correction And Polishing", "Tested On Non Human Data", "Denovo Assembly", "SNP And Variant Analysis", "Analysis Pipelines", "Transcriptomics", "Alignment", "Quality Checking", "Tested On Human Data", "Visualisation", "Provide Summary Statistics", "Availablity Of Test Data", "Basecalling", "Base Modification Detection", "Generating Consensus Sequence", "Isoform Detection", "Metagenomics", "Simulators", "Taxonomic Classification", "Quality Filtering", "Quality Trimming", "fast5 File Processing", "Read Quantification", "Evaluating Exisiting Methods", "Long Read Overlapping", "Demultiplexing", "Gap Filling", "Scaffolding", "Suitable For Single Cell Experiments", "polyA Length Estimation", "Normalisation"],
      "tickvals": [1, 2, 3, 4, 5, 6, 7, 8, 9, 10, 11, 12, 13, 14, 15, 16, 17, 18, 19, 20, 21, 22, 23, 24, 25, 26, 27, 28, 29, 30, 31],
      "categoryorder": "array",