{
  "data": [
    {
      "orientation": "v",
      "width": [0.9, 0.9, 0.9, 0.9, 0.9, 0.9, 0.9, 0.899999999999999, 0.899999999999999, 0.899999999999999, 0.899999999999999, 0.899999999999999, 0.899999999999999, 0.899999999999999, 0.899999999999999, 0.899999999999999, 0.899999999999999, 0.899999999999999, 0.899999999999999, 0.899999999999999, 0.899999999999999, 0.899999999999999, 0.899999999999999, 0.899999999999999, 0.899999999999999, 0.899999999999999, 0.899999999999999, 0.899999999999999, 0.899999999999999, 0.899999999999999, 0.899999999999999, 0.900000000000002, 0.900000000000006, 0.900000000000006, 0.900000000000006],
      "base": [0, 0, 0, 0, 0, 0, 0, 0, 0, 0, 0, 0, 0, 0, 0, 0, 0, 0, 0, 0, 0, 0, 0, 0, 0, 0, 0, 0, 0, 0, 0, 0, 0, 0, 0],
      "x": [1, 2, 3, 4, 5, 6, 7, 8, 9, 10, 11, 12, 13, 14, 15, 16, 17, 18, 19, 20, 21, 22, 23, 24, 25, 26, 27, 28, 29, 30, 31, 32, 33, 34, 35],
      "y": [0.195987654320988, 0.191358024691358, 0.186728395061728, 0.174382716049383, 0.171296296296296, 0.145061728395062, 0.143518518518519, 0.138888888888889, 0.12962962962963, 0.104938271604938, 0.103395061728395, 0.0925925925925926, 0.0910493827160494, 0.0895061728395062, 0.0740740740740741, 0.0725308641975309, 0.066358024691358, 0.0447530864197531, 0.0416666666666667, 0.0339506172839506, 0.0339506172839506, 0.0324074074074074, 0.0324074074074074, 0.029320987654321, 0.0262345679012346, 0.0231481481481481, 0.0231481481481481, 0.0216049382716049, 0.0169753086419753, 0.0123456790123457, 0.00617283950617284, 0.00617283950617284, 0.00462962962962963, 0.00462962962962963, 0.00462962962962963],
      "text": ["Category: Error Correction And Polishing<br />Count: 127 <br /> Percent: 19.6", "Category: SNP And Variant Analysis<br />Count: 124 <br /> Percent: 19.1", "Category: Tested On Non Human Data<br />Count: 121 <br /> Percent: 18.7", "Category: Tested On Human Data<br />Count: 113 <br /> Percent: 17.4", "Category: Denovo Assembly<br />Count: 111 <br /> Percent: 17.1", "Category: Alignment<br />Count: 94 <br /> Percent: 14.5", "Category: Transcriptomics<br />Count: 93 <br /> Percent: 14.4", "Category: Analysis Pipelines<br />Count: 90 <br /> Percent: 13.9", "Category: Availablity Of Test Data<br />Count: 84 <br /> Percent: 13", "Category: Generating Consensus Sequence<br />Count: 68 <br /> Percent: 10.5", "Category: Visualisation<br />Count: 67 <br /> Percent: 10.3", "Category: Quality Checking<br />Count: 60 <br /> Percent: 9.3", "Category: Base Modification Detection<br />Count: 59 <br /> Percent: 9.1", "Category: Provide Summary Statistics<br />Count: 58 <br /> Percent: 9", "Category: Isoform Detection<br />Count: 48 <br /> Percent: 7.4", "Category: Basecalling<br />Count: 47 <br /> Percent: 7.3", "Category: Metagenomics<br />Count: 43 <br /> Percent: 6.6", "Category: Scaffolding<br />Count: 29 <br /> Percent: 4.5", "Category: Read Quantification<br />Count: 27 <br /> Percent: 4.2", "Category: Simulators<br />Count: 22 <br /> Percent: 3.4", "Category: Taxonomic Classification<br />Count: 22 <br /> Percent: 3.4", "Category: Quality Filtering<br />Count: 21 <br /> Percent: 3.2", "Category: Quality Trimming<br />Count: 21 <br /> Percent: 3.2", "Category: Demultiplexing<br />Count: 19 <br /> Percent: 2.9", "Category: Gap Filling<br />Count: 17 <br /> Percent: 2.6", "Category: Long Read Overlapping<br />Count: 15 <br /> Percent: 2.3", "Category: Suitable For Single Cell Experiments<br />Count: 15 <br /> Percent: 2.3", "Category: fast5 File Processing<br />Count: 14 <br /> Percent: 2.2", "Category: Evaluating Exisiting Methods<br />Count: 11 <br /> Percent: 1.7", "Category: RNAStructure<br />Count: 8 <br /> Percent: 1.2", "Category: Data Structures<br />Count: 4 <br /> Percent: 0.6", "Category: Fusion Detection<br />Count: 4 <br /> Percent: 0.6", "Category: Coexpression Analysis<br />Count: 3 <br /> Percent: 0.5", "Category: Normalisation<br />Count: 3 <br /> Percent: 0.5", "Category: polyA Length Estimation<br />Count: 3 <br /> Percent: 0.5"],
      "type": "bar",
      "textposition": "none",
      "marker": {
        "autocolorscale": false,
        "color": "rgba(89,115,37,1)",
        "line": {
          "width": 1.88976377952756,
          "color": "transparent"
        }
      },
      "showlegend": false,
      "xaxis": "x",
      "yaxis": "y",
      "hoverinfo": "text",
      "frame": null
    }
  ],
  "layout": {
    "margin": {
      "t": 50,
      "r": 10,
      "b": 200,
      "l": 80
    },
    "font": {
      "color": "rgba(0,0,0,1)",
      "family": "",
      "size": 18.5969281859693
    },
    "title": {
      "text": "<b> Categories <\/b>",
      "font": {
        "color": "rgba(0,0,0,1)",
        "family": "",
        "size": 26.5670402656704
      },
      "x": 0,
      "xref": "paper"
    },
    "xaxis": {
      "domain": [0, 1],
      "automargin": true,
      "type": "linear",
      "autorange": false,
      "range": [0.4, 35.6],
      "tickmode": "array",
      "ticktext": ["Error Correction And Polishing", "SNP And Variant Analysis", "Tested On Non Human Data", "Tested On Human Data", "Denovo Assembly", "Alignment", "Transcriptomics", "Analysis Pipelines", "Availablity Of Test Data", "Generating Consensus Sequence", "Visualisation", "Quality Checking", "Base Modification Detection", "Provide Summary Statistics", "Isoform Detection", "Basecalling", "Metagenomics", "Scaffolding", "Read Quantification", "Simulators", "Taxonomic Classification", "Quality Filtering", "Quality Trimming", "Demultiplexing", "Gap Filling", "Long Read Overlapping", "Suitable For Single Cell Experiments", "fast5 File Processing", "Evaluating Exisiting Methods", "RNAStructure", "Data Structures", "Fusion Detection", "Coexpression Analysis", "Normalisation", "polyA Length Estimation"],
      "tickvals": [1, 2, 3, 4, 5, 6, 7, 8, 9, 10, 11, 12, 13, 14, 15, 16, 17, 18, 19, 20, 21, 22, 23, 24, 25, 26, 27, 28, 29, 30, 31, 32, 33, 34, 35],
      "categoryorder": "array",
      "categoryarray": ["Error Correction And Polishing", "SNP And Variant Analysis", "Tested On Non Human Data", "Tested On Human Data", "Denovo Assembly", "Alignment", "Transcriptomics", "Analysis Pipelines", "Availablity Of Test Data", "Generating Consensus Sequence", "Visualisation", "Quality Checking", "Base Modification Detection", "Provide Summary Statistics", "Isoform Detection", "Basecalling", "Metagenomics", "Scaffolding", "Read Quantification", "Simulators", "Taxonomic Classification", "Quality Filtering", "Quality Trimming", "Demultiplexing", "Gap Filling", "Long Read Overlapping", "Suitable For Single Cell Experiments", "fast5 File Processing", "Evaluating Exisiting Methods", "RNAStructure", "Data Structures", "Fusion Detection", "Coexpression Analysis", "Normalisation", "polyA Length Estimation"],
      "nticks": null,
      "ticks": "outside",
      "tickcolor": "rgba(0,0,0,1)",
      "ticklen": 4.64923204649232,
      "tickwidth": 0.66417600664176,
      "showticklabels": true,
      "tickfont": {
        "color": "rgba(0,0,0,1)",
        "family": "",
        "size": 10.6268161062682
      },
      "tickangle": -60,
      "showline": true,
      "linecolor": "rgba(0,0,0,1)",
      "linewidth": 0.66417600664176,
      "showgrid": false,
      "gridcolor": null,
      "gridwidth": 0,
      "zeroline": false,
      "anchor": "y",
      "title": {
        "text": "",
        "font": {
          "color": null,
          "family": null,
          "size": 0
        }
      },
      "hoverformat": ".2f"
    },
    "yaxis": {
      "domain": [0, 1],
      "automargin": true,
      "type": "linear",
      "autorange": false,
      "range": [-0.00979938271604938, 0.205787037037037],
      "tickmode": "array",
      "ticktext": ["0%", "5%", "10%", "15%", "20%"],
      "tickvals": [0, 0.05, 0.1, 0.15, 0.2],
      "categoryorder": "array",
      "categoryarray": ["0%", "5%", "10%", "15%", "20%"],
      "nticks": null,
      "ticks": "outside",
      "tickcolor": "rgba(0,0,0,1)",
      "ticklen": 4.64923204649232,