{
  "data": [
    {
      "orientation": "v",
      "width": [0.9, 0.9, 0.9, 0.9, 0.9, 0.9, 0.9, 0.899999999999999, 0.899999999999999, 0.899999999999999, 0.899999999999999, 0.899999999999999, 0.899999999999999, 0.899999999999999, 0.899999999999999, 0.899999999999999, 0.899999999999999, 0.899999999999999, 0.899999999999999, 0.899999999999999, 0.899999999999999, 0.899999999999999, 0.899999999999999, 0.899999999999999, 0.899999999999999, 0.899999999999999, 0.899999999999999, 0.899999999999999, 0.899999999999999, 0.899999999999999, 0.899999999999999, 0.900000000000002, 0.900000000000006, 0.900000000000006, 0.900000000000006],
      "base": [0, 0, 0, 0, 0, 0, 0, 0, 0, 0, 0, 0, 0, 0, 0, 0, 0, 0, 0, 0, 0, 0, 0, 0, 0, 0, 0, 0, 0, 0, 0, 0, 0, 0, 0],
      "x": [1, 2, 3, 4, 5, 6, 7, 8, 9, 10, 11, 12, 13, 14, 15, 16, 17, 18, 19, 20, 21, 22, 23, 24, 25, 26, 27, 28, 29, 30, 31, 32, 33, 34, 35],
      "y": [0.199127906976744, 0.194767441860465, 0.193313953488372, 0.191860465116279, 0.168604651162791, 0.161337209302326, 0.146802325581395, 0.146802325581395, 0.140988372093023, 0.104651162790698, 0.100290697674419, 0.0930232558139535, 0.0886627906976744, 0.0872093023255814, 0.0828488372093023, 0.0697674418604651, 0.063953488372093, 0.0436046511627907, 0.0406976744186047, 0.0334302325581395, 0.0334302325581395, 0.0319767441860465, 0.0305232558139535, 0.0305232558139535, 0.0261627906976744, 0.0261627906976744, 0.0232558139534884, 0.0218023255813953, 0.0159883720930233, 0.0116279069767442, 0.0116279069767442, 0.00581395348837209, 0.00581395348837209, 0.00436046511627907, 0.00436046511627907],
      "text": ["Category: Tested On Non Human Data<br />Count: 137 <br /> Percent: 19.9", "Category: SNP And Variant Analysis<br />Count: 134 <br /> Percent: 19.5", "Category: Tested On Human Data<br />Count: 133 <br /> Percent: 19.3", "Category: Error Correction And Polishing<br />Count: 132 <br /> Percent: 19.2", "Category: Denovo Assembly<br />Count: 116 <br /> Percent: 16.9", "Category: Transcriptomics<br />Count: 111 <br /> Percent: 16.1", "Category: Alignment<br />Count: 101 <br /> Percent: 14.7", "Category: Availablity Of Test Data<br />Count: 101 <br /> Percent: 14.7", "Category: Analysis Pipelines<br />Count: 97 <br /> Percent: 14.1", "Category: Generating Consensus Sequence<br />Count: 72 <br /> Percent: 10.5", "Category: Visualisation<br />Count: 69 <br /> Percent: 10", "Category: Base Modification Detection<br />Count: 64 <br /> Percent: 9.3", "Category: Quality Checking<br />Count: 61 <br /> Percent: 8.9", "Category: Provide Summary Statistics<br />Count: 60 <br /> Percent: 8.7", "Category: Isoform Detection<br />Count: 57 <br /> Percent: 8.3", "Category: Basecalling<br />Count: 48 <br /> Percent: 7", "Category: Metagenomics<br />Count: 44 <br /> Percent: 6.4", "Category: Scaffolding<br />Count: 30 <br /> Percent: 4.4", "Category: Read Quantification<br />Count: 28 <br /> Percent: 4.1", "Category: Simulators<br />Count: 23 <br /> Percent: 3.3", "Category: Taxonomic Classification<br />Count: 23 <br /> Percent: 3.3", "Category: Demultiplexing<br />Count: 22 <br /> Percent: 3.2", "Category: Quality Filtering<br />Count: 21 <br /> Percent: 3.1", "Category: Quality Trimming<br />Count: 21 <br /> Percent: 3.1", "Category: Gap Filling<br />Count: 18 <br /> Percent: 2.6", "Category: Long Read Overlapping<br />Count: 18 <br /> Percent: 2.6", "Category: fast5 File Processing<br />Count: 16 <br /> Percent: 2.3", "Category: Suitable For Single Cell Experiments<br />Count: 15 <br /> Percent: 2.2", "Category: Evaluating Exisiting Methods<br />Count: 11 <br /> Percent: 1.6", "Category: polyA Length Estimation<br />Count: 8 <br /> Percent: 1.2", "Category: RNAStructure<br />Count: 8 <br /> Percent: 1.2", "Category: Data Structures<br />Count: 4 <br /> Percent: 0.6", "Category: Fusion Detection<br />Count: 4 <br /> Percent: 0.6", "Category: Coexpression Analysis<br />Count: 3 <br /> Percent: 0.4", "Category: Normalisation<br />Count: 3 <br /> Percent: 0.4"],
      "type": "bar",
      "textposition": "none",
      "marker": {
        "autocolorscale": false,
        "color": "rgba(89,115,37,1)",
        "line": {
          "width": 1.88976377952756,
          "color": "transparent"
        }
      },
      "showlegend": false,
      "xaxis": "x",
      "yaxis": "y",
      "hoverinfo": "text",
      "frame": null
    }
  ],
  "layout": {
    "margin": {
      "t": 50,
      "r": 10,
      "b": 200,
      "l": 80
    },
    "font": {
      "color": "rgba(0,0,0,1)",
      "family": "",
      "size": 18.5969281859693
    },
    "title": {
      "text": "<b> Categories <\/b>",
      "font": {
        "color": "rgba(0,0,0,1)",
        "family": "",
        "size": 26.5670402656704
      },
      "x": 0,
      "xref": "paper"
    },
    "xaxis": {
      "domain": [0, 1],
      "automargin": true,
      "type": "linear",
      "autorange": false,
      "range": [0.4, 35.6],
      "tickmode": "array",
      "ticktext": ["Tested On Non Human Data", "SNP And Variant Analysis", "Tested On Human Data", "Error Correction And Polishing", "Denovo Assembly", "Transcriptomics", "Alignment", "Availablity Of Test Data", "Analysis Pipelines", "Generating Consensus Sequence", "Visualisation", "Base Modification Detection", "Quality Checking", "Provide Summary Statistics", "Isoform Detection", "Basecalling", "Metagenomics", "Scaffolding", "Read Quantification", "Simulators", "Taxonomic Classification", "Demultiplexing", "Quality Filtering", "Quality Trimming", "Gap Filling", "Long Read Overlapping", "fast5 File Processing", "Suitable For Single Cell Experiments", "Evaluating Exisiting Methods", "polyA Length Estimation", "RNAStructure", "Data Structures", "Fusion Detection", "Coexpression Analysis", "Normalisation"],
      "tickvals": [1, 2, 3, 4, 5, 6, 7, 8, 9, 10, 11, 12, 13, 14, 15, 16, 17, 18, 19, 20, 21, 22, 23, 24, 25, 26, 27, 28, 29, 30, 31, 32, 33, 34, 35],
      "categoryorder": "array",
      "categoryarray": ["Tested On Non Human Data", "SNP And Variant Analysis", "Tested On Human Data", "Error Correction And Polishing", "Denovo Assembly", "Transcriptomics", "Alignment", "Availablity Of Test Data", "Analysis Pipelines", "Generating Consensus Sequence", "Visualisation", "Base Modification Detection", "Quality Checking", "Provide Summary Statistics", "Isoform Detection", "Basecalling", "Metagenomics", "Scaffolding", "Read Quantification", "Simulators", "Taxonomic Classification", "Demultiplexing", "Quality Filtering", "Quality Trimming", "Gap Filling", "Long Read Overlapping", "fast5 File Processing", "Suitable For Single Cell Experiments", "Evaluating Exisiting Methods", "polyA Length Estimation", "RNAStructure", "Data Structures", "Fusion Detection", "Coexpression Analysis", "Normalisation"],
      "nticks": null,
      "ticks": "outside",
      "tickcolor": "rgba(0,0,0,1)",
      "ticklen": 4.64923204649232,
      "tickwidth": 0.66417600664176,
      "showticklabels": true,
      "tickfont": {
        "color": "rgba(0,0,0,1)",
        "family": "",
        "size": 10.6268161062682
      },
      "tickangle": -60,
      "showline": true,
      "linecolor": "rgba(0,0,0,1)",
      "linewidth": 0.66417600664176,
      "showgrid": false,
      "gridcolor": null,
      "gridwidth": 0,
      "zeroline": false,
      "anchor": "y",
      "title": {
        "text": "",
        "font": {
          "color": null,
          "family": null,
          "size": 0
        }
      },
      "hoverformat": ".2f"
    },
    "yaxis": {
      "domain": [0, 1],
      "automargin": true,
      "type": "linear",
      "autorange": false,
      "range": [-0.00995639534883721, 0.209084302325581],
      "tickmode": "array",
      "ticktext": ["0%", "5%", "10%", "15%", "20%"],
      "tickvals": [0, 0.05, 0.1, 0.15, 0.2],
      "categoryorder": "array",
      "categoryarray": ["0%", "5%", "10%", "15%", "20%"],
      "nticks": null,
      "ticks": "outside",
      "tickcolor": "rgba(0,0,0,1)",