{
  "data": [
    {
      "orientation": "v",
      "width": [0.89999999999999991, 0.90000000000000013, 0.90000000000000036, 0.90000000000000036, 0.90000000000000036, 0.90000000000000036, 0.90000000000000036, 0.89999999999999947, 0.89999999999999858, 0.89999999999999858, 0.89999999999999858, 0.89999999999999858, 0.89999999999999858, 0.89999999999999858, 0.89999999999999858, 0.89999999999999858, 0.89999999999999858, 0.89999999999999858, 0.89999999999999858, 0.89999999999999858, 0.89999999999999858, 0.89999999999999858, 0.89999999999999858, 0.89999999999999858, 0.89999999999999858, 0.89999999999999858, 0.89999999999999858, 0.89999999999999858, 0.89999999999999858, 0.89999999999999858, 0.89999999999999858, 0.90000000000000213, 0.90000000000000568, 0.90000000000000568, 0.90000000000000568],
      "base": [0, 0, 0, 0, 0, 0, 0, 0, 0, 0, 0, 0, 0, 0, 0, 0, 0, 0, 0, 0, 0, 0, 0, 0, 0, 0, 0, 0, 0, 0, 0, 0, 0, 0, 0],
      "x": [1, 2, 3, 4, 5, 6, 7, 8, 9, 10, 11, 12, 13, 14, 15, 16, 17, 18, 19, 20, 21, 22, 23, 24, 25, 26, 27, 28, 29, 30, 31, 32, 33, 34, 35],
      "y": [0.28150873965041401, 0.27782888684452622, 0.24655013799448022, 0.22907083716651333, 0.21803127874885003, 0.18307267709291627, 0.15639374425023, 0.15363385464581417, 0.15087396504139836, 0.12603495860165592, 0.11407543698252071, 0.10027598896044158, 0.099356025758969638, 0.082796688132474705, 0.075436982520699178, 0.068997240110395583, 0.068077276908923637, 0.053357865685372582, 0.044158233670653177, 0.037718491260349589, 0.035878564857405704, 0.033118675252989879, 0.03219871205151794, 0.029438822447102116, 0.029438822447102116, 0.026678932842686291, 0.025758969641214352, 0.022999080036798528, 0.017479300827966882, 0.01655933762649494, 0.011959521619135235, 0.010119595216191352, 0.0082796688132474698, 0.0055197792088316471, 0.0045998160073597054],
      "text": ["Category: Tested On Human Data<br />Count: 306 <br /> Percent: 28.2", "Category: Availability Of Test Data<br />Count: 302 <br /> Percent: 27.8", "Category: Analysis Pipelines<br />Count: 268 <br /> Percent: 24.7", "Category: SNP And Variant Analysis<br />Count: 249 <br /> Percent: 22.9", "Category: Tested On Non Human Data<br />Count: 237 <br /> Percent: 21.8", "Category: Transcriptomics<br />Count: 199 <br /> Percent: 18.3", "Category: Alignment<br />Count: 170 <br /> Percent: 15.6", "Category: Error Correction And Polishing<br />Count: 167 <br /> Percent: 15.4", "Category: Denovo Assembly<br />Count: 164 <br /> Percent: 15.1", "Category: Base Modification Detection<br />Count: 137 <br /> Percent: 12.6", "Category: Visualisation<br />Count: 124 <br /> Percent: 11.4", "Category: Isoform Detection<br />Count: 109 <br /> Percent: 10", "Category: Generating Consensus Sequence<br />Count: 108 <br /> Percent: 9.9", "Category: Quality Checking<br />Count: 90 <br /> Percent: 8.3", "Category: Provide Summary Statistics<br />Count: 82 <br /> Percent: 7.5", "Category: Metagenomics<br />Count: 75 <br /> Percent: 6.9", "Category: Basecalling<br />Count: 74 <br /> Percent: 6.8", "Category: Read Quantification<br />Count: 58 <br /> Percent: 5.3", "Category: Suitable For Single Cell Experiments<br />Count: 48 <br /> Percent: 4.4", "Category: Scaffolding<br />Count: 41 <br /> Percent: 3.8", "Category: Demultiplexing<br />Count: 39 <br /> Percent: 3.6", "Category: Taxonomic Classification<br />Count: 36 <br /> Percent: 3.3", "Category: Simulators<br />Count: 35 <br /> Percent: 3.2", "Category: Long Read Overlapping<br />Count: 32 <br /> Percent: 2.9", "Category: fast5 File Processing<br />Count: 32 <br /> Percent: 2.9", "Category: Quality Trimming<br />Count: 29 <br /> Percent: 2.7", "Category: Quality Filtering<br />Count: 28 <br /> Percent: 2.6", "Category: Gap Filling<br />Count: 25 <br /> Percent: 2.3", "Category: Fusion Detection<br />Count: 19 <br /> Percent: 1.7", "Category: Evaluating Existing Methods<br />Count: 18 <br /> Percent: 1.7", "Category: RNAStructure<br />Count: 13 <br /> Percent: 1.2", "Category: polyA Length Estimation<br />Count: 11 <br /> Percent: 1", "Category: Normalisation<br />Count: 9 <br /> Percent: 0.8", "Category: Data Structures<br />Count: 6 <br /> Percent: 0.6", "Category: Coexpression Analysis<br />Count: 5 <br /> Percent: 0.5"],
      "type": "bar",
      "textposition": "none",
      "marker": {
        "autocolorscale": false,
        "color": "rgba(89,115,37,1)",
        "line": {
          "width": 1.8897637795275593,
          "color": "transparent"
        }
      },
      "showlegend": false,
      "xaxis": "x",
      "yaxis": "y",
      "hoverinfo": "text",
      "frame": null
    }
  ],
  "layout": {
    "margin": {
      "t": 50,
      "r": 10,
      "b": 200,
      "l": 80
    },
    "font": {
      "color": "rgba(0,0,0,1)",
      "family": "",
      "size": 18.596928185969279
    },
    "title": {
      "text": "<b> Categories <\/b>",
      "font": {
        "color": "rgba(0,0,0,1)",
        "family": "",
        "size": 26.567040265670396
      },
      "x": 0,
      "xref": "paper"
    },
    "xaxis": {
      "domain": [0, 1],
      "automargin": true,
      "type": "linear",
      "autorange": false,
      "range": [0.40000000000000002, 35.600000000000001],
      "tickmode": "array",
      "ticktext": ["Tested On Human Data", "Availability Of Test Data", "Analysis Pipelines", "SNP And Variant Analysis", "Tested On Non Human Data", "Transcriptomics", "Alignment", "Error Correction And Polishing", "Denovo Assembly", "Base Modification Detection", "Visualisation", "Isoform Detection", "Generating Consensus Sequence", "Quality Checking", "Provide Summary Statistics", "Metagenomics", "Basecalling", "Read Quantification", "Suitable For Single Cell Experiments", "Scaffolding", "Demultiplexing", "Taxonomic Classification", "Simulators", "Long Read Overlapping", "fast5 File Processing", "Quality Trimming", "Quality Filtering", "Gap Filling", "Fusion Detection", "Evaluating Existing Methods", "RNAStructure", "polyA Length Estimation", "Normalisation", "Data Structures", "Coexpression Analysis"],
      "tickvals": [1, 2, 2.9999999999999996, 4, 5, 6, 7, 8, 9, 10, 11, 12, 13, 14, 15, 16, 17, 18, 19, 20, 21, 22, 23.000000000000004, 24, 25, 26, 27, 28, 29, 29.999999999999996, 31, 32, 33, 34, 35],
      "categoryorder": "array",
      "categoryarray": ["Tested On Human Data", "Availability Of Test Data", "Analysis Pipelines", "SNP And Variant Analysis", "Tested On Non Human Data", "Transcriptomics", "Alignment", "Error Correction And Polishing", "Denovo Assembly", "Base Modification Detection", "Visualisation", "Isoform Detection", "Generating Consensus Sequence", "Quality Checking", "Provide Summary Statistics", "Metagenomics", "Basecalling", "Read Quantification", "Suitable For Single Cell Experiments", "Scaffolding", "Demultiplexing", "Taxonomic Classification", "Simulators", "Long Read Overlapping", "fast5 File Processing", "Quality Trimming", "Quality Filtering", "Gap Filling", "Fusion Detection", "Evaluating Existing Methods", "RNAStructure", "polyA Length Estimation", "Normalisation", "Data Structures", "Coexpression Analysis"],
      "nticks": null,
      "ticks": "outside",
      "tickcolor": "rgba(0,0,0,1)",
      "ticklen": 4.6492320464923198,
      "tickwidth": 0.66417600664176002,
      "showticklabels": true,
      "tickfont": {
        "color": "rgba(0,0,0,1)",
        "family": "",
        "size": 10.62681610626816
      },
      "tickangle": -60,
      "showline": true,
      "linecolor": "rgba(0,0,0,1)",
      "linewidth": 0.66417600664176002,
      "showgrid": false,
      "gridcolor": null,
      "gridwidth": 0,
      "zeroline": false,
      "anchor": "y",
      "title": {
        "text": "",
        "font": {
          "color": null,
          "family": null,
          "size": 0
        }
      },
      "hoverformat": ".2f"
    },
    "yaxis": {
      "domain": [0, 1],
      "automargin": true,
      "type": "linear",
      "autorange": false,