{
  "data": [
    {
      "orientation": "v",
      "width": [0.9, 0.9, 0.9, 0.9, 0.9, 0.9, 0.9, 0.899999999999999, 0.899999999999999, 0.899999999999999, 0.899999999999999, 0.899999999999999, 0.899999999999999, 0.899999999999999, 0.899999999999999, 0.899999999999999, 0.899999999999999, 0.899999999999999, 0.899999999999999, 0.899999999999999, 0.899999999999999, 0.899999999999999, 0.899999999999999, 0.899999999999999, 0.899999999999999, 0.899999999999999, 0.899999999999999, 0.899999999999999, 0.899999999999999, 0.899999999999999, 0.899999999999999],
      "base": [0, 0, 0, 0, 0, 0, 0, 0, 0, 0, 0, 0, 0, 0, 0, 0, 0, 0, 0, 0, 0, 0, 0, 0, 0, 0, 0, 0, 0, 0, 0],
      "x": ["Error Correction And Polishing", "SNP And Variant Analysis", "Denovo Assembly", "Tested On Human Data", "Transcriptomics", "Alignment", "Analysis Pipelines", "Visualisation", "Quality Checking", "Base Modification Detection", "Generating Consensus Sequence", "Provide Summary Statistics", "Availablity Of Test Data", "Basecalling", "Metagenomics", "Isoform Detection", "Read Quantification", "Taxonomic Classification", "Quality Filtering", "Quality Trimming", "Simulators", "Demultiplexing", "Scaffolding", "fast5 File Processing", "Evaluating Exisiting Methods", "Long Read Overlapping", "Gap Filling", "Suitable For Single Cell Experiments", "polyA Length Estimation", "Normalisation", "Tested On Non Human Data"],
      "y": [0.158558558558559, 0.144144144144144, 0.126126126126126, 0.126126126126126, 0.118918918918919, 0.115315315315315, 0.111711711711712, 0.0954954954954955, 0.0864864864864865, 0.0792792792792793, 0.0774774774774775, 0.0756756756756757, 0.0702702702702703, 0.0648648648648649, 0.0612612612612613, 0.0594594594594595, 0.0324324324324324, 0.0324324324324324, 0.0306306306306306, 0.0288288288288288, 0.0288288288288288, 0.0216216216216216, 0.0216216216216216, 0.0198198198198198, 0.018018018018018, 0.018018018018018, 0.0162162162162162, 0.0126126126126126, 0.00540540540540541, 0.0036036036036036, 0],
      "text": ["count: 0.158558559<br />Category: Error Correction And Polishing<br />Prop: 0.158558559<br />Count: 88 <br /> Percent: 15.9", "count: 0.144144144<br />Category: SNP And Variant Analysis<br />Prop: 0.144144144<br />Count: 80 <br /> Percent: 14.4", "count: 0.126126126<br />Category: Denovo Assembly<br />Prop: 0.126126126<br />Count: 70 <br /> Percent: 12.6", "count: 0.126126126<br />Category: Tested On Human Data<br />Prop: 0.126126126<br />Count: 70 <br /> Percent: 12.6", "count: 0.118918919<br />Category: Transcriptomics<br />Prop: 0.118918919<br />Count: 66 <br /> Percent: 11.9", "count: 0.115315315<br />Category: Alignment<br />Prop: 0.115315315<br />Count: 64 <br /> Percent: 11.5", "count: 0.111711712<br />Category: Analysis Pipelines<br />Prop: 0.111711712<br />Count: 62 <br /> Percent: 11.2", "count: 0.095495495<br />Category: Visualisation<br />Prop: 0.095495495<br />Count: 53 <br /> Percent: 9.5", "count: 0.086486486<br />Category: Quality Checking<br />Prop: 0.086486486<br />Count: 48 <br /> Percent: 8.6", "count: 0.079279279<br />Category: Base Modification Detection<br />Prop: 0.079279279<br />Count: 44 <br /> Percent: 7.9", "count: 0.077477477<br />Category: Generating Consensus Sequence<br />Prop: 0.077477477<br />Count: 43 <br /> Percent: 7.7", "count: 0.075675676<br />Category: Provide Summary Statistics<br />Prop: 0.075675676<br />Count: 42 <br /> Percent: 7.6", "count: 0.070270270<br />Category: Availablity Of Test Data<br />Prop: 0.070270270<br />Count: 39 <br /> Percent: 7", "count: 0.064864865<br />Category: Basecalling<br />Prop: 0.064864865<br />Count: 36 <br /> Percent: 6.5", "count: 0.061261261<br />Category: Metagenomics<br />Prop: 0.061261261<br />Count: 34 <br /> Percent: 6.1", "count: 0.059459459<br />Category: Isoform Detection<br />Prop: 0.059459459<br />Count: 33 <br /> Percent: 5.9", "count: 0.032432432<br />Category: Read Quantification<br />Prop: 0.032432432<br />Count: 18 <br /> Percent: 3.2", "count: 0.032432432<br />Category: Taxonomic Classification<br />Prop: 0.032432432<br />Count: 18 <br /> Percent: 3.2", "count: 0.030630631<br />Category: Quality Filtering<br />Prop: 0.030630631<br />Count: 17 <br /> Percent: 3.1", "count: 0.028828829<br />Category: Quality Trimming<br />Prop: 0.028828829<br />Count: 16 <br /> Percent: 2.9", "count: 0.028828829<br />Category: Simulators<br />Prop: 0.028828829<br />Count: 16 <br /> Percent: 2.9", "count: 0.021621622<br />Category: Demultiplexing<br />Prop: 0.021621622<br />Count: 12 <br /> Percent: 2.2", "count: 0.021621622<br />Category: Scaffolding<br />Prop: 0.021621622<br />Count: 12 <br /> Percent: 2.2", "count: 0.019819820<br />Category: fast5 File Processing<br />Prop: 0.019819820<br />Count: 11 <br /> Percent: 2", "count: 0.018018018<br />Category: Evaluating Exisiting Methods<br />Prop: 0.018018018<br />Count: 10 <br /> Percent: 1.8", "count: 0.018018018<br />Category: Long Read Overlapping<br />Prop: 0.018018018<br />Count: 10 <br /> Percent: 1.8", "count: 0.016216216<br />Category: Gap Filling<br />Prop: 0.016216216<br />Count: 9 <br /> Percent: 1.6", "count: 0.012612613<br />Category: Suitable For Single Cell Experiments<br />Prop: 0.012612613<br />Count: 7 <br /> Percent: 1.3", "count: 0.005405405<br />Category: polyA Length Estimation<br />Prop: 0.005405405<br />Count: 3 <br /> Percent: 0.5", "count: 0.003603604<br />Category: Normalisation<br />Prop: 0.003603604<br />Count: 2 <br /> Percent: 0.4", "count: 0.000000000<br />Category: Tested On Non Human Data<br />Prop:          NA<br />Count: NA <br /> Percent: NA"],
      "type": "bar",
      "marker": {
        "autocolorscale": false,
        "color": "rgba(159,199,81,1)",
        "line": {
          "width": 1.88976377952756,
          "color": "transparent"
        }
      },
      "showlegend": false,
      "xaxis": "x",
      "yaxis": "y",
      "hoverinfo": "text",
      "frame": null
    }
  ],
  "layout": {
    "margin": {
      "t": 50,
      "r": 40,
      "b": 90,
      "l": 70
    },
    "font": {
      "color": "rgba(0,0,0,1)",
      "family": "",
      "size": 18.5969281859693
    },
    "title": {
      "text": "<b> Oxford Nanopore focused <\/b>",
      "font": {
        "color": "rgba(0,0,0,1)",
        "family": "",
        "size": 15.9402241594022
      },
      "x": 0,
      "xref": "paper"
    },
    "xaxis": {
      "domain": [0, 1],
      "automargin": true,
      "type": "category",
      "autorange": true,
      "range": [0.4, 31.6],
      "tickmode": "auto",
      "ticktext": ["Error Correction And Polishing", "SNP And Variant Analysis", "Denovo Assembly", "Tested On Human Data", "Transcriptomics", "Alignment", "Analysis Pipelines", "Visualisation", "Quality Checking", "Base Modification Detection", "Generating Consensus Sequence", "Provide Summary Statistics", "Availablity Of Test Data", "Basecalling", "Metagenomics", "Isoform Detection", "Read Quantification", "Taxonomic Classification", "Quality Filtering", "Quality Trimming", "Simulators", "Demultiplexing", "Scaffolding", "fast5 File Processing", "Evaluating Exisiting Methods", "Long Read Overlapping", "Gap Filling", "Suitable For Single Cell Experiments", "polyA Length Estimation", "Normalisation", "Tested On Non Human Data"],
      "tickvals": [1, 2, 3, 4, 5, 6, 7, 8, 9, 10, 11, 12, 13, 14, 15, 16, 17, 18, 19, 20, 21, 22, 23, 24, 25, 26, 27, 28, 29, 30, 31],
      "categoryorder": "array",