{
  "data": [
    {
      "orientation": "v",
      "width": [0.9, 0.9, 0.9, 0.9, 0.9, 0.9, 0.9, 0.899999999999999, 0.899999999999999, 0.899999999999999, 0.899999999999999, 0.899999999999999, 0.899999999999999, 0.899999999999999, 0.899999999999999, 0.899999999999999, 0.899999999999999, 0.899999999999999, 0.899999999999999, 0.899999999999999, 0.899999999999999, 0.899999999999999, 0.899999999999999, 0.899999999999999, 0.899999999999999, 0.899999999999999, 0.899999999999999, 0.899999999999999, 0.899999999999999, 0.899999999999999, 0.899999999999999],
      "base": [0, 0, 0, 0, 0, 0, 0, 0, 0, 0, 0, 0, 0, 0, 0, 0, 0, 0, 0, 0, 0, 0, 0, 0, 0, 0, 0, 0, 0, 0, 0],
      "x": ["Error Correction And Polishing", "Denovo Assembly", "SNP And Variant Analysis", "Tested On Non Human Data", "Transcriptomics", "Alignment", "Generating Consensus Sequence", "Tested On Human Data", "Isoform Detection", "Availablity Of Test Data", "Analysis Pipelines", "Quality Checking", "Visualisation", "Provide Summary Statistics", "Metagenomics", "Simulators", "Taxonomic Classification", "Gap Filling", "Long Read Overlapping", "Quality Filtering", "Quality Trimming", "Scaffolding", "Base Modification Detection", "Read Quantification", "Evaluating Exisiting Methods", "Suitable For Single Cell Experiments", "Basecalling", "Demultiplexing", "fast5 File Processing", "Normalisation", "polyA Length Estimation"],
      "y": [0.152173913043478, 0.128260869565217, 0.104347826086957, 0.091304347826087, 0.0826086956521739, 0.0782608695652174, 0.0695652173913043, 0.0652173913043478, 0.058695652173913, 0.0565217391304348, 0.0434782608695652, 0.0434782608695652, 0.0347826086956522, 0.0326086956521739, 0.0282608695652174, 0.0260869565217391, 0.0239130434782609, 0.0195652173913043, 0.0195652173913043, 0.0195652173913043, 0.0173913043478261, 0.0173913043478261, 0.0152173913043478, 0.0130434782608696, 0.0108695652173913, 0.00869565217391304, 0.00652173913043478, 0.00434782608695652, 0.00217391304347826, 0.00217391304347826, 0],
      "text": ["count: 0.152173913<br />Category: Error Correction And Polishing<br />Prop: 0.152173913<br />Count: 70 <br /> Percent: 15.2", "count: 0.128260870<br />Category: Denovo Assembly<br />Prop: 0.128260870<br />Count: 59 <br /> Percent: 12.8", "count: 0.104347826<br />Category: SNP And Variant Analysis<br />Prop: 0.104347826<br />Count: 48 <br /> Percent: 10.4", "count: 0.091304348<br />Category: Tested On Non Human Data<br />Prop: 0.091304348<br />Count: 42 <br /> Percent: 9.1", "count: 0.082608696<br />Category: Transcriptomics<br />Prop: 0.082608696<br />Count: 38 <br /> Percent: 8.3", "count: 0.078260870<br />Category: Alignment<br />Prop: 0.078260870<br />Count: 36 <br /> Percent: 7.8", "count: 0.069565217<br />Category: Generating Consensus Sequence<br />Prop: 0.069565217<br />Count: 32 <br /> Percent: 7", "count: 0.065217391<br />Category: Tested On Human Data<br />Prop: 0.065217391<br />Count: 30 <br /> Percent: 6.5", "count: 0.058695652<br />Category: Isoform Detection<br />Prop: 0.058695652<br />Count: 27 <br /> Percent: 5.9", "count: 0.056521739<br />Category: Availablity Of Test Data<br />Prop: 0.056521739<br />Count: 26 <br /> Percent: 5.7", "count: 0.043478261<br />Category: Analysis Pipelines<br />Prop: 0.043478261<br />Count: 20 <br /> Percent: 4.3", "count: 0.043478261<br />Category: Quality Checking<br />Prop: 0.043478261<br />Count: 20 <br /> Percent: 4.3", "count: 0.034782609<br />Category: Visualisation<br />Prop: 0.034782609<br />Count: 16 <br /> Percent: 3.5", "count: 0.032608696<br />Category: Provide Summary Statistics<br />Prop: 0.032608696<br />Count: 15 <br /> Percent: 3.3", "count: 0.028260870<br />Category: Metagenomics<br />Prop: 0.028260870<br />Count: 13 <br /> Percent: 2.8", "count: 0.026086957<br />Category: Simulators<br />Prop: 0.026086957<br />Count: 12 <br /> Percent: 2.6", "count: 0.023913043<br />Category: Taxonomic Classification<br />Prop: 0.023913043<br />Count: 11 <br /> Percent: 2.4", "count: 0.019565217<br />Category: Gap Filling<br />Prop: 0.019565217<br />Count: 9 <br /> Percent: 2", "count: 0.019565217<br />Category: Long Read Overlapping<br />Prop: 0.019565217<br />Count: 9 <br /> Percent: 2", "count: 0.019565217<br />Category: Quality Filtering<br />Prop: 0.019565217<br />Count: 9 <br /> Percent: 2", "count: 0.017391304<br />Category: Quality Trimming<br />Prop: 0.017391304<br />Count: 8 <br /> Percent: 1.7", "count: 0.017391304<br />Category: Scaffolding<br />Prop: 0.017391304<br />Count: 8 <br /> Percent: 1.7", "count: 0.015217391<br />Category: Base Modification Detection<br />Prop: 0.015217391<br />Count: 7 <br /> Percent: 1.5", "count: 0.013043478<br />Category: Read Quantification<br />Prop: 0.013043478<br />Count: 6 <br /> Percent: 1.3", "count: 0.010869565<br />Category: Evaluating Exisiting Methods<br />Prop: 0.010869565<br />Count: 5 <br /> Percent: 1.1", "count: 0.008695652<br />Category: Suitable For Single Cell Experiments<br />Prop: 0.008695652<br />Count: 4 <br /> Percent: 0.9", "count: 0.006521739<br />Category: Basecalling<br />Prop: 0.006521739<br />Count: 3 <br /> Percent: 0.7", "count: 0.004347826<br />Category: Demultiplexing<br />Prop: 0.004347826<br />Count: 2 <br /> Percent: 0.4", "count: 0.002173913<br />Category: fast5 File Processing<br />Prop: 0.002173913<br />Count: 1 <br /> Percent: 0.2", "count: 0.002173913<br />Category: Normalisation<br />Prop: 0.002173913<br />Count: 1 <br /> Percent: 0.2", "count: 0.000000000<br />Category: polyA Length Estimation<br />Prop: 0.000000000<br />Count: 0 <br /> Percent: 0"],
      "type": "bar",
      "marker": {
        "autocolorscale": false,
        "color": "rgba(159,199,81,1)",
        "line": {
          "width": 1.88976377952756,
          "color": "transparent"
        }
      },
      "showlegend": false,
      "xaxis": "x",
      "yaxis": "y",
      "hoverinfo": "text",
      "frame": null
    }
  ],
  "layout": {
    "margin": {
      "t": 50,
      "r": 40,
      "b": 90,
      "l": 70
    },
    "font": {
      "color": "rgba(0,0,0,1)",
      "family": "",
      "size": 18.5969281859693
    },
    "title": {
      "text": "<b> PacBio focused <\/b>",
      "font": {
        "color": "rgba(0,0,0,1)",
        "family": "",
        "size": 15.9402241594022
      },
      "x": 0,
      "xref": "paper"
    },
    "xaxis": {
      "domain": [0, 1],
      "automargin": true,
      "type": "category",
      "autorange": true,
      "range": [0.4, 31.6],
      "tickmode": "auto",
      "ticktext": ["Error Correction And Polishing", "Denovo Assembly", "SNP And Variant Analysis", "Tested On Non Human Data", "Transcriptomics", "Alignment", "Generating Consensus Sequence", "Tested On Human Data", "Isoform Detection", "Availablity Of Test Data", "Analysis Pipelines", "Quality Checking", "Visualisation", "Provide Summary Statistics", "Metagenomics", "Simulators", "Taxonomic Classification", "Gap Filling", "Long Read Overlapping", "Quality Filtering", "Quality Trimming", "Scaffolding", "Base Modification Detection", "Read Quantification", "Evaluating Exisiting Methods", "Suitable For Single Cell Experiments", "Basecalling", "Demultiplexing", "fast5 File Processing", "Normalisation", "polyA Length Estimation"],
      "tickvals": [1, 2, 3, 4, 5, 6, 7, 8, 9, 10, 11, 12, 13, 14, 15, 16, 17, 18, 19, 20, 21, 22, 23, 24, 25, 26, 27, 28, 29, 30, 31],
      "categoryorder": "array",