{
  "data": [
    {
      "orientation": "v",
      "width": [0.89999999999999991, 0.90000000000000013, 0.90000000000000036, 0.90000000000000036, 0.90000000000000036, 0.90000000000000036, 0.90000000000000036, 0.89999999999999947, 0.89999999999999858, 0.89999999999999858, 0.89999999999999858, 0.89999999999999858, 0.89999999999999858, 0.89999999999999858, 0.89999999999999858, 0.89999999999999858, 0.89999999999999858, 0.89999999999999858, 0.89999999999999858, 0.89999999999999858, 0.89999999999999858, 0.89999999999999858, 0.89999999999999858, 0.89999999999999858, 0.89999999999999858, 0.89999999999999858, 0.89999999999999858, 0.89999999999999858, 0.89999999999999858, 0.89999999999999858, 0.89999999999999858, 0.90000000000000213, 0.90000000000000568, 0.90000000000000568, 0.90000000000000568],
      "base": [0, 0, 0, 0, 0, 0, 0, 0, 0, 0, 0, 0, 0, 0, 0, 0, 0, 0, 0, 0, 0, 0, 0, 0, 0, 0, 0, 0, 0, 0, 0, 0, 0, 0, 0],
      "x": [1, 2, 3, 4, 5, 6, 7, 8, 9, 10, 11, 12, 13, 14, 15, 16, 17, 18, 19, 20, 21, 22, 23, 24, 25, 26, 27, 28, 29, 30, 31, 32, 33, 34, 35],
      "y": [0.28844404003639673, 0.28298453139217472, 0.24931756141947226, 0.22929936305732485, 0.22383985441310283, 0.18744313011828936, 0.1565059144676979, 0.15195632393084624, 0.15013648771610555, 0.12829845313921748, 0.11737943585077343, 0.10191082802547771, 0.099181073703366693, 0.083712465878070977, 0.081892629663330302, 0.069153776160145591, 0.067333939945404916, 0.055505004549590536, 0.047315741583257506, 0.037306642402183801, 0.037306642402183801, 0.032757051865332121, 0.031847133757961783, 0.030937215650591446, 0.029117379435850774, 0.028207461328480437, 0.027297543221110099, 0.022747952684258416, 0.017288444040036398, 0.01637852593266606, 0.012738853503184714, 0.010009099181073703, 0.010009099181073703, 0.0054595086442220204, 0.0054595086442220204],
      "text": ["Category: Tested On Human Data<br />Count: 317 <br /> Percent: 28.8", "Category: Availability Of Test Data<br />Count: 311 <br /> Percent: 28.3", "Category: Analysis Pipelines<br />Count: 274 <br /> Percent: 24.9", "Category: SNP And Variant Analysis<br />Count: 252 <br /> Percent: 22.9", "Category: Tested On Non Human Data<br />Count: 246 <br /> Percent: 22.4", "Category: Transcriptomics<br />Count: 206 <br /> Percent: 18.7", "Category: Alignment<br />Count: 172 <br /> Percent: 15.7", "Category: Error Correction And Polishing<br />Count: 167 <br /> Percent: 15.2", "Category: Denovo Assembly<br />Count: 165 <br /> Percent: 15", "Category: Base Modification Detection<br />Count: 141 <br /> Percent: 12.8", "Category: Visualisation<br />Count: 129 <br /> Percent: 11.7", "Category: Isoform Detection<br />Count: 112 <br /> Percent: 10.2", "Category: Generating Consensus Sequence<br />Count: 109 <br /> Percent: 9.9", "Category: Quality Checking<br />Count: 92 <br /> Percent: 8.4", "Category: Provide Summary Statistics<br />Count: 90 <br /> Percent: 8.2", "Category: Metagenomics<br />Count: 76 <br /> Percent: 6.9", "Category: Basecalling<br />Count: 74 <br /> Percent: 6.7", "Category: Read Quantification<br />Count: 61 <br /> Percent: 5.6", "Category: Suitable For Single Cell Experiments<br />Count: 52 <br /> Percent: 4.7", "Category: Demultiplexing<br />Count: 41 <br /> Percent: 3.7", "Category: Scaffolding<br />Count: 41 <br /> Percent: 3.7", "Category: Taxonomic Classification<br />Count: 36 <br /> Percent: 3.3", "Category: Simulators<br />Count: 35 <br /> Percent: 3.2", "Category: fast5 File Processing<br />Count: 34 <br /> Percent: 3.1", "Category: Long Read Overlapping<br />Count: 32 <br /> Percent: 2.9", "Category: Quality Filtering<br />Count: 31 <br /> Percent: 2.8", "Category: Quality Trimming<br />Count: 30 <br /> Percent: 2.7", "Category: Gap Filling<br />Count: 25 <br /> Percent: 2.3", "Category: Fusion Detection<br />Count: 19 <br /> Percent: 1.7", "Category: Evaluating Existing Methods<br />Count: 18 <br /> Percent: 1.6", "Category: RNAStructure<br />Count: 14 <br /> Percent: 1.3", "Category: Normalisation<br />Count: 11 <br /> Percent: 1", "Category: polyA Length Estimation<br />Count: 11 <br /> Percent: 1", "Category: Coexpression Analysis<br />Count: 6 <br /> Percent: 0.5", "Category: Data Structures<br />Count: 6 <br /> Percent: 0.5"],
      "type": "bar",
      "textposition": "none",
      "marker": {
        "autocolorscale": false,
        "color": "rgba(89,115,37,1)",
        "line": {
          "width": 1.8897637795275593,
          "color": "transparent"
        }
      },
      "showlegend": false,
      "xaxis": "x",
      "yaxis": "y",
      "hoverinfo": "text",
      "frame": null
    }
  ],
  "layout": {
    "margin": {
      "t": 50,
      "r": 10,
      "b": 200,
      "l": 80
    },
    "font": {
      "color": "rgba(0,0,0,1)",
      "family": "",
      "size": 18.596928185969279
    },
    "title": {
      "text": "<b> Categories <\/b>",
      "font": {
        "color": "rgba(0,0,0,1)",
        "family": "",
        "size": 26.567040265670396
      },
      "x": 0,
      "xref": "paper"
    },
    "xaxis": {
      "domain": [0, 1],
      "automargin": true,
      "type": "linear",
      "autorange": false,
      "range": [0.40000000000000002, 35.600000000000001],
      "tickmode": "array",
      "ticktext": ["Tested On Human Data", "Availability Of Test Data", "Analysis Pipelines", "SNP And Variant Analysis", "Tested On Non Human Data", "Transcriptomics", "Alignment", "Error Correction And Polishing", "Denovo Assembly", "Base Modification Detection", "Visualisation", "Isoform Detection", "Generating Consensus Sequence", "Quality Checking", "Provide Summary Statistics", "Metagenomics", "Basecalling", "Read Quantification", "Suitable For Single Cell Experiments", "Demultiplexing", "Scaffolding", "Taxonomic Classification", "Simulators", "fast5 File Processing", "Long Read Overlapping", "Quality Filtering", "Quality Trimming", "Gap Filling", "Fusion Detection", "Evaluating Existing Methods", "RNAStructure", "Normalisation", "polyA Length Estimation", "Coexpression Analysis", "Data Structures"],
      "tickvals": [1, 2, 2.9999999999999996, 4, 5, 6, 7, 8, 9, 10, 11, 12, 13, 14, 15, 16, 17, 18, 19, 20, 21, 22, 23.000000000000004, 24, 25, 26, 27, 28, 29, 29.999999999999996, 31, 32, 33, 34, 35],
      "categoryorder": "array",
      "categoryarray": ["Tested On Human Data", "Availability Of Test Data", "Analysis Pipelines", "SNP And Variant Analysis", "Tested On Non Human Data", "Transcriptomics", "Alignment", "Error Correction And Polishing", "Denovo Assembly", "Base Modification Detection", "Visualisation", "Isoform Detection", "Generating Consensus Sequence", "Quality Checking", "Provide Summary Statistics", "Metagenomics", "Basecalling", "Read Quantification", "Suitable For Single Cell Experiments", "Demultiplexing", "Scaffolding", "Taxonomic Classification", "Simulators", "fast5 File Processing", "Long Read Overlapping", "Quality Filtering", "Quality Trimming", "Gap Filling", "Fusion Detection", "Evaluating Existing Methods", "RNAStructure", "Normalisation", "polyA Length Estimation", "Coexpression Analysis", "Data Structures"],
      "nticks": null,
      "ticks": "outside",
      "tickcolor": "rgba(0,0,0,1)",
      "ticklen": 4.6492320464923198,
      "tickwidth": 0.66417600664176002,
      "showticklabels": true,
      "tickfont": {
        "color": "rgba(0,0,0,1)",
        "family": "",
        "size": 10.62681610626816
      },
      "tickangle": -60,
      "showline": true,
      "linecolor": "rgba(0,0,0,1)",
      "linewidth": 0.66417600664176002,
      "showgrid": false,
      "gridcolor": null,
      "gridwidth": 0,
      "zeroline": false,
      "anchor": "y",
      "title": {
        "text": "",
        "font": {
          "color": null,
          "family": null,
          "size": 0
        }
      },
      "hoverformat": ".2f"
    },
    "yaxis": {
      "domain": [0, 1],
      "automargin": true,
      "type": "linear",
      "autorange": false,