{
  "data": [
    {
      "orientation": "v",
      "width": [0.9, 0.9, 0.9, 0.9, 0.9, 0.9, 0.9, 0.899999999999999, 0.899999999999999, 0.899999999999999, 0.899999999999999, 0.899999999999999, 0.899999999999999, 0.899999999999999, 0.899999999999999, 0.899999999999999, 0.899999999999999, 0.899999999999999, 0.899999999999999, 0.899999999999999, 0.899999999999999, 0.899999999999999, 0.899999999999999, 0.899999999999999, 0.899999999999999, 0.899999999999999, 0.899999999999999, 0.899999999999999, 0.899999999999999, 0.899999999999999, 0.899999999999999],
      "base": [0, 0, 0, 0, 0, 0, 0, 0, 0, 0, 0, 0, 0, 0, 0, 0, 0, 0, 0, 0, 0, 0, 0, 0, 0, 0, 0, 0, 0, 0, 0],
      "x": ["Tested On Non Human Data", "Tested On Human Data", "SNP And Variant Analysis", "Error Correction And Polishing", "Transcriptomics", "Alignment", "Availablity Of Test Data", "Analysis Pipelines", "Denovo Assembly", "Visualisation", "Base Modification Detection", "Quality Checking", "Provide Summary Statistics", "Generating Consensus Sequence", "Isoform Detection", "Basecalling", "Metagenomics", "Read Quantification", "Taxonomic Classification", "Scaffolding", "Quality Filtering", "Quality Trimming", "Simulators", "Demultiplexing", "fast5 File Processing", "Long Read Overlapping", "Gap Filling", "Suitable For Single Cell Experiments", "Evaluating Exisiting Methods", "polyA Length Estimation", "Normalisation"],
      "y": [0.178062678062678, 0.16951566951567, 0.153846153846154, 0.150997150997151, 0.135327635327635, 0.128205128205128, 0.128205128205128, 0.126780626780627, 0.123931623931624, 0.094017094017094, 0.0868945868945869, 0.0854700854700855, 0.0826210826210826, 0.0769230769230769, 0.066951566951567, 0.0626780626780627, 0.0598290598290598, 0.0398860398860399, 0.0313390313390313, 0.0284900284900285, 0.0270655270655271, 0.0256410256410256, 0.0242165242165242, 0.0227920227920228, 0.0227920227920228, 0.0213675213675214, 0.0199430199430199, 0.0199430199430199, 0.0156695156695157, 0.00997150997150997, 0.0056980056980057],
      "text": ["count: 0.178062678<br />Category: Tested On Non Human Data<br />Prop: 0.178062678<br />Count: 125 <br /> Percent: 17.8", "count: 0.169515670<br />Category: Tested On Human Data<br />Prop: 0.169515670<br />Count: 119 <br /> Percent: 17", "count: 0.153846154<br />Category: SNP And Variant Analysis<br />Prop: 0.153846154<br />Count: 108 <br /> Percent: 15.4", "count: 0.150997151<br />Category: Error Correction And Polishing<br />Prop: 0.150997151<br />Count: 106 <br /> Percent: 15.1", "count: 0.135327635<br />Category: Transcriptomics<br />Prop: 0.135327635<br />Count: 95 <br /> Percent: 13.5", "count: 0.128205128<br />Category: Alignment<br />Prop: 0.128205128<br />Count: 90 <br /> Percent: 12.8", "count: 0.128205128<br />Category: Availablity Of Test Data<br />Prop: 0.128205128<br />Count: 90 <br /> Percent: 12.8", "count: 0.126780627<br />Category: Analysis Pipelines<br />Prop: 0.126780627<br />Count: 89 <br /> Percent: 12.7", "count: 0.123931624<br />Category: Denovo Assembly<br />Prop: 0.123931624<br />Count: 87 <br /> Percent: 12.4", "count: 0.094017094<br />Category: Visualisation<br />Prop: 0.094017094<br />Count: 66 <br /> Percent: 9.4", "count: 0.086894587<br />Category: Base Modification Detection<br />Prop: 0.086894587<br />Count: 61 <br /> Percent: 8.7", "count: 0.085470085<br />Category: Quality Checking<br />Prop: 0.085470085<br />Count: 60 <br /> Percent: 8.5", "count: 0.082621083<br />Category: Provide Summary Statistics<br />Prop: 0.082621083<br />Count: 58 <br /> Percent: 8.3", "count: 0.076923077<br />Category: Generating Consensus Sequence<br />Prop: 0.076923077<br />Count: 54 <br /> Percent: 7.7", "count: 0.066951567<br />Category: Isoform Detection<br />Prop: 0.066951567<br />Count: 47 <br /> Percent: 6.7", "count: 0.062678063<br />Category: Basecalling<br />Prop: 0.062678063<br />Count: 44 <br /> Percent: 6.3", "count: 0.059829060<br />Category: Metagenomics<br />Prop: 0.059829060<br />Count: 42 <br /> Percent: 6", "count: 0.039886040<br />Category: Read Quantification<br />Prop: 0.039886040<br />Count: 28 <br /> Percent: 4", "count: 0.031339031<br />Category: Taxonomic Classification<br />Prop: 0.031339031<br />Count: 22 <br /> Percent: 3.1", "count: 0.028490028<br />Category: Scaffolding<br />Prop: 0.028490028<br />Count: 20 <br /> Percent: 2.8", "count: 0.027065527<br />Category: Quality Filtering<br />Prop: 0.027065527<br />Count: 19 <br /> Percent: 2.7", "count: 0.025641026<br />Category: Quality Trimming<br />Prop: 0.025641026<br />Count: 18 <br /> Percent: 2.6", "count: 0.024216524<br />Category: Simulators<br />Prop: 0.024216524<br />Count: 17 <br /> Percent: 2.4", "count: 0.022792023<br />Category: Demultiplexing<br />Prop: 0.022792023<br />Count: 16 <br /> Percent: 2.3", "count: 0.022792023<br />Category: fast5 File Processing<br />Prop: 0.022792023<br />Count: 16 <br /> Percent: 2.3", "count: 0.021367521<br />Category: Long Read Overlapping<br />Prop: 0.021367521<br />Count: 15 <br /> Percent: 2.1", "count: 0.019943020<br />Category: Gap Filling<br />Prop: 0.019943020<br />Count: 14 <br /> Percent: 2", "count: 0.019943020<br />Category: Suitable For Single Cell Experiments<br />Prop: 0.019943020<br />Count: 14 <br /> Percent: 2", "count: 0.015669516<br />Category: Evaluating Exisiting Methods<br />Prop: 0.015669516<br />Count: 11 <br /> Percent: 1.6", "count: 0.009971510<br />Category: polyA Length Estimation<br />Prop: 0.009971510<br />Count: 7 <br /> Percent: 1", "count: 0.005698006<br />Category: Normalisation<br />Prop: 0.005698006<br />Count: 4 <br /> Percent: 0.6"],
      "type": "bar",
      "textposition": "none",
      "marker": {
        "autocolorscale": false,
        "color": "rgba(159,199,81,1)",
        "line": {
          "width": 1.88976377952756,
          "color": "transparent"
        }
      },
      "showlegend": false,
      "xaxis": "x",
      "yaxis": "y",
      "hoverinfo": "text",
      "frame": null
    }
  ],
  "layout": {
    "margin": {
      "t": 50,
      "r": 40,
      "b": 90,
      "l": 70
    },
    "font": {
      "color": "rgba(0,0,0,1)",
      "family": "",
      "size": 18.5969281859693
    },
    "title": {
      "text": "<b> Oxford Nanopore focused <\/b>",
      "font": {
        "color": "rgba(0,0,0,1)",
        "family": "",
        "size": 15.9402241594022
      },
      "x": 0,
      "xref": "paper"
    },
    "xaxis": {
      "domain": [0, 1],
      "automargin": true,
      "type": "category",
      "autorange": true,
      "range": [0.4, 31.6],
      "tickmode": "auto",
      "ticktext": ["Tested On Non Human Data", "Tested On Human Data", "SNP And Variant Analysis", "Error Correction And Polishing", "Transcriptomics", "Alignment", "Availablity Of Test Data", "Analysis Pipelines", "Denovo Assembly", "Visualisation", "Base Modification Detection", "Quality Checking", "Provide Summary Statistics", "Generating Consensus Sequence", "Isoform Detection", "Basecalling", "Metagenomics", "Read Quantification", "Taxonomic Classification", "Scaffolding", "Quality Filtering", "Quality Trimming", "Simulators", "Demultiplexing", "fast5 File Processing", "Long Read Overlapping", "Gap Filling", "Suitable For Single Cell Experiments", "Evaluating Exisiting Methods", "polyA Length Estimation", "Normalisation"],
      "tickvals": [1, 2, 3, 4, 5, 6, 7, 8, 9, 10, 11, 12, 13, 14, 15, 16, 17, 18, 19, 20, 21, 22, 23, 24, 25, 26, 27, 28, 29, 30, 31],
      "categoryorder": "array",