{
  "data": [
    {
      "orientation": "v",
      "width": [0.9, 0.9, 0.9, 0.9, 0.9, 0.9, 0.9, 0.899999999999999, 0.899999999999999, 0.899999999999999, 0.899999999999999, 0.899999999999999, 0.899999999999999, 0.899999999999999, 0.899999999999999, 0.899999999999999, 0.899999999999999, 0.899999999999999, 0.899999999999999, 0.899999999999999, 0.899999999999999, 0.899999999999999, 0.899999999999999, 0.899999999999999, 0.899999999999999, 0.899999999999999, 0.899999999999999, 0.899999999999999, 0.899999999999999, 0.899999999999999, 0.899999999999999],
      "base": [0, 0, 0, 0, 0, 0, 0, 0, 0, 0, 0, 0, 0, 0, 0, 0, 0, 0, 0, 0, 0, 0, 0, 0, 0, 0, 0, 0, 0, 0, 0],
      "x": ["Error Correction And Polishing", "Denovo Assembly", "SNP And Variant Analysis", "Tested On Non Human Data", "Alignment", "Transcriptomics", "Tested On Human Data", "Generating Consensus Sequence", "Isoform Detection", "Availablity Of Test Data", "Analysis Pipelines", "Quality Checking", "Metagenomics", "Visualisation", "Provide Summary Statistics", "Simulators", "Taxonomic Classification", "Long Read Overlapping", "Gap Filling", "Quality Filtering", "Quality Trimming", "Scaffolding", "Base Modification Detection", "Read Quantification", "Evaluating Exisiting Methods", "Suitable For Single Cell Experiments", "Basecalling", "Demultiplexing", "fast5 File Processing", "Normalisation", "polyA Length Estimation"],
      "y": [0.152749490835031, 0.128309572301426, 0.109979633401222, 0.0936863543788187, 0.0855397148676171, 0.0835030549898167, 0.0733197556008147, 0.0712830957230143, 0.0590631364562118, 0.0529531568228106, 0.0427698574338086, 0.0427698574338086, 0.0346232179226069, 0.0346232179226069, 0.0325865580448065, 0.0244399185336049, 0.0244399185336049, 0.0203665987780041, 0.0183299389002037, 0.0183299389002037, 0.0162932790224033, 0.0162932790224033, 0.0142566191446029, 0.0122199592668024, 0.010183299389002, 0.00814663951120163, 0.00610997963340122, 0.00610997963340122, 0.00203665987780041, 0.00203665987780041, 0],
      "text": ["count: 0.15274949<br />Category: Error Correction And Polishing<br />Prop: 0.15274949<br />Count: 75 <br /> Percent: 15.3", "count: 0.12830957<br />Category: Denovo Assembly<br />Prop: 0.12830957<br />Count: 63 <br /> Percent: 12.8", "count: 0.10997963<br />Category: SNP And Variant Analysis<br />Prop: 0.10997963<br />Count: 54 <br /> Percent: 11", "count: 0.09368635<br />Category: Tested On Non Human Data<br />Prop: 0.09368635<br />Count: 46 <br /> Percent: 9.4", "count: 0.08553971<br />Category: Alignment<br />Prop: 0.08553971<br />Count: 42 <br /> Percent: 8.6", "count: 0.08350305<br />Category: Transcriptomics<br />Prop: 0.08350305<br />Count: 41 <br /> Percent: 8.4", "count: 0.07331976<br />Category: Tested On Human Data<br />Prop: 0.07331976<br />Count: 36 <br /> Percent: 7.3", "count: 0.07128310<br />Category: Generating Consensus Sequence<br />Prop: 0.07128310<br />Count: 35 <br /> Percent: 7.1", "count: 0.05906314<br />Category: Isoform Detection<br />Prop: 0.05906314<br />Count: 29 <br /> Percent: 5.9", "count: 0.05295316<br />Category: Availablity Of Test Data<br />Prop: 0.05295316<br />Count: 26 <br /> Percent: 5.3", "count: 0.04276986<br />Category: Analysis Pipelines<br />Prop: 0.04276986<br />Count: 21 <br /> Percent: 4.3", "count: 0.04276986<br />Category: Quality Checking<br />Prop: 0.04276986<br />Count: 21 <br /> Percent: 4.3", "count: 0.03462322<br />Category: Metagenomics<br />Prop: 0.03462322<br />Count: 17 <br /> Percent: 3.5", "count: 0.03462322<br />Category: Visualisation<br />Prop: 0.03462322<br />Count: 17 <br /> Percent: 3.5", "count: 0.03258656<br />Category: Provide Summary Statistics<br />Prop: 0.03258656<br />Count: 16 <br /> Percent: 3.3", "count: 0.02443992<br />Category: Simulators<br />Prop: 0.02443992<br />Count: 12 <br /> Percent: 2.4", "count: 0.02443992<br />Category: Taxonomic Classification<br />Prop: 0.02443992<br />Count: 12 <br /> Percent: 2.4", "count: 0.02036660<br />Category: Long Read Overlapping<br />Prop: 0.02036660<br />Count: 10 <br /> Percent: 2", "count: 0.01832994<br />Category: Gap Filling<br />Prop: 0.01832994<br />Count: 9 <br /> Percent: 1.8", "count: 0.01832994<br />Category: Quality Filtering<br />Prop: 0.01832994<br />Count: 9 <br /> Percent: 1.8", "count: 0.01629328<br />Category: Quality Trimming<br />Prop: 0.01629328<br />Count: 8 <br /> Percent: 1.6", "count: 0.01629328<br />Category: Scaffolding<br />Prop: 0.01629328<br />Count: 8 <br /> Percent: 1.6", "count: 0.01425662<br />Category: Base Modification Detection<br />Prop: 0.01425662<br />Count: 7 <br /> Percent: 1.4", "count: 0.01221996<br />Category: Read Quantification<br />Prop: 0.01221996<br />Count: 6 <br /> Percent: 1.2", "count: 0.01018330<br />Category: Evaluating Exisiting Methods<br />Prop: 0.01018330<br />Count: 5 <br /> Percent: 1", "count: 0.00814664<br />Category: Suitable For Single Cell Experiments<br />Prop: 0.00814664<br />Count: 4 <br /> Percent: 0.8", "count: 0.00610998<br />Category: Basecalling<br />Prop: 0.00610998<br />Count: 3 <br /> Percent: 0.6", "count: 0.00610998<br />Category: Demultiplexing<br />Prop: 0.00610998<br />Count: 3 <br /> Percent: 0.6", "count: 0.00203666<br />Category: fast5 File Processing<br />Prop: 0.00203666<br />Count: 1 <br /> Percent: 0.2", "count: 0.00203666<br />Category: Normalisation<br />Prop: 0.00203666<br />Count: 1 <br /> Percent: 0.2", "count: 0.00000000<br />Category: polyA Length Estimation<br />Prop: 0.00000000<br />Count: 0 <br /> Percent: 0"],
      "type": "bar",
      "marker": {
        "autocolorscale": false,
        "color": "rgba(159,199,81,1)",
        "line": {
          "width": 1.88976377952756,
          "color": "transparent"
        }
      },
      "showlegend": false,
      "xaxis": "x",
      "yaxis": "y",
      "hoverinfo": "text",
      "frame": null
    }
  ],
  "layout": {
    "margin": {
      "t": 50,
      "r": 40,
      "b": 90,
      "l": 70
    },
    "font": {
      "color": "rgba(0,0,0,1)",
      "family": "",
      "size": 18.5969281859693
    },
    "title": {
      "text": "<b> PacBio focused <\/b>",
      "font": {
        "color": "rgba(0,0,0,1)",
        "family": "",
        "size": 15.9402241594022
      },
      "x": 0,
      "xref": "paper"
    },
    "xaxis": {
      "domain": [0, 1],
      "automargin": true,
      "type": "category",
      "autorange": true,
      "range": [0.4, 31.6],
      "tickmode": "auto",
      "ticktext": ["Error Correction And Polishing", "Denovo Assembly", "SNP And Variant Analysis", "Tested On Non Human Data", "Alignment", "Transcriptomics", "Tested On Human Data", "Generating Consensus Sequence", "Isoform Detection", "Availablity Of Test Data", "Analysis Pipelines", "Quality Checking", "Metagenomics", "Visualisation", "Provide Summary Statistics", "Simulators", "Taxonomic Classification", "Long Read Overlapping", "Gap Filling", "Quality Filtering", "Quality Trimming", "Scaffolding", "Base Modification Detection", "Read Quantification", "Evaluating Exisiting Methods", "Suitable For Single Cell Experiments", "Basecalling", "Demultiplexing", "fast5 File Processing", "Normalisation", "polyA Length Estimation"],
      "tickvals": [1, 2, 3, 4, 5, 6, 7, 8, 9, 10, 11, 12, 13, 14, 15, 16, 17, 18, 19, 20, 21, 22, 23, 24, 25, 26, 27, 28, 29, 30, 31],
      "categoryorder": "array",