{
  "data": [
    {
      "orientation": "v",
      "width": [0.89999999999999991, 0.90000000000000013, 0.90000000000000036, 0.90000000000000036, 0.90000000000000036, 0.90000000000000036, 0.90000000000000036, 0.89999999999999947, 0.89999999999999858, 0.89999999999999858, 0.89999999999999858, 0.89999999999999858, 0.89999999999999858, 0.89999999999999858, 0.89999999999999858, 0.89999999999999858, 0.89999999999999858, 0.89999999999999858, 0.89999999999999858, 0.89999999999999858, 0.89999999999999858, 0.89999999999999858, 0.89999999999999858, 0.89999999999999858, 0.89999999999999858, 0.89999999999999858, 0.89999999999999858, 0.89999999999999858, 0.89999999999999858, 0.89999999999999858, 0.89999999999999858, 0.90000000000000213, 0.90000000000000568, 0.90000000000000568, 0.90000000000000568],
      "base": [0, 0, 0, 0, 0, 0, 0, 0, 0, 0, 0, 0, 0, 0, 0, 0, 0, 0, 0, 0, 0, 0, 0, 0, 0, 0, 0, 0, 0, 0, 0, 0, 0, 0, 0],
      "x": [1, 2, 3, 4, 5, 6, 7, 8, 9, 10, 11, 12, 13, 14, 15, 16, 17, 18, 19, 20, 21, 22, 23, 24, 25, 26, 27, 28, 29, 30, 31, 32, 33, 34, 35],
      "y": [0, 0, 0, 0, 0, 0, 0, 0, 0, 0, 0, 0, 0, 0, 0, 0, 0, 0, 0, 0, 0, 0, 0, 0, 0, 0, 0, 0, 0, 0, 0, 0, 0, 0, 0],
      "text": ["Category: Alignment<br />Count: NA <br /> Percent: NA", "Category: Analysis Pipelines<br />Count: NA <br /> Percent: NA", "Category: Availablity Of Test Data<br />Count: NA <br /> Percent: NA", "Category: Base Modification Detection<br />Count: NA <br /> Percent: NA", "Category: Basecalling<br />Count: NA <br /> Percent: NA", "Category: Coexpression Analysis<br />Count: NA <br /> Percent: NA", "Category: Data Structures<br />Count: NA <br /> Percent: NA", "Category: Demultiplexing<br />Count: NA <br /> Percent: NA", "Category: Denovo Assembly<br />Count: NA <br /> Percent: NA", "Category: Error Correction And Polishing<br />Count: NA <br /> Percent: NA", "Category: Evaluating Exisiting Methods<br />Count: NA <br /> Percent: NA", "Category: Fusion Detection<br />Count: NA <br /> Percent: NA", "Category: Gap Filling<br />Count: NA <br /> Percent: NA", "Category: Generating Consensus Sequence<br />Count: NA <br /> Percent: NA", "Category: Isoform Detection<br />Count: NA <br /> Percent: NA", "Category: Long Read Overlapping<br />Count: NA <br /> Percent: NA", "Category: Metagenomics<br />Count: NA <br /> Percent: NA", "Category: Normalisation<br />Count: NA <br /> Percent: NA", "Category: Provide Summary Statistics<br />Count: NA <br /> Percent: NA", "Category: Quality Checking<br />Count: NA <br /> Percent: NA", "Category: Quality Filtering<br />Count: NA <br /> Percent: NA", "Category: Quality Trimming<br />Count: NA <br /> Percent: NA", "Category: RNAStructure<br />Count: NA <br /> Percent: NA", "Category: Read Quantification<br />Count: NA <br /> Percent: NA", "Category: SNP And Variant Analysis<br />Count: NA <br /> Percent: NA", "Category: Scaffolding<br />Count: NA <br /> Percent: NA", "Category: Simulators<br />Count: NA <br /> Percent: NA", "Category: Suitable For Single Cell Experiments<br />Count: NA <br /> Percent: NA", "Category: Taxonomic Classification<br />Count: NA <br /> Percent: NA", "Category: Tested On Human Data<br />Count: NA <br /> Percent: NA", "Category: Tested On Non Human Data<br />Count: NA <br /> Percent: NA", "Category: Transcriptomics<br />Count: NA <br /> Percent: NA", "Category: Visualisation<br />Count: NA <br /> Percent: NA", "Category: fast5 File Processing<br />Count: NA <br /> Percent: NA", "Category: polyA Length Estimation<br />Count: NA <br /> Percent: NA"],
      "type": "bar",
      "textposition": "none",
      "marker": {
        "autocolorscale": false,
        "color": "rgba(89,115,37,1)",
        "line": {
          "width": 1.8897637795275593,
          "color": "transparent"
        }
      },
      "showlegend": false,
      "xaxis": "x",
      "yaxis": "y",
      "hoverinfo": "text",
      "frame": null
    }
  ],
  "layout": {
    "margin": {
      "t": 50,
      "r": 10,
      "b": 200,
      "l": 80
    },
    "font": {
      "color": "rgba(0,0,0,1)",
      "family": "",
      "size": 18.596928185969279
    },
    "title": {
      "text": "<b> Categories <\/b>",
      "font": {
        "color": "rgba(0,0,0,1)",
        "family": "",
        "size": 26.567040265670396
      },
      "x": 0,
      "xref": "paper"
    },
    "xaxis": {
      "domain": [0, 1],
      "automargin": true,
      "type": "linear",
      "autorange": false,
      "range": [0.40000000000000002, 35.600000000000001],
      "tickmode": "array",
      "ticktext": ["Alignment", "Analysis Pipelines", "Availablity Of Test Data", "Base Modification Detection", "Basecalling", "Coexpression Analysis", "Data Structures", "Demultiplexing", "Denovo Assembly", "Error Correction And Polishing", "Evaluating Exisiting Methods", "Fusion Detection", "Gap Filling", "Generating Consensus Sequence", "Isoform Detection", "Long Read Overlapping", "Metagenomics", "Normalisation", "Provide Summary Statistics", "Quality Checking", "Quality Filtering", "Quality Trimming", "RNAStructure", "Read Quantification", "SNP And Variant Analysis", "Scaffolding", "Simulators", "Suitable For Single Cell Experiments", "Taxonomic Classification", "Tested On Human Data", "Tested On Non Human Data", "Transcriptomics", "Visualisation", "fast5 File Processing", "polyA Length Estimation"],
      "tickvals": [1, 2, 2.9999999999999996, 4, 5, 6, 7, 8, 9, 10, 11, 12, 13, 14, 15, 16, 17, 18, 19, 20, 21, 22, 23.000000000000004, 24, 25, 26, 27, 28, 29, 29.999999999999996, 31, 32, 33, 34, 35],
      "categoryorder": "array",
      "categoryarray": ["Alignment", "Analysis Pipelines", "Availablity Of Test Data", "Base Modification Detection", "Basecalling", "Coexpression Analysis", "Data Structures", "Demultiplexing", "Denovo Assembly", "Error Correction And Polishing", "Evaluating Exisiting Methods", "Fusion Detection", "Gap Filling", "Generating Consensus Sequence", "Isoform Detection", "Long Read Overlapping", "Metagenomics", "Normalisation", "Provide Summary Statistics", "Quality Checking", "Quality Filtering", "Quality Trimming", "RNAStructure", "Read Quantification", "SNP And Variant Analysis", "Scaffolding", "Simulators", "Suitable For Single Cell Experiments", "Taxonomic Classification", "Tested On Human Data", "Tested On Non Human Data", "Transcriptomics", "Visualisation", "fast5 File Processing", "polyA Length Estimation"],
      "nticks": null,
      "ticks": "outside",
      "tickcolor": "rgba(0,0,0,1)",
      "ticklen": 4.6492320464923198,
      "tickwidth": 0.66417600664176002,
      "showticklabels": true,
      "tickfont": {
        "color": "rgba(0,0,0,1)",
        "family": "",
        "size": 10.62681610626816
      },
      "tickangle": -60,
      "showline": true,
      "linecolor": "rgba(0,0,0,1)",
      "linewidth": 0.66417600664176002,
      "showgrid": false,
      "gridcolor": null,
      "gridwidth": 0,
      "zeroline": false,
      "anchor": "y",
      "title": {
        "text": "",
        "font": {
          "color": null,
          "family": null,
          "size": 0
        }
      },
      "hoverformat": ".2f"
    },
    "yaxis": {
      "domain": [0, 1],
      "automargin": true,
      "type": "linear",
      "autorange": false,
      "range": [-0.050000000000000003, 0.050000000000000003],
      "tickmode": "array",
      "ticktext": ["-5.0%", "-2.5%", "0.0%", "2.5%", "5.0%"],
      "tickvals": [-0.050000000000000003, -0.025000000000000001, 0, 0.025000000000000008, 0.050000000000000003],
      "categoryorder": "array",
      "categoryarray": ["-5.0%", "-2.5%", "0.0%", "2.5%", "5.0%"],
      "nticks": null,
      "ticks": "outside",
      "tickcolor": "rgba(0,0,0,1)",
      "ticklen": 4.6492320464923216,
      "tickwidth": 0.66417600664176002,
      "showticklabels": true,
      "tickfont": {
        "color": "rgba(0,0,0,1)",
        "family": "",
        "size": 13.283520132835198
      },
      "tickangle": -0,
      "showline": true,
      "linecolor": "rgba(0,0,0,1)",