{
  "data": [
    {
      "orientation": "v",
      "width": [0.9, 0.9, 0.9, 0.9, 0.9, 0.9, 0.9, 0.899999999999999, 0.899999999999999, 0.899999999999999, 0.899999999999999, 0.899999999999999, 0.899999999999999, 0.899999999999999, 0.899999999999999, 0.899999999999999, 0.899999999999999, 0.899999999999999, 0.899999999999999, 0.899999999999999, 0.899999999999999, 0.899999999999999, 0.899999999999999, 0.899999999999999, 0.899999999999999, 0.899999999999999, 0.899999999999999, 0.899999999999999, 0.899999999999999, 0.899999999999999, 0.899999999999999],
      "base": [0, 0, 0, 0, 0, 0, 0, 0, 0, 0, 0, 0, 0, 0, 0, 0, 0, 0, 0, 0, 0, 0, 0, 0, 0, 0, 0, 0, 0, 0, 0],
      "x": ["Denovo Assembly", "Error Correction And Polishing", "Provide Summary Statistics", "Quality Checking", "Tested On Human Data", "Gap Filling", "SNP And Variant Analysis", "Tested On Non Human Data", "Visualisation", "Generating Consensus Sequence", "Quality Trimming", "Scaffolding", "Suitable For Single Cell Experiments", "Alignment", "Analysis Pipelines", "Evaluating Exisiting Methods", "Long Read Overlapping", "Quality Filtering", "Availablity Of Test Data", "Basecalling", "Base Modification Detection", "Demultiplexing", "fast5 File Processing", "Isoform Detection", "Metagenomics", "Normalisation", "polyA Length Estimation", "Read Quantification", "Simulators", "Taxonomic Classification", "Transcriptomics"],
      "y": [0.0208333333333333, 0.0104166666666667, 0.0104166666666667, 0.0104166666666667, 0.00833333333333333, 0.00625, 0.00625, 0.00625, 0.00625, 0.00416666666666667, 0.00416666666666667, 0.00416666666666667, 0.00416666666666667, 0.00208333333333333, 0.00208333333333333, 0.00208333333333333, 0.00208333333333333, 0.00208333333333333, 0, 0, 0, 0, 0, 0, 0, 0, 0, 0, 0, 0, 0],
      "text": ["count: 0.020833333<br />Category: Denovo Assembly<br />Prop: 0.020833333<br />Count: 10 <br /> Percent: 2.1", "count: 0.010416667<br />Category: Error Correction And Polishing<br />Prop: 0.010416667<br />Count: 5 <br /> Percent: 1", "count: 0.010416667<br />Category: Provide Summary Statistics<br />Prop: 0.010416667<br />Count: 5 <br /> Percent: 1", "count: 0.010416667<br />Category: Quality Checking<br />Prop: 0.010416667<br />Count: 5 <br /> Percent: 1", "count: 0.008333333<br />Category: Tested On Human Data<br />Prop: 0.008333333<br />Count: 4 <br /> Percent: 0.8", "count: 0.006250000<br />Category: Gap Filling<br />Prop: 0.006250000<br />Count: 3 <br /> Percent: 0.6", "count: 0.006250000<br />Category: SNP And Variant Analysis<br />Prop: 0.006250000<br />Count: 3 <br /> Percent: 0.6", "count: 0.006250000<br />Category: Tested On Non Human Data<br />Prop: 0.006250000<br />Count: 3 <br /> Percent: 0.6", "count: 0.006250000<br />Category: Visualisation<br />Prop: 0.006250000<br />Count: 3 <br /> Percent: 0.6", "count: 0.004166667<br />Category: Generating Consensus Sequence<br />Prop: 0.004166667<br />Count: 2 <br /> Percent: 0.4", "count: 0.004166667<br />Category: Quality Trimming<br />Prop: 0.004166667<br />Count: 2 <br /> Percent: 0.4", "count: 0.004166667<br />Category: Scaffolding<br />Prop: 0.004166667<br />Count: 2 <br /> Percent: 0.4", "count: 0.004166667<br />Category: Suitable For Single Cell Experiments<br />Prop: 0.004166667<br />Count: 2 <br /> Percent: 0.4", "count: 0.002083333<br />Category: Alignment<br />Prop: 0.002083333<br />Count: 1 <br /> Percent: 0.2", "count: 0.002083333<br />Category: Analysis Pipelines<br />Prop: 0.002083333<br />Count: 1 <br /> Percent: 0.2", "count: 0.002083333<br />Category: Evaluating Exisiting Methods<br />Prop: 0.002083333<br />Count: 1 <br /> Percent: 0.2", "count: 0.002083333<br />Category: Long Read Overlapping<br />Prop: 0.002083333<br />Count: 1 <br /> Percent: 0.2", "count: 0.002083333<br />Category: Quality Filtering<br />Prop: 0.002083333<br />Count: 1 <br /> Percent: 0.2", "count: 0.000000000<br />Category: Availablity Of Test Data<br />Prop: 0.000000000<br />Count: 0 <br /> Percent: 0", "count: 0.000000000<br />Category: Basecalling<br />Prop: 0.000000000<br />Count: 0 <br /> Percent: 0", "count: 0.000000000<br />Category: Base Modification Detection<br />Prop: 0.000000000<br />Count: 0 <br /> Percent: 0", "count: 0.000000000<br />Category: Demultiplexing<br />Prop: 0.000000000<br />Count: 0 <br /> Percent: 0", "count: 0.000000000<br />Category: fast5 File Processing<br />Prop: 0.000000000<br />Count: 0 <br /> Percent: 0", "count: 0.000000000<br />Category: Isoform Detection<br />Prop: 0.000000000<br />Count: 0 <br /> Percent: 0", "count: 0.000000000<br />Category: Metagenomics<br />Prop: 0.000000000<br />Count: 0 <br /> Percent: 0", "count: 0.000000000<br />Category: Normalisation<br />Prop: 0.000000000<br />Count: 0 <br /> Percent: 0", "count: 0.000000000<br />Category: polyA Length Estimation<br />Prop: 0.000000000<br />Count: 0 <br /> Percent: 0", "count: 0.000000000<br />Category: Read Quantification<br />Prop: 0.000000000<br />Count: 0 <br /> Percent: 0", "count: 0.000000000<br />Category: Simulators<br />Prop: 0.000000000<br />Count: 0 <br /> Percent: 0", "count: 0.000000000<br />Category: Taxonomic Classification<br />Prop: 0.000000000<br />Count: 0 <br /> Percent: 0", "count: 0.000000000<br />Category: Transcriptomics<br />Prop: 0.000000000<br />Count: 0 <br /> Percent: 0"],
      "type": "bar",
      "marker": {
        "autocolorscale": false,
        "color": "rgba(159,199,81,1)",
        "line": {
          "width": 1.88976377952756,
          "color": "transparent"
        }
      },
      "showlegend": false,
      "xaxis": "x",
      "yaxis": "y",
      "hoverinfo": "text",
      "frame": null
    }
  ],
  "layout": {
    "margin": {
      "t": 50,
      "r": 40,
      "b": 90,
      "l": 70
    },
    "font": {
      "color": "rgba(0,0,0,1)",
      "family": "",
      "size": 18.5969281859693
    },
    "title": {
      "text": "<b> Bionano Genomics focused <\/b>",
      "font": {
        "color": "rgba(0,0,0,1)",
        "family": "",
        "size": 15.9402241594022
      },
      "x": 0,
      "xref": "paper"
    },
    "xaxis": {
      "domain": [0, 1],
      "automargin": true,
      "type": "category",
      "autorange": true,
      "range": [0.4, 31.6],
      "tickmode": "auto",
      "ticktext": ["Denovo Assembly", "Error Correction And Polishing", "Provide Summary Statistics", "Quality Checking", "Tested On Human Data", "Gap Filling", "SNP And Variant Analysis", "Tested On Non Human Data", "Visualisation", "Generating Consensus Sequence", "Quality Trimming", "Scaffolding", "Suitable For Single Cell Experiments", "Alignment", "Analysis Pipelines", "Evaluating Exisiting Methods", "Long Read Overlapping", "Quality Filtering", "Availablity Of Test Data", "Basecalling", "Base Modification Detection", "Demultiplexing", "fast5 File Processing", "Isoform Detection", "Metagenomics", "Normalisation", "polyA Length Estimation", "Read Quantification", "Simulators", "Taxonomic Classification", "Transcriptomics"],
      "tickvals": [1, 2, 3, 4, 5, 6, 7, 8, 9, 10, 11, 12, 13, 14, 15, 16, 17, 18, 19, 20, 21, 22, 23, 24, 25, 26, 27, 28, 29, 30, 31],
      "categoryorder": "array",
      "categoryarray": ["Denovo Assembly", "Error Correction And Polishing", "Provide Summary Statistics", "Quality Checking", "Tested On Human Data", "Gap Filling", "SNP And Variant Analysis", "Tested On Non Human Data", "Visualisation", "Generating Consensus Sequence", "Quality Trimming", "Scaffolding", "Suitable For Single Cell Experiments", "Alignment", "Analysis Pipelines", "Evaluating Exisiting Methods", "Long Read Overlapping", "Quality Filtering", "Availablity Of Test Data", "Basecalling", "Base Modification Detection", "Demultiplexing", "fast5 File Processing", "Isoform Detection", "Metagenomics", "Normalisation", "polyA Length Estimation", "Read Quantification", "Simulators", "Taxonomic Classification", "Transcriptomics"],
      "nticks": null,
      "ticks": "outside",
      "tickcolor": "rgba(0,0,0,1)",
      "ticklen": 4.64923204649232,