{
  "data": [
    {
      "orientation": "v",
      "width": [0.9, 0.9, 0.9, 0.9, 0.9, 0.9, 0.9, 0.899999999999999, 0.899999999999999, 0.899999999999999, 0.899999999999999, 0.899999999999999, 0.899999999999999, 0.899999999999999, 0.899999999999999, 0.899999999999999, 0.899999999999999, 0.899999999999999, 0.899999999999999, 0.899999999999999, 0.899999999999999, 0.899999999999999, 0.899999999999999, 0.899999999999999, 0.899999999999999, 0.899999999999999, 0.899999999999999, 0.899999999999999, 0.899999999999999, 0.899999999999999, 0.899999999999999, 0.900000000000002, 0.900000000000006, 0.900000000000006, 0.900000000000006],
      "base": [0, 0, 0, 0, 0, 0, 0, 0, 0, 0, 0, 0, 0, 0, 0, 0, 0, 0, 0, 0, 0, 0, 0, 0, 0, 0, 0, 0, 0, 0, 0, 0, 0, 0, 0],
      "x": [1, 2, 3, 4, 5, 6, 7, 8, 9, 10, 11, 12, 13, 14, 15, 16, 17, 18, 19, 20, 21, 22, 23, 24, 25, 26, 27, 28, 29, 30, 31, 32, 33, 34, 35],
      "y": [0.205128205128205, 0.195156695156695, 0.192307692307692, 0.190883190883191, 0.168091168091168, 0.160968660968661, 0.152421652421652, 0.148148148148148, 0.141025641025641, 0.105413105413105, 0.103988603988604, 0.0997150997150997, 0.094017094017094, 0.0925925925925926, 0.0826210826210826, 0.0683760683760684, 0.0626780626780627, 0.0455840455840456, 0.0413105413105413, 0.0327635327635328, 0.0327635327635328, 0.0327635327635328, 0.0313390313390313, 0.0313390313390313, 0.0256410256410256, 0.0256410256410256, 0.0227920227920228, 0.0213675213675214, 0.0156695156695157, 0.0128205128205128, 0.0113960113960114, 0.00712250712250712, 0.0056980056980057, 0.0056980056980057, 0.00427350427350427],
      "text": ["Category: Tested On Non Human Data<br />Count: 144 <br /> Percent: 20.5", "Category: Tested On Human Data<br />Count: 137 <br /> Percent: 19.5", "Category: SNP And Variant Analysis<br />Count: 135 <br /> Percent: 19.2", "Category: Error Correction And Polishing<br />Count: 134 <br /> Percent: 19.1", "Category: Denovo Assembly<br />Count: 118 <br /> Percent: 16.8", "Category: Transcriptomics<br />Count: 113 <br /> Percent: 16.1", "Category: Availablity Of Test Data<br />Count: 107 <br /> Percent: 15.2", "Category: Alignment<br />Count: 104 <br /> Percent: 14.8", "Category: Analysis Pipelines<br />Count: 99 <br /> Percent: 14.1", "Category: Generating Consensus Sequence<br />Count: 74 <br /> Percent: 10.5", "Category: Visualisation<br />Count: 73 <br /> Percent: 10.4", "Category: Base Modification Detection<br />Count: 70 <br /> Percent: 10", "Category: Quality Checking<br />Count: 66 <br /> Percent: 9.4", "Category: Provide Summary Statistics<br />Count: 65 <br /> Percent: 9.3", "Category: Isoform Detection<br />Count: 58 <br /> Percent: 8.3", "Category: Basecalling<br />Count: 48 <br /> Percent: 6.8", "Category: Metagenomics<br />Count: 44 <br /> Percent: 6.3", "Category: Scaffolding<br />Count: 32 <br /> Percent: 4.6", "Category: Read Quantification<br />Count: 29 <br /> Percent: 4.1", "Category: Quality Trimming<br />Count: 23 <br /> Percent: 3.3", "Category: Simulators<br />Count: 23 <br /> Percent: 3.3", "Category: Taxonomic Classification<br />Count: 23 <br /> Percent: 3.3", "Category: Demultiplexing<br />Count: 22 <br /> Percent: 3.1", "Category: Quality Filtering<br />Count: 22 <br /> Percent: 3.1", "Category: Gap Filling<br />Count: 18 <br /> Percent: 2.6", "Category: Long Read Overlapping<br />Count: 18 <br /> Percent: 2.6", "Category: fast5 File Processing<br />Count: 16 <br /> Percent: 2.3", "Category: Suitable For Single Cell Experiments<br />Count: 15 <br /> Percent: 2.1", "Category: Evaluating Exisiting Methods<br />Count: 11 <br /> Percent: 1.6", "Category: polyA Length Estimation<br />Count: 9 <br /> Percent: 1.3", "Category: RNAStructure<br />Count: 8 <br /> Percent: 1.1", "Category: Fusion Detection<br />Count: 5 <br /> Percent: 0.7", "Category: Data Structures<br />Count: 4 <br /> Percent: 0.6", "Category: Normalisation<br />Count: 4 <br /> Percent: 0.6", "Category: Coexpression Analysis<br />Count: 3 <br /> Percent: 0.4"],
      "type": "bar",
      "textposition": "none",
      "marker": {
        "autocolorscale": false,
        "color": "rgba(89,115,37,1)",
        "line": {
          "width": 1.88976377952756,
          "color": "transparent"
        }
      },
      "showlegend": false,
      "xaxis": "x",
      "yaxis": "y",
      "hoverinfo": "text",
      "frame": null
    }
  ],
  "layout": {
    "margin": {
      "t": 50,
      "r": 10,
      "b": 200,
      "l": 80
    },
    "font": {
      "color": "rgba(0,0,0,1)",
      "family": "",
      "size": 18.5969281859693
    },
    "title": {
      "text": "<b> Categories <\/b>",
      "font": {
        "color": "rgba(0,0,0,1)",
        "family": "",
        "size": 26.5670402656704
      },
      "x": 0,
      "xref": "paper"
    },
    "xaxis": {
      "domain": [0, 1],
      "automargin": true,
      "type": "linear",
      "autorange": false,
      "range": [0.4, 35.6],
      "tickmode": "array",
      "ticktext": ["Tested On Non Human Data", "Tested On Human Data", "SNP And Variant Analysis", "Error Correction And Polishing", "Denovo Assembly", "Transcriptomics", "Availablity Of Test Data", "Alignment", "Analysis Pipelines", "Generating Consensus Sequence", "Visualisation", "Base Modification Detection", "Quality Checking", "Provide Summary Statistics", "Isoform Detection", "Basecalling", "Metagenomics", "Scaffolding", "Read Quantification", "Quality Trimming", "Simulators", "Taxonomic Classification", "Demultiplexing", "Quality Filtering", "Gap Filling", "Long Read Overlapping", "fast5 File Processing", "Suitable For Single Cell Experiments", "Evaluating Exisiting Methods", "polyA Length Estimation", "RNAStructure", "Fusion Detection", "Data Structures", "Normalisation", "Coexpression Analysis"],
      "tickvals": [1, 2, 3, 4, 5, 6, 7, 8, 9, 10, 11, 12, 13, 14, 15, 16, 17, 18, 19, 20, 21, 22, 23, 24, 25, 26, 27, 28, 29, 30, 31, 32, 33, 34, 35],
      "categoryorder": "array",
      "categoryarray": ["Tested On Non Human Data", "Tested On Human Data", "SNP And Variant Analysis", "Error Correction And Polishing", "Denovo Assembly", "Transcriptomics", "Availablity Of Test Data", "Alignment", "Analysis Pipelines", "Generating Consensus Sequence", "Visualisation", "Base Modification Detection", "Quality Checking", "Provide Summary Statistics", "Isoform Detection", "Basecalling", "Metagenomics", "Scaffolding", "Read Quantification", "Quality Trimming", "Simulators", "Taxonomic Classification", "Demultiplexing", "Quality Filtering", "Gap Filling", "Long Read Overlapping", "fast5 File Processing", "Suitable For Single Cell Experiments", "Evaluating Exisiting Methods", "polyA Length Estimation", "RNAStructure", "Fusion Detection", "Data Structures", "Normalisation", "Coexpression Analysis"],
      "nticks": null,
      "ticks": "outside",
      "tickcolor": "rgba(0,0,0,1)",
      "ticklen": 4.64923204649232,
      "tickwidth": 0.66417600664176,
      "showticklabels": true,
      "tickfont": {
        "color": "rgba(0,0,0,1)",
        "family": "",
        "size": 10.6268161062682
      },
      "tickangle": -60,
      "showline": true,
      "linecolor": "rgba(0,0,0,1)",
      "linewidth": 0.66417600664176,
      "showgrid": false,
      "gridcolor": null,
      "gridwidth": 0,
      "zeroline": false,
      "anchor": "y",
      "title": {
        "text": "",
        "font": {
          "color": null,
          "family": null,
          "size": 0
        }
      },
      "hoverformat": ".2f"
    },
    "yaxis": {
      "domain": [0, 1],
      "automargin": true,
      "type": "linear",
      "autorange": false,
      "range": [-0.0102564102564103, 0.215384615384615],
      "tickmode": "array",
      "ticktext": ["0%", "5%", "10%", "15%", "20%"],
      "tickvals": [0, 0.05, 0.1, 0.15, 0.2],
      "categoryorder": "array",
      "categoryarray": ["0%", "5%", "10%", "15%", "20%"],
      "nticks": null,
      "ticks": "outside",
      "tickcolor": "rgba(0,0,0,1)",