{
  "data": [
    {
      "orientation": "v",
      "width": [0.89999999999999991, 0.90000000000000013, 0.90000000000000036, 0.90000000000000036, 0.90000000000000036, 0.90000000000000036, 0.90000000000000036, 0.89999999999999947, 0.89999999999999858, 0.89999999999999858, 0.89999999999999858, 0.89999999999999858, 0.89999999999999858, 0.89999999999999858, 0.89999999999999858, 0.89999999999999858, 0.89999999999999858, 0.89999999999999858, 0.89999999999999858, 0.89999999999999858, 0.89999999999999858, 0.89999999999999858, 0.89999999999999858, 0.89999999999999858, 0.89999999999999858, 0.89999999999999858, 0.89999999999999858, 0.89999999999999858, 0.89999999999999858, 0.89999999999999858, 0.89999999999999858],
      "base": [0, 0, 0, 0, 0, 0, 0, 0, 0, 0, 0, 0, 0, 0, 0, 0, 0, 0, 0, 0, 0, 0, 0, 0, 0, 0, 0, 0, 0, 0, 0],
      "x": ["Tested On Human Data", "Availability Of Test Data", "Analysis Pipelines", "Tested On Non Human Data", "SNP And Variant Analysis", "Transcriptomics", "Alignment", "Error Correction And Polishing", "Denovo Assembly", "Base Modification Detection", "Visualisation", "Isoform Detection", "Generating Consensus Sequence", "Provide Summary Statistics", "Quality Checking", "Metagenomics", "Basecalling", "Read Quantification", "Suitable For Single Cell Experiments", "Taxonomic Classification", "fast5 File Processing", "Demultiplexing", "Quality Filtering", "Scaffolding", "Simulators", "Long Read Overlapping", "Quality Trimming", "Gap Filling", "Evaluating Existing Methods", "Normalisation", "polyA Length Estimation"],
      "y": [0.25226039783001808, 0.24954792043399637, 0.21338155515370705, 0.19891500904159132, 0.18896925858951175, 0.16998191681735986, 0.13743218806509946, 0.12206148282097649, 0.11392405063291139, 0.1112115732368897, 0.10849909584086799, 0.087703435804701621, 0.075949367088607597, 0.075949367088607597, 0.075949367088607597, 0.0650994575045208, 0.062386980108499093, 0.054249547920433995, 0.042495479204339964, 0.031645569620253167, 0.03074141048824593, 0.029837251356238697, 0.026220614828209764, 0.026220614828209764, 0.026220614828209764, 0.024412296564195298, 0.021699819168173599, 0.018987341772151899, 0.014466546112115732, 0.0090415913200723331, 0.0081374321880651],
      "text": ["count: 0.252260398<br />Category: Tested On Human Data<br />Prop: 0.252260398<br />Count: 279 <br /> Percent: 25.2", "count: 0.249547920<br />Category: Availability Of Test Data<br />Prop: 0.249547920<br />Count: 276 <br /> Percent: 25", "count: 0.213381555<br />Category: Analysis Pipelines<br />Prop: 0.213381555<br />Count: 236 <br /> Percent: 21.3", "count: 0.198915009<br />Category: Tested On Non Human Data<br />Prop: 0.198915009<br />Count: 220 <br /> Percent: 19.9", "count: 0.188969259<br />Category: SNP And Variant Analysis<br />Prop: 0.188969259<br />Count: 209 <br /> Percent: 18.9", "count: 0.169981917<br />Category: Transcriptomics<br />Prop: 0.169981917<br />Count: 188 <br /> Percent: 17", "count: 0.137432188<br />Category: Alignment<br />Prop: 0.137432188<br />Count: 152 <br /> Percent: 13.7", "count: 0.122061483<br />Category: Error Correction And Polishing<br />Prop: 0.122061483<br />Count: 135 <br /> Percent: 12.2", "count: 0.113924051<br />Category: Denovo Assembly<br />Prop: 0.113924051<br />Count: 126 <br /> Percent: 11.4", "count: 0.111211573<br />Category: Base Modification Detection<br />Prop: 0.111211573<br />Count: 123 <br /> Percent: 11.1", "count: 0.108499096<br />Category: Visualisation<br />Prop: 0.108499096<br />Count: 120 <br /> Percent: 10.8", "count: 0.087703436<br />Category: Isoform Detection<br />Prop: 0.087703436<br />Count: 97 <br /> Percent: 8.8", "count: 0.075949367<br />Category: Generating Consensus Sequence<br />Prop: 0.075949367<br />Count: 84 <br /> Percent: 7.6", "count: 0.075949367<br />Category: Provide Summary Statistics<br />Prop: 0.075949367<br />Count: 84 <br /> Percent: 7.6", "count: 0.075949367<br />Category: Quality Checking<br />Prop: 0.075949367<br />Count: 84 <br /> Percent: 7.6", "count: 0.065099458<br />Category: Metagenomics<br />Prop: 0.065099458<br />Count: 72 <br /> Percent: 6.5", "count: 0.062386980<br />Category: Basecalling<br />Prop: 0.062386980<br />Count: 69 <br /> Percent: 6.2", "count: 0.054249548<br />Category: Read Quantification<br />Prop: 0.054249548<br />Count: 60 <br /> Percent: 5.4", "count: 0.042495479<br />Category: Suitable For Single Cell Experiments<br />Prop: 0.042495479<br />Count: 47 <br /> Percent: 4.2", "count: 0.031645570<br />Category: Taxonomic Classification<br />Prop: 0.031645570<br />Count: 35 <br /> Percent: 3.2", "count: 0.030741410<br />Category: fast5 File Processing<br />Prop: 0.030741410<br />Count: 34 <br /> Percent: 3.1", "count: 0.029837251<br />Category: Demultiplexing<br />Prop: 0.029837251<br />Count: 33 <br /> Percent: 3", "count: 0.026220615<br />Category: Quality Filtering<br />Prop: 0.026220615<br />Count: 29 <br /> Percent: 2.6", "count: 0.026220615<br />Category: Scaffolding<br />Prop: 0.026220615<br />Count: 29 <br /> Percent: 2.6", "count: 0.026220615<br />Category: Simulators<br />Prop: 0.026220615<br />Count: 29 <br /> Percent: 2.6", "count: 0.024412297<br />Category: Long Read Overlapping<br />Prop: 0.024412297<br />Count: 27 <br /> Percent: 2.4", "count: 0.021699819<br />Category: Quality Trimming<br />Prop: 0.021699819<br />Count: 24 <br /> Percent: 2.2", "count: 0.018987342<br />Category: Gap Filling<br />Prop: 0.018987342<br />Count: 21 <br /> Percent: 1.9", "count: 0.014466546<br />Category: Evaluating Existing Methods<br />Prop: 0.014466546<br />Count: 16 <br /> Percent: 1.4", "count: 0.009041591<br />Category: Normalisation<br />Prop: 0.009041591<br />Count: 10 <br /> Percent: 0.9", "count: 0.008137432<br />Category: polyA Length Estimation<br />Prop: 0.008137432<br />Count: 9 <br /> Percent: 0.8"],
      "type": "bar",
      "textposition": "none",
      "marker": {
        "autocolorscale": false,
        "color": "rgba(159,199,81,1)",
        "line": {
          "width": 1.8897637795275593,
          "color": "transparent"
        }
      },
      "showlegend": false,
      "xaxis": "x",
      "yaxis": "y",
      "hoverinfo": "text",
      "frame": null
    }
  ],
  "layout": {
    "margin": {
      "t": 50,
      "r": 40,
      "b": 90,
      "l": 70
    },
    "font": {
      "color": "rgba(0,0,0,1)",
      "family": "",
      "size": 18.596928185969279
    },
    "title": {
      "text": "<b> Oxford Nanopore focused <\/b>",
      "font": {
        "color": "rgba(0,0,0,1)",
        "family": "",
        "size": 15.940224159402243
      },
      "x": 0,
      "xref": "paper"
    },
    "xaxis": {
      "domain": [0, 1],
      "automargin": true,
      "type": "category",
      "autorange": true,
      "range": [0.40000000000000002, 31.600000000000001],
      "tickmode": "auto",
      "ticktext": ["Tested On Human Data", "Availability Of Test Data", "Analysis Pipelines", "Tested On Non Human Data", "SNP And Variant Analysis", "Transcriptomics", "Alignment", "Error Correction And Polishing", "Denovo Assembly", "Base Modification Detection", "Visualisation", "Isoform Detection", "Generating Consensus Sequence", "Provide Summary Statistics", "Quality Checking", "Metagenomics", "Basecalling", "Read Quantification", "Suitable For Single Cell Experiments", "Taxonomic Classification", "fast5 File Processing", "Demultiplexing", "Quality Filtering", "Scaffolding", "Simulators", "Long Read Overlapping", "Quality Trimming", "Gap Filling", "Evaluating Existing Methods", "Normalisation", "polyA Length Estimation"],
      "tickvals": [1, 2, 3, 4, 5, 6, 7, 8, 9, 10, 11, 12, 13, 14, 15, 16, 17, 18, 19, 20, 21, 22, 23, 24, 25, 26, 27, 28, 29, 30, 31],
      "categoryorder": "array",