{
  "data": [
    {
      "orientation": "v",
      "width": [0.9, 0.9, 0.9, 0.9, 0.9, 0.9, 0.9, 0.899999999999999, 0.899999999999999, 0.899999999999999, 0.899999999999999, 0.899999999999999, 0.899999999999999, 0.899999999999999, 0.899999999999999, 0.899999999999999, 0.899999999999999, 0.899999999999999, 0.899999999999999, 0.899999999999999, 0.899999999999999, 0.899999999999999, 0.899999999999999, 0.899999999999999, 0.899999999999999, 0.899999999999999, 0.899999999999999, 0.899999999999999, 0.899999999999999, 0.899999999999999, 0.899999999999999],
      "base": [0, 0, 0, 0, 0, 0, 0, 0, 0, 0, 0, 0, 0, 0, 0, 0, 0, 0, 0, 0, 0, 0, 0, 0, 0, 0, 0, 0, 0, 0, 0],
      "x": ["Denovo Assembly", "Tested On Human Data", "SNP And Variant Analysis", "Quality Checking", "Scaffolding", "Generating Consensus Sequence", "Alignment", "Error Correction And Polishing", "Provide Summary Statistics", "Tested On Non Human Data", "Availablity Of Test Data", "Demultiplexing", "Suitable For Single Cell Experiments", "Analysis Pipelines", "Long Read Overlapping", "Metagenomics", "Simulators", "Taxonomic Classification", "Visualisation", "Evaluating Exisiting Methods", "Gap Filling", "Quality Trimming", "Read Quantification", "Transcriptomics", "Basecalling", "Base Modification Detection", "fast5 File Processing", "Isoform Detection", "Normalisation", "polyA Length Estimation", "Quality Filtering"],
      "y": [0.0213675213675214, 0.0156695156695157, 0.0142450142450142, 0.0113960113960114, 0.00997150997150997, 0.00854700854700855, 0.00712250712250712, 0.00712250712250712, 0.00712250712250712, 0.00712250712250712, 0.0056980056980057, 0.00427350427350427, 0.00427350427350427, 0.00284900284900285, 0.00284900284900285, 0.00284900284900285, 0.00284900284900285, 0.00284900284900285, 0.00284900284900285, 0.00142450142450142, 0.00142450142450142, 0.00142450142450142, 0.00142450142450142, 0.00142450142450142, 0, 0, 0, 0, 0, 0, 0],
      "text": ["count: 0.021367521<br />Category: Denovo Assembly<br />Prop: 0.021367521<br />Count: 15 <br /> Percent: 2.1", "count: 0.015669516<br />Category: Tested On Human Data<br />Prop: 0.015669516<br />Count: 11 <br /> Percent: 1.6", "count: 0.014245014<br />Category: SNP And Variant Analysis<br />Prop: 0.014245014<br />Count: 10 <br /> Percent: 1.4", "count: 0.011396011<br />Category: Quality Checking<br />Prop: 0.011396011<br />Count: 8 <br /> Percent: 1.1", "count: 0.009971510<br />Category: Scaffolding<br />Prop: 0.009971510<br />Count: 7 <br /> Percent: 1", "count: 0.008547009<br />Category: Generating Consensus Sequence<br />Prop: 0.008547009<br />Count: 6 <br /> Percent: 0.9", "count: 0.007122507<br />Category: Alignment<br />Prop: 0.007122507<br />Count: 5 <br /> Percent: 0.7", "count: 0.007122507<br />Category: Error Correction And Polishing<br />Prop: 0.007122507<br />Count: 5 <br /> Percent: 0.7", "count: 0.007122507<br />Category: Provide Summary Statistics<br />Prop: 0.007122507<br />Count: 5 <br /> Percent: 0.7", "count: 0.007122507<br />Category: Tested On Non Human Data<br />Prop: 0.007122507<br />Count: 5 <br /> Percent: 0.7", "count: 0.005698006<br />Category: Availablity Of Test Data<br />Prop: 0.005698006<br />Count: 4 <br /> Percent: 0.6", "count: 0.004273504<br />Category: Demultiplexing<br />Prop: 0.004273504<br />Count: 3 <br /> Percent: 0.4", "count: 0.004273504<br />Category: Suitable For Single Cell Experiments<br />Prop: 0.004273504<br />Count: 3 <br /> Percent: 0.4", "count: 0.002849003<br />Category: Analysis Pipelines<br />Prop: 0.002849003<br />Count: 2 <br /> Percent: 0.3", "count: 0.002849003<br />Category: Long Read Overlapping<br />Prop: 0.002849003<br />Count: 2 <br /> Percent: 0.3", "count: 0.002849003<br />Category: Metagenomics<br />Prop: 0.002849003<br />Count: 2 <br /> Percent: 0.3", "count: 0.002849003<br />Category: Simulators<br />Prop: 0.002849003<br />Count: 2 <br /> Percent: 0.3", "count: 0.002849003<br />Category: Taxonomic Classification<br />Prop: 0.002849003<br />Count: 2 <br /> Percent: 0.3", "count: 0.002849003<br />Category: Visualisation<br />Prop: 0.002849003<br />Count: 2 <br /> Percent: 0.3", "count: 0.001424501<br />Category: Evaluating Exisiting Methods<br />Prop: 0.001424501<br />Count: 1 <br /> Percent: 0.1", "count: 0.001424501<br />Category: Gap Filling<br />Prop: 0.001424501<br />Count: 1 <br /> Percent: 0.1", "count: 0.001424501<br />Category: Quality Trimming<br />Prop: 0.001424501<br />Count: 1 <br /> Percent: 0.1", "count: 0.001424501<br />Category: Read Quantification<br />Prop: 0.001424501<br />Count: 1 <br /> Percent: 0.1", "count: 0.001424501<br />Category: Transcriptomics<br />Prop: 0.001424501<br />Count: 1 <br /> Percent: 0.1", "count: 0.000000000<br />Category: Basecalling<br />Prop: 0.000000000<br />Count: 0 <br /> Percent: 0", "count: 0.000000000<br />Category: Base Modification Detection<br />Prop: 0.000000000<br />Count: 0 <br /> Percent: 0", "count: 0.000000000<br />Category: fast5 File Processing<br />Prop: 0.000000000<br />Count: 0 <br /> Percent: 0", "count: 0.000000000<br />Category: Isoform Detection<br />Prop: 0.000000000<br />Count: 0 <br /> Percent: 0", "count: 0.000000000<br />Category: Normalisation<br />Prop: 0.000000000<br />Count: 0 <br /> Percent: 0", "count: 0.000000000<br />Category: polyA Length Estimation<br />Prop: 0.000000000<br />Count: 0 <br /> Percent: 0", "count: 0.000000000<br />Category: Quality Filtering<br />Prop: 0.000000000<br />Count: 0 <br /> Percent: 0"],
      "type": "bar",
      "textposition": "none",
      "marker": {
        "autocolorscale": false,
        "color": "rgba(159,199,81,1)",
        "line": {
          "width": 1.88976377952756,
          "color": "transparent"
        }
      },
      "showlegend": false,
      "xaxis": "x",
      "yaxis": "y",
      "hoverinfo": "text",
      "frame": null
    }
  ],
  "layout": {
    "margin": {
      "t": 50,
      "r": 40,
      "b": 90,
      "l": 70
    },
    "font": {
      "color": "rgba(0,0,0,1)",
      "family": "",
      "size": 18.5969281859693
    },
    "title": {
      "text": "<b> 10X Genomics focused <\/b>",
      "font": {
        "color": "rgba(0,0,0,1)",
        "family": "",
        "size": 15.9402241594022
      },
      "x": 0,
      "xref": "paper"
    },
    "xaxis": {
      "domain": [0, 1],
      "automargin": true,
      "type": "category",
      "autorange": true,
      "range": [0.4, 31.6],
      "tickmode": "auto",
      "ticktext": ["Denovo Assembly", "Tested On Human Data", "SNP And Variant Analysis", "Quality Checking", "Scaffolding", "Generating Consensus Sequence", "Alignment", "Error Correction And Polishing", "Provide Summary Statistics", "Tested On Non Human Data", "Availablity Of Test Data", "Demultiplexing", "Suitable For Single Cell Experiments", "Analysis Pipelines", "Long Read Overlapping", "Metagenomics", "Simulators", "Taxonomic Classification", "Visualisation", "Evaluating Exisiting Methods", "Gap Filling", "Quality Trimming", "Read Quantification", "Transcriptomics", "Basecalling", "Base Modification Detection", "fast5 File Processing", "Isoform Detection", "Normalisation", "polyA Length Estimation", "Quality Filtering"],
      "tickvals": [1, 2, 3, 4, 5, 6, 7, 8, 9, 10, 11, 12, 13, 14, 15, 16, 17, 18, 19, 20, 21, 22, 23, 24, 25, 26, 27, 28, 29, 30, 31],
      "categoryorder": "array",