{
  "data": [
    {
      "orientation": "v",
      "width": [0.9, 0.9, 0.9, 0.9, 0.9, 0.9, 0.9, 0.899999999999999, 0.899999999999999, 0.899999999999999, 0.899999999999999, 0.899999999999999, 0.899999999999999, 0.899999999999999, 0.899999999999999, 0.899999999999999, 0.899999999999999, 0.899999999999999, 0.899999999999999, 0.899999999999999, 0.899999999999999, 0.899999999999999, 0.899999999999999, 0.899999999999999, 0.899999999999999, 0.899999999999999, 0.899999999999999, 0.899999999999999, 0.899999999999999, 0.899999999999999, 0.899999999999999],
      "base": [0, 0, 0, 0, 0, 0, 0, 0, 0, 0, 0, 0, 0, 0, 0, 0, 0, 0, 0, 0, 0, 0, 0, 0, 0, 0, 0, 0, 0, 0, 0],
      "x": ["Tested On Non Human Data", "Tested On Human Data", "Availablity Of Test Data", "SNP And Variant Analysis", "Error Correction And Polishing", "Analysis Pipelines", "Transcriptomics", "Alignment", "Denovo Assembly", "Visualisation", "Base Modification Detection", "Provide Summary Statistics", "Quality Checking", "Generating Consensus Sequence", "Isoform Detection", "Basecalling", "Metagenomics", "Read Quantification", "Scaffolding", "Taxonomic Classification", "Quality Filtering", "fast5 File Processing", "Long Read Overlapping", "Quality Trimming", "Simulators", "Demultiplexing", "Suitable For Single Cell Experiments", "Gap Filling", "Evaluating Exisiting Methods", "polyA Length Estimation", "Normalisation"],
      "y": [0.189403973509934, 0.186754966887417, 0.164238410596026, 0.164238410596026, 0.145695364238411, 0.135099337748344, 0.135099337748344, 0.13112582781457, 0.121854304635762, 0.103311258278146, 0.0860927152317881, 0.0821192052980132, 0.0821192052980132, 0.0794701986754967, 0.0741721854304636, 0.0635761589403974, 0.0609271523178808, 0.0423841059602649, 0.0304635761589404, 0.0291390728476821, 0.0278145695364238, 0.0278145695364238, 0.023841059602649, 0.023841059602649, 0.023841059602649, 0.0225165562913907, 0.0225165562913907, 0.0198675496688742, 0.0172185430463576, 0.00927152317880795, 0.00529801324503311],
      "text": ["count: 0.189403974<br />Category: Tested On Non Human Data<br />Prop: 0.189403974<br />Count: 143 <br /> Percent: 18.9", "count: 0.186754967<br />Category: Tested On Human Data<br />Prop: 0.186754967<br />Count: 141 <br /> Percent: 18.7", "count: 0.164238411<br />Category: Availablity Of Test Data<br />Prop: 0.164238411<br />Count: 124 <br /> Percent: 16.4", "count: 0.164238411<br />Category: SNP And Variant Analysis<br />Prop: 0.164238411<br />Count: 124 <br /> Percent: 16.4", "count: 0.145695364<br />Category: Error Correction And Polishing<br />Prop: 0.145695364<br />Count: 110 <br /> Percent: 14.6", "count: 0.135099338<br />Category: Analysis Pipelines<br />Prop: 0.135099338<br />Count: 102 <br /> Percent: 13.5", "count: 0.135099338<br />Category: Transcriptomics<br />Prop: 0.135099338<br />Count: 102 <br /> Percent: 13.5", "count: 0.131125828<br />Category: Alignment<br />Prop: 0.131125828<br />Count: 99 <br /> Percent: 13.1", "count: 0.121854305<br />Category: Denovo Assembly<br />Prop: 0.121854305<br />Count: 92 <br /> Percent: 12.2", "count: 0.103311258<br />Category: Visualisation<br />Prop: 0.103311258<br />Count: 78 <br /> Percent: 10.3", "count: 0.086092715<br />Category: Base Modification Detection<br />Prop: 0.086092715<br />Count: 65 <br /> Percent: 8.6", "count: 0.082119205<br />Category: Provide Summary Statistics<br />Prop: 0.082119205<br />Count: 62 <br /> Percent: 8.2", "count: 0.082119205<br />Category: Quality Checking<br />Prop: 0.082119205<br />Count: 62 <br /> Percent: 8.2", "count: 0.079470199<br />Category: Generating Consensus Sequence<br />Prop: 0.079470199<br />Count: 60 <br /> Percent: 7.9", "count: 0.074172185<br />Category: Isoform Detection<br />Prop: 0.074172185<br />Count: 56 <br /> Percent: 7.4", "count: 0.063576159<br />Category: Basecalling<br />Prop: 0.063576159<br />Count: 48 <br /> Percent: 6.4", "count: 0.060927152<br />Category: Metagenomics<br />Prop: 0.060927152<br />Count: 46 <br /> Percent: 6.1", "count: 0.042384106<br />Category: Read Quantification<br />Prop: 0.042384106<br />Count: 32 <br /> Percent: 4.2", "count: 0.030463576<br />Category: Scaffolding<br />Prop: 0.030463576<br />Count: 23 <br /> Percent: 3", "count: 0.029139073<br />Category: Taxonomic Classification<br />Prop: 0.029139073<br />Count: 22 <br /> Percent: 2.9", "count: 0.027814570<br />Category: Quality Filtering<br />Prop: 0.027814570<br />Count: 21 <br /> Percent: 2.8", "count: 0.027814570<br />Category: fast5 File Processing<br />Prop: 0.027814570<br />Count: 21 <br /> Percent: 2.8", "count: 0.023841060<br />Category: Long Read Overlapping<br />Prop: 0.023841060<br />Count: 18 <br /> Percent: 2.4", "count: 0.023841060<br />Category: Quality Trimming<br />Prop: 0.023841060<br />Count: 18 <br /> Percent: 2.4", "count: 0.023841060<br />Category: Simulators<br />Prop: 0.023841060<br />Count: 18 <br /> Percent: 2.4", "count: 0.022516556<br />Category: Demultiplexing<br />Prop: 0.022516556<br />Count: 17 <br /> Percent: 2.3", "count: 0.022516556<br />Category: Suitable For Single Cell Experiments<br />Prop: 0.022516556<br />Count: 17 <br /> Percent: 2.3", "count: 0.019867550<br />Category: Gap Filling<br />Prop: 0.019867550<br />Count: 15 <br /> Percent: 2", "count: 0.017218543<br />Category: Evaluating Exisiting Methods<br />Prop: 0.017218543<br />Count: 13 <br /> Percent: 1.7", "count: 0.009271523<br />Category: polyA Length Estimation<br />Prop: 0.009271523<br />Count: 7 <br /> Percent: 0.9", "count: 0.005298013<br />Category: Normalisation<br />Prop: 0.005298013<br />Count: 4 <br /> Percent: 0.5"],
      "type": "bar",
      "textposition": "none",
      "marker": {
        "autocolorscale": false,
        "color": "rgba(159,199,81,1)",
        "line": {
          "width": 1.88976377952756,
          "color": "transparent"
        }
      },
      "showlegend": false,
      "xaxis": "x",
      "yaxis": "y",
      "hoverinfo": "text",
      "frame": null
    }
  ],
  "layout": {
    "margin": {
      "t": 50,
      "r": 40,
      "b": 90,
      "l": 70
    },
    "font": {
      "color": "rgba(0,0,0,1)",
      "family": "",
      "size": 18.5969281859693
    },
    "title": {
      "text": "<b> Oxford Nanopore focused <\/b>",
      "font": {
        "color": "rgba(0,0,0,1)",
        "family": "",
        "size": 15.9402241594022
      },
      "x": 0,
      "xref": "paper"
    },
    "xaxis": {
      "domain": [0, 1],
      "automargin": true,
      "type": "category",
      "autorange": true,
      "range": [0.4, 31.6],
      "tickmode": "auto",
      "ticktext": ["Tested On Non Human Data", "Tested On Human Data", "Availablity Of Test Data", "SNP And Variant Analysis", "Error Correction And Polishing", "Analysis Pipelines", "Transcriptomics", "Alignment", "Denovo Assembly", "Visualisation", "Base Modification Detection", "Provide Summary Statistics", "Quality Checking", "Generating Consensus Sequence", "Isoform Detection", "Basecalling", "Metagenomics", "Read Quantification", "Scaffolding", "Taxonomic Classification", "Quality Filtering", "fast5 File Processing", "Long Read Overlapping", "Quality Trimming", "Simulators", "Demultiplexing", "Suitable For Single Cell Experiments", "Gap Filling", "Evaluating Exisiting Methods", "polyA Length Estimation", "Normalisation"],
      "tickvals": [1, 2, 3, 4, 5, 6, 7, 8, 9, 10, 11, 12, 13, 14, 15, 16, 17, 18, 19, 20, 21, 22, 23, 24, 25, 26, 27, 28, 29, 30, 31],
      "categoryorder": "array",