{
  "data": [
    {
      "orientation": "v",
      "width": [0.89999999999999991, 0.90000000000000013, 0.90000000000000036, 0.90000000000000036, 0.90000000000000036, 0.90000000000000036, 0.90000000000000036, 0.89999999999999947, 0.89999999999999858, 0.89999999999999858, 0.89999999999999858, 0.89999999999999858, 0.89999999999999858, 0.89999999999999858, 0.89999999999999858, 0.89999999999999858, 0.89999999999999858, 0.89999999999999858, 0.89999999999999858, 0.89999999999999858, 0.89999999999999858, 0.89999999999999858, 0.89999999999999858, 0.89999999999999858, 0.89999999999999858, 0.89999999999999858, 0.89999999999999858, 0.89999999999999858, 0.89999999999999858, 0.89999999999999858, 0.89999999999999858],
      "base": [0, 0, 0, 0, 0, 0, 0, 0, 0, 0, 0, 0, 0, 0, 0, 0, 0, 0, 0, 0, 0, 0, 0, 0, 0, 0, 0, 0, 0, 0, 0],
      "x": ["Tested On Human Data", "SNP And Variant Analysis", "Tested On Non Human Data", "Availablity Of Test Data", "Error Correction And Polishing", "Denovo Assembly", "Alignment", "Transcriptomics", "Analysis Pipelines", "Generating Consensus Sequence", "Isoform Detection", "Visualisation", "Quality Checking", "Metagenomics", "Provide Summary Statistics", "Scaffolding", "Read Quantification", "Long Read Overlapping", "Base Modification Detection", "Gap Filling", "Taxonomic Classification", "Suitable For Single Cell Experiments", "Quality Filtering", "Simulators", "Quality Trimming", "Demultiplexing", "Evaluating Exisiting Methods", "polyA Length Estimation", "Basecalling", "Normalisation", "fast5 File Processing"],
      "y": [0.14749999999999999, 0.14374999999999999, 0.14124999999999999, 0.14000000000000001, 0.13375000000000001, 0.11625000000000001, 0.10000000000000001, 0.097500000000000003, 0.088749999999999996, 0.086249999999999993, 0.071249999999999994, 0.056250000000000001, 0.042500000000000003, 0.037499999999999999, 0.037499999999999999, 0.03125, 0.0275, 0.025000000000000001, 0.022499999999999999, 0.021250000000000002, 0.021250000000000002, 0.018749999999999999, 0.016250000000000001, 0.016250000000000001, 0.014999999999999999, 0.01125, 0.0087500000000000008, 0.0062500000000000003, 0.0050000000000000001, 0.0025000000000000001, 0.00125],
      "text": ["count: 0.14750<br />Category: Tested On Human Data<br />Prop: 0.14750<br />Count: 118 <br /> Percent: 14.8", "count: 0.14375<br />Category: SNP And Variant Analysis<br />Prop: 0.14375<br />Count: 115 <br /> Percent: 14.4", "count: 0.14125<br />Category: Tested On Non Human Data<br />Prop: 0.14125<br />Count: 113 <br /> Percent: 14.1", "count: 0.14000<br />Category: Availablity Of Test Data<br />Prop: 0.14000<br />Count: 112 <br /> Percent: 14", "count: 0.13375<br />Category: Error Correction And Polishing<br />Prop: 0.13375<br />Count: 107 <br /> Percent: 13.4", "count: 0.11625<br />Category: Denovo Assembly<br />Prop: 0.11625<br />Count: 93 <br /> Percent: 11.6", "count: 0.10000<br />Category: Alignment<br />Prop: 0.10000<br />Count: 80 <br /> Percent: 10", "count: 0.09750<br />Category: Transcriptomics<br />Prop: 0.09750<br />Count: 78 <br /> Percent: 9.8", "count: 0.08875<br />Category: Analysis Pipelines<br />Prop: 0.08875<br />Count: 71 <br /> Percent: 8.9", "count: 0.08625<br />Category: Generating Consensus Sequence<br />Prop: 0.08625<br />Count: 69 <br /> Percent: 8.6", "count: 0.07125<br />Category: Isoform Detection<br />Prop: 0.07125<br />Count: 57 <br /> Percent: 7.1", "count: 0.05625<br />Category: Visualisation<br />Prop: 0.05625<br />Count: 45 <br /> Percent: 5.6", "count: 0.04250<br />Category: Quality Checking<br />Prop: 0.04250<br />Count: 34 <br /> Percent: 4.2", "count: 0.03750<br />Category: Metagenomics<br />Prop: 0.03750<br />Count: 30 <br /> Percent: 3.8", "count: 0.03750<br />Category: Provide Summary Statistics<br />Prop: 0.03750<br />Count: 30 <br /> Percent: 3.8", "count: 0.03125<br />Category: Scaffolding<br />Prop: 0.03125<br />Count: 25 <br /> Percent: 3.1", "count: 0.02750<br />Category: Read Quantification<br />Prop: 0.02750<br />Count: 22 <br /> Percent: 2.8", "count: 0.02500<br />Category: Long Read Overlapping<br />Prop: 0.02500<br />Count: 20 <br /> Percent: 2.5", "count: 0.02250<br />Category: Base Modification Detection<br />Prop: 0.02250<br />Count: 18 <br /> Percent: 2.2", "count: 0.02125<br />Category: Gap Filling<br />Prop: 0.02125<br />Count: 17 <br /> Percent: 2.1", "count: 0.02125<br />Category: Taxonomic Classification<br />Prop: 0.02125<br />Count: 17 <br /> Percent: 2.1", "count: 0.01875<br />Category: Suitable For Single Cell Experiments<br />Prop: 0.01875<br />Count: 15 <br /> Percent: 1.9", "count: 0.01625<br />Category: Quality Filtering<br />Prop: 0.01625<br />Count: 13 <br /> Percent: 1.6", "count: 0.01625<br />Category: Simulators<br />Prop: 0.01625<br />Count: 13 <br /> Percent: 1.6", "count: 0.01500<br />Category: Quality Trimming<br />Prop: 0.01500<br />Count: 12 <br /> Percent: 1.5", "count: 0.01125<br />Category: Demultiplexing<br />Prop: 0.01125<br />Count: 9 <br /> Percent: 1.1", "count: 0.00875<br />Category: Evaluating Exisiting Methods<br />Prop: 0.00875<br />Count: 7 <br /> Percent: 0.9", "count: 0.00625<br />Category: polyA Length Estimation<br />Prop: 0.00625<br />Count: 5 <br /> Percent: 0.6", "count: 0.00500<br />Category: Basecalling<br />Prop: 0.00500<br />Count: 4 <br /> Percent: 0.5", "count: 0.00250<br />Category: Normalisation<br />Prop: 0.00250<br />Count: 2 <br /> Percent: 0.2", "count: 0.00125<br />Category: fast5 File Processing<br />Prop: 0.00125<br />Count: 1 <br /> Percent: 0.1"],
      "type": "bar",
      "textposition": "none",
      "marker": {
        "autocolorscale": false,
        "color": "rgba(159,199,81,1)",
        "line": {
          "width": 1.8897637795275593,
          "color": "transparent"
        }
      },
      "showlegend": false,
      "xaxis": "x",
      "yaxis": "y",
      "hoverinfo": "text",
      "frame": null
    }
  ],
  "layout": {
    "margin": {
      "t": 50,
      "r": 40,
      "b": 90,
      "l": 70
    },
    "font": {
      "color": "rgba(0,0,0,1)",
      "family": "",
      "size": 18.596928185969279
    },
    "title": {
      "text": "<b> PacBio focused <\/b>",
      "font": {
        "color": "rgba(0,0,0,1)",
        "family": "",
        "size": 15.940224159402243
      },
      "x": 0,
      "xref": "paper"
    },
    "xaxis": {
      "domain": [0, 1],
      "automargin": true,
      "type": "category",
      "autorange": true,
      "range": [0.40000000000000002, 31.600000000000001],
      "tickmode": "auto",
      "ticktext": ["Tested On Human Data", "SNP And Variant Analysis", "Tested On Non Human Data", "Availablity Of Test Data", "Error Correction And Polishing", "Denovo Assembly", "Alignment", "Transcriptomics", "Analysis Pipelines", "Generating Consensus Sequence", "Isoform Detection", "Visualisation", "Quality Checking", "Metagenomics", "Provide Summary Statistics", "Scaffolding", "Read Quantification", "Long Read Overlapping", "Base Modification Detection", "Gap Filling", "Taxonomic Classification", "Suitable For Single Cell Experiments", "Quality Filtering", "Simulators", "Quality Trimming", "Demultiplexing", "Evaluating Exisiting Methods", "polyA Length Estimation", "Basecalling", "Normalisation", "fast5 File Processing"],
      "tickvals": [1, 2, 3, 4, 5, 6, 7, 8, 9, 10, 11, 12, 13, 14, 15, 16, 17, 18, 19, 20, 21, 22, 23, 24, 25, 26, 27, 28, 29, 30, 31],
      "categoryorder": "array",