{
  "data": [
    {
      "orientation": "v",
      "width": [0.9, 0.9, 0.9, 0.9, 0.9, 0.9, 0.9, 0.899999999999999, 0.899999999999999, 0.899999999999999, 0.899999999999999, 0.899999999999999, 0.899999999999999, 0.899999999999999, 0.899999999999999, 0.899999999999999, 0.899999999999999, 0.899999999999999, 0.899999999999999, 0.899999999999999, 0.899999999999999, 0.899999999999999, 0.899999999999999, 0.899999999999999, 0.899999999999999, 0.899999999999999, 0.899999999999999, 0.899999999999999, 0.899999999999999, 0.899999999999999, 0.899999999999999],
      "base": [0, 0, 0, 0, 0, 0, 0, 0, 0, 0, 0, 0, 0, 0, 0, 0, 0, 0, 0, 0, 0, 0, 0, 0, 0, 0, 0, 0, 0, 0, 0],
      "x": ["Error Correction And Polishing", "Denovo Assembly", "SNP And Variant Analysis", "Tested On Non Human Data", "Alignment", "Transcriptomics", "Generating Consensus Sequence", "Availablity Of Test Data", "Tested On Human Data", "Isoform Detection", "Quality Checking", "Analysis Pipelines", "Visualisation", "Provide Summary Statistics", "Metagenomics", "Simulators", "Taxonomic Classification", "Quality Filtering", "Long Read Overlapping", "Quality Trimming", "Scaffolding", "Base Modification Detection", "Gap Filling", "Evaluating Exisiting Methods", "Read Quantification", "Basecalling", "Suitable For Single Cell Experiments", "Demultiplexing", "fast5 File Processing", "Normalisation", "polyA Length Estimation"],
      "y": [0.149397590361446, 0.130120481927711, 0.110843373493976, 0.0987951807228916, 0.0746987951807229, 0.0698795180722892, 0.0674698795180723, 0.0626506024096386, 0.0626506024096386, 0.0506024096385542, 0.0457831325301205, 0.0433734939759036, 0.0385542168674699, 0.036144578313253, 0.0313253012048193, 0.0289156626506024, 0.0265060240963855, 0.0216867469879518, 0.0192771084337349, 0.0192771084337349, 0.0192771084337349, 0.0168674698795181, 0.0168674698795181, 0.0120481927710843, 0.0120481927710843, 0.0072289156626506, 0.0072289156626506, 0.00481927710843374, 0.00240963855421687, 0.00240963855421687, 0],
      "text": ["count: 0.149397590<br />Category: Error Correction And Polishing<br />Prop: 0.149397590<br />Count: 62 <br /> Percent: 14.9", "count: 0.130120482<br />Category: Denovo Assembly<br />Prop: 0.130120482<br />Count: 54 <br /> Percent: 13", "count: 0.110843373<br />Category: SNP And Variant Analysis<br />Prop: 0.110843373<br />Count: 46 <br /> Percent: 11.1", "count: 0.098795181<br />Category: Tested On Non Human Data<br />Prop: 0.098795181<br />Count: 41 <br /> Percent: 9.9", "count: 0.074698795<br />Category: Alignment<br />Prop: 0.074698795<br />Count: 31 <br /> Percent: 7.5", "count: 0.069879518<br />Category: Transcriptomics<br />Prop: 0.069879518<br />Count: 29 <br /> Percent: 7", "count: 0.067469880<br />Category: Generating Consensus Sequence<br />Prop: 0.067469880<br />Count: 28 <br /> Percent: 6.7", "count: 0.062650602<br />Category: Availablity Of Test Data<br />Prop: 0.062650602<br />Count: 26 <br /> Percent: 6.3", "count: 0.062650602<br />Category: Tested On Human Data<br />Prop: 0.062650602<br />Count: 26 <br /> Percent: 6.3", "count: 0.050602410<br />Category: Isoform Detection<br />Prop: 0.050602410<br />Count: 21 <br /> Percent: 5.1", "count: 0.045783133<br />Category: Quality Checking<br />Prop: 0.045783133<br />Count: 19 <br /> Percent: 4.6", "count: 0.043373494<br />Category: Analysis Pipelines<br />Prop: 0.043373494<br />Count: 18 <br /> Percent: 4.3", "count: 0.038554217<br />Category: Visualisation<br />Prop: 0.038554217<br />Count: 16 <br /> Percent: 3.9", "count: 0.036144578<br />Category: Provide Summary Statistics<br />Prop: 0.036144578<br />Count: 15 <br /> Percent: 3.6", "count: 0.031325301<br />Category: Metagenomics<br />Prop: 0.031325301<br />Count: 13 <br /> Percent: 3.1", "count: 0.028915663<br />Category: Simulators<br />Prop: 0.028915663<br />Count: 12 <br /> Percent: 2.9", "count: 0.026506024<br />Category: Taxonomic Classification<br />Prop: 0.026506024<br />Count: 11 <br /> Percent: 2.7", "count: 0.021686747<br />Category: Quality Filtering<br />Prop: 0.021686747<br />Count: 9 <br /> Percent: 2.2", "count: 0.019277108<br />Category: Long Read Overlapping<br />Prop: 0.019277108<br />Count: 8 <br /> Percent: 1.9", "count: 0.019277108<br />Category: Quality Trimming<br />Prop: 0.019277108<br />Count: 8 <br /> Percent: 1.9", "count: 0.019277108<br />Category: Scaffolding<br />Prop: 0.019277108<br />Count: 8 <br /> Percent: 1.9", "count: 0.016867470<br />Category: Base Modification Detection<br />Prop: 0.016867470<br />Count: 7 <br /> Percent: 1.7", "count: 0.016867470<br />Category: Gap Filling<br />Prop: 0.016867470<br />Count: 7 <br /> Percent: 1.7", "count: 0.012048193<br />Category: Evaluating Exisiting Methods<br />Prop: 0.012048193<br />Count: 5 <br /> Percent: 1.2", "count: 0.012048193<br />Category: Read Quantification<br />Prop: 0.012048193<br />Count: 5 <br /> Percent: 1.2", "count: 0.007228916<br />Category: Basecalling<br />Prop: 0.007228916<br />Count: 3 <br /> Percent: 0.7", "count: 0.007228916<br />Category: Suitable For Single Cell Experiments<br />Prop: 0.007228916<br />Count: 3 <br /> Percent: 0.7", "count: 0.004819277<br />Category: Demultiplexing<br />Prop: 0.004819277<br />Count: 2 <br /> Percent: 0.5", "count: 0.002409639<br />Category: fast5 File Processing<br />Prop: 0.002409639<br />Count: 1 <br /> Percent: 0.2", "count: 0.002409639<br />Category: Normalisation<br />Prop: 0.002409639<br />Count: 1 <br /> Percent: 0.2", "count: 0.000000000<br />Category: polyA Length Estimation<br />Prop: 0.000000000<br />Count: 0 <br /> Percent: 0"],
      "type": "bar",
      "marker": {
        "autocolorscale": false,
        "color": "rgba(159,199,81,1)",
        "line": {
          "width": 1.88976377952756,
          "color": "transparent"
        }
      },
      "showlegend": false,
      "xaxis": "x",
      "yaxis": "y",
      "hoverinfo": "text",
      "frame": null
    }
  ],
  "layout": {
    "margin": {
      "t": 50,
      "r": 40,
      "b": 90,
      "l": 70
    },
    "font": {
      "color": "rgba(0,0,0,1)",
      "family": "",
      "size": 18.5969281859693
    },
    "title": {
      "text": "<b> PacBio focused <\/b>",
      "font": {
        "color": "rgba(0,0,0,1)",
        "family": "",
        "size": 15.9402241594022
      },
      "x": 0,
      "xref": "paper"
    },
    "xaxis": {
      "domain": [0, 1],
      "automargin": true,
      "type": "category",
      "autorange": true,
      "range": [0.4, 31.6],
      "tickmode": "auto",
      "ticktext": ["Error Correction And Polishing", "Denovo Assembly", "SNP And Variant Analysis", "Tested On Non Human Data", "Alignment", "Transcriptomics", "Generating Consensus Sequence", "Availablity Of Test Data", "Tested On Human Data", "Isoform Detection", "Quality Checking", "Analysis Pipelines", "Visualisation", "Provide Summary Statistics", "Metagenomics", "Simulators", "Taxonomic Classification", "Quality Filtering", "Long Read Overlapping", "Quality Trimming", "Scaffolding", "Base Modification Detection", "Gap Filling", "Evaluating Exisiting Methods", "Read Quantification", "Basecalling", "Suitable For Single Cell Experiments", "Demultiplexing", "fast5 File Processing", "Normalisation", "polyA Length Estimation"],
      "tickvals": [1, 2, 3, 4, 5, 6, 7, 8, 9, 10, 11, 12, 13, 14, 15, 16, 17, 18, 19, 20, 21, 22, 23, 24, 25, 26, 27, 28, 29, 30, 31],
      "categoryorder": "array",