{
  "data": [
    {
      "orientation": "v",
      "width": [0.89999999999999991, 0.90000000000000013, 0.90000000000000036, 0.90000000000000036, 0.90000000000000036, 0.90000000000000036, 0.90000000000000036, 0.89999999999999947, 0.89999999999999858, 0.89999999999999858, 0.89999999999999858, 0.89999999999999858, 0.89999999999999858, 0.89999999999999858, 0.89999999999999858, 0.89999999999999858, 0.89999999999999858, 0.89999999999999858, 0.89999999999999858, 0.89999999999999858, 0.89999999999999858, 0.89999999999999858, 0.89999999999999858, 0.89999999999999858, 0.89999999999999858, 0.89999999999999858, 0.89999999999999858, 0.89999999999999858, 0.89999999999999858, 0.89999999999999858, 0.89999999999999858, 0.90000000000000213, 0.90000000000000568, 0.90000000000000568, 0.90000000000000568],
      "base": [0, 0, 0, 0, 0, 0, 0, 0, 0, 0, 0, 0, 0, 0, 0, 0, 0, 0, 0, 0, 0, 0, 0, 0, 0, 0, 0, 0, 0, 0, 0, 0, 0, 0, 0],
      "x": [1, 2, 3, 4, 5, 6, 7, 8, 9, 10, 11, 12, 13, 14, 15, 16, 17, 18, 19, 20, 21, 22, 23, 24, 25, 26, 27, 28, 29, 30, 31, 32, 33, 34, 35],
      "y": [0.2785515320334262, 0.27669452181987003, 0.24698235840297122, 0.22841225626740946, 0.21262766945218198, 0.18384401114206128, 0.15691736304549675, 0.1541318477251625, 0.15041782729805014, 0.12720519962859797, 0.11327762302692665, 0.10120705663881151, 0.099350046425255342, 0.081708449396471677, 0.076137418755803155, 0.06778087279480037, 0.06778087279480037, 0.052924791086350974, 0.0436397400185701, 0.038068709377901577, 0.035283194057567316, 0.032497678737233054, 0.031569173630454965, 0.029712163416898793, 0.028783658310120707, 0.026926648096564532, 0.025998142989786442, 0.021355617455896009, 0.016713091922005572, 0.015784586815227482, 0.012070566388115135, 0.01021355617455896, 0.0074280408542246983, 0.0055710306406685237, 0.004642525533890436],
      "text": ["Category: Availablity Of Test Data<br />Count: 300 <br /> Percent: 27.9", "Category: Tested On Human Data<br />Count: 298 <br /> Percent: 27.7", "Category: Analysis Pipelines<br />Count: 266 <br /> Percent: 24.7", "Category: SNP And Variant Analysis<br />Count: 246 <br /> Percent: 22.8", "Category: Tested On Non Human Data<br />Count: 229 <br /> Percent: 21.3", "Category: Transcriptomics<br />Count: 198 <br /> Percent: 18.4", "Category: Alignment<br />Count: 169 <br /> Percent: 15.7", "Category: Error Correction And Polishing<br />Count: 166 <br /> Percent: 15.4", "Category: Denovo Assembly<br />Count: 162 <br /> Percent: 15", "Category: Base Modification Detection<br />Count: 137 <br /> Percent: 12.7", "Category: Visualisation<br />Count: 122 <br /> Percent: 11.3", "Category: Isoform Detection<br />Count: 109 <br /> Percent: 10.1", "Category: Generating Consensus Sequence<br />Count: 107 <br /> Percent: 9.9", "Category: Quality Checking<br />Count: 88 <br /> Percent: 8.2", "Category: Provide Summary Statistics<br />Count: 82 <br /> Percent: 7.6", "Category: Basecalling<br />Count: 73 <br /> Percent: 6.8", "Category: Metagenomics<br />Count: 73 <br /> Percent: 6.8", "Category: Read Quantification<br />Count: 57 <br /> Percent: 5.3", "Category: Suitable For Single Cell Experiments<br />Count: 47 <br /> Percent: 4.4", "Category: Scaffolding<br />Count: 41 <br /> Percent: 3.8", "Category: Demultiplexing<br />Count: 38 <br /> Percent: 3.5", "Category: Taxonomic Classification<br />Count: 35 <br /> Percent: 3.2", "Category: Simulators<br />Count: 34 <br /> Percent: 3.2", "Category: fast5 File Processing<br />Count: 32 <br /> Percent: 3", "Category: Long Read Overlapping<br />Count: 31 <br /> Percent: 2.9", "Category: Quality Trimming<br />Count: 29 <br /> Percent: 2.7", "Category: Quality Filtering<br />Count: 28 <br /> Percent: 2.6", "Category: Gap Filling<br />Count: 23 <br /> Percent: 2.1", "Category: Fusion Detection<br />Count: 18 <br /> Percent: 1.7", "Category: Evaluating Exisiting Methods<br />Count: 17 <br /> Percent: 1.6", "Category: RNAStructure<br />Count: 13 <br /> Percent: 1.2", "Category: polyA Length Estimation<br />Count: 11 <br /> Percent: 1", "Category: Normalisation<br />Count: 8 <br /> Percent: 0.7", "Category: Data Structures<br />Count: 6 <br /> Percent: 0.6", "Category: Coexpression Analysis<br />Count: 5 <br /> Percent: 0.5"],
      "type": "bar",
      "textposition": "none",
      "marker": {
        "autocolorscale": false,
        "color": "rgba(89,115,37,1)",
        "line": {
          "width": 1.8897637795275593,
          "color": "transparent"
        }
      },
      "showlegend": false,
      "xaxis": "x",
      "yaxis": "y",
      "hoverinfo": "text",
      "frame": null
    }
  ],
  "layout": {
    "margin": {
      "t": 50,
      "r": 10,
      "b": 200,
      "l": 80
    },
    "font": {
      "color": "rgba(0,0,0,1)",
      "family": "",
      "size": 18.596928185969279
    },
    "title": {
      "text": "<b> Categories <\/b>",
      "font": {
        "color": "rgba(0,0,0,1)",
        "family": "",
        "size": 26.567040265670396
      },
      "x": 0,
      "xref": "paper"
    },
    "xaxis": {
      "domain": [0, 1],
      "automargin": true,
      "type": "linear",
      "autorange": false,
      "range": [0.40000000000000002, 35.600000000000001],
      "tickmode": "array",
      "ticktext": ["Availablity Of Test Data", "Tested On Human Data", "Analysis Pipelines", "SNP And Variant Analysis", "Tested On Non Human Data", "Transcriptomics", "Alignment", "Error Correction And Polishing", "Denovo Assembly", "Base Modification Detection", "Visualisation", "Isoform Detection", "Generating Consensus Sequence", "Quality Checking", "Provide Summary Statistics", "Basecalling", "Metagenomics", "Read Quantification", "Suitable For Single Cell Experiments", "Scaffolding", "Demultiplexing", "Taxonomic Classification", "Simulators", "fast5 File Processing", "Long Read Overlapping", "Quality Trimming", "Quality Filtering", "Gap Filling", "Fusion Detection", "Evaluating Exisiting Methods", "RNAStructure", "polyA Length Estimation", "Normalisation", "Data Structures", "Coexpression Analysis"],
      "tickvals": [1, 2, 2.9999999999999996, 4, 5, 6, 7, 8, 9, 10, 11, 12, 13, 14, 15, 16, 17, 18, 19, 20, 21, 22, 23.000000000000004, 24, 25, 26, 27, 28, 29, 29.999999999999996, 31, 32, 33, 34, 35],
      "categoryorder": "array",
      "categoryarray": ["Availablity Of Test Data", "Tested On Human Data", "Analysis Pipelines", "SNP And Variant Analysis", "Tested On Non Human Data", "Transcriptomics", "Alignment", "Error Correction And Polishing", "Denovo Assembly", "Base Modification Detection", "Visualisation", "Isoform Detection", "Generating Consensus Sequence", "Quality Checking", "Provide Summary Statistics", "Basecalling", "Metagenomics", "Read Quantification", "Suitable For Single Cell Experiments", "Scaffolding", "Demultiplexing", "Taxonomic Classification", "Simulators", "fast5 File Processing", "Long Read Overlapping", "Quality Trimming", "Quality Filtering", "Gap Filling", "Fusion Detection", "Evaluating Exisiting Methods", "RNAStructure", "polyA Length Estimation", "Normalisation", "Data Structures", "Coexpression Analysis"],
      "nticks": null,
      "ticks": "outside",
      "tickcolor": "rgba(0,0,0,1)",
      "ticklen": 4.6492320464923198,
      "tickwidth": 0,
      "showticklabels": true,
      "tickfont": {
        "color": "rgba(0,0,0,1)",
        "family": "",
        "size": 10.62681610626816
      },
      "tickangle": -60,
      "showline": true,
      "linecolor": "rgba(0,0,0,1)",
      "linewidth": 0,
      "showgrid": false,
      "gridcolor": null,
      "gridwidth": 0,
      "zeroline": false,
      "anchor": "y",
      "title": {
        "text": "",
        "font": {
          "color": null,
          "family": null,
          "size": 0
        }
      },
      "hoverformat": ".2f"
    },
    "yaxis": {
      "domain": [0, 1],
      "automargin": true,
      "type": "linear",
      "autorange": false,
      "range": [-0.013927576601671311, 0.29247910863509752],
      "tickmode": "array",