{
  "data": [
    {
      "orientation": "v",
      "width": [0.9, 0.9, 0.9, 0.9, 0.9, 0.9, 0.9, 0.899999999999999, 0.899999999999999, 0.899999999999999, 0.899999999999999, 0.899999999999999, 0.899999999999999, 0.899999999999999, 0.899999999999999, 0.899999999999999, 0.899999999999999, 0.899999999999999, 0.899999999999999, 0.899999999999999, 0.899999999999999, 0.899999999999999, 0.899999999999999, 0.899999999999999, 0.899999999999999, 0.899999999999999, 0.899999999999999, 0.899999999999999, 0.899999999999999, 0.899999999999999, 0.899999999999999, 0.900000000000002],
      "base": [0, 0, 0, 0, 0, 0, 0, 0, 0, 0, 0, 0, 0, 0, 0, 0, 0, 0, 0, 0, 0, 0, 0, 0, 0, 0, 0, 0, 0, 0, 0, 0],
      "x": [1, 2, 3, 4, 5, 6, 7, 8, 9, 10, 11, 12, 13, 14, 15, 16, 17, 18, 19, 20, 21, 22, 23, 24, 25, 26, 27, 28, 29, 30, 31, 32],
      "y": [0.207547169811321, 0.171907756813417, 0.153039832285115, 0.150943396226415, 0.132075471698113, 0.121593291404612, 0.121593291404612, 0.109014675052411, 0.106918238993711, 0.10272536687631, 0.0943396226415094, 0.0943396226415094, 0.079664570230608, 0.079664570230608, 0.0775681341719078, 0.0733752620545073, 0.0545073375262055, 0.0440251572327044, 0.039832285115304, 0.0356394129979036, 0.0356394129979036, 0.0335429769392034, 0.0251572327044025, 0.0251572327044025, 0.0230607966457023, 0.0230607966457023, 0.0209643605870021, 0.0209643605870021, 0.010482180293501, 0.00838574423480084, 0.00628930817610063, 0.00419287211740042],
      "text": ["Category: Error Correction And Polishing<br />Count: 99 <br /> Percent: 20.8", "Category: Denovo Assembly<br />Count: 82 <br /> Percent: 17.2", "Category: SNP And Variant Analysis<br />Count: 73 <br /> Percent: 15.3", "Category: Tested On Non Human Data<br />Count: 72 <br /> Percent: 15.1", "Category: Transcriptomics<br />Count: 63 <br /> Percent: 13.2", "Category: Alignment<br />Count: 58 <br /> Percent: 12.2", "Category: Analysis Pipelines<br />Count: 58 <br /> Percent: 12.2", "Category: Tested On Human Data<br />Count: 52 <br /> Percent: 10.9", "Category: Visualisation<br />Count: 51 <br /> Percent: 10.7", "Category: Quality Checking<br />Count: 49 <br /> Percent: 10.3", "Category: Generating Consensus Sequence<br />Count: 45 <br /> Percent: 9.4", "Category: Provide Summary Statistics<br />Count: 45 <br /> Percent: 9.4", "Category: Availablity Of Test Data<br />Count: 38 <br /> Percent: 8", "Category: Basecalling<br />Count: 38 <br /> Percent: 8", "Category: Base Modification Detection<br />Count: 37 <br /> Percent: 7.8", "Category: Isoform Detection<br />Count: 35 <br /> Percent: 7.3", "Category: Metagenomics<br />Count: 26 <br /> Percent: 5.5", "Category: Simulators<br />Count: 21 <br /> Percent: 4.4", "Category: Quality Trimming<br />Count: 19 <br /> Percent: 4", "Category: Scaffolding<br />Count: 17 <br /> Percent: 3.6", "Category: Taxonomic Classification<br />Count: 17 <br /> Percent: 3.6", "Category: Quality Filtering<br />Count: 16 <br /> Percent: 3.4", "Category: Gap Filling<br />Count: 12 <br /> Percent: 2.5", "Category: Long Read Overlapping<br />Count: 12 <br /> Percent: 2.5", "Category: fast5 File Processing<br />Count: 11 <br /> Percent: 2.3", "Category: Read Quantification<br />Count: 11 <br /> Percent: 2.3", "Category: Demultiplexing<br />Count: 10 <br /> Percent: 2.1", "Category: Evaluating Exisiting Methods<br />Count: 10 <br /> Percent: 2.1", "Category: Suitable For Single Cell Experiments<br />Count: 5 <br /> Percent: 1", "Category: RNAStructure<br />Count: 4 <br /> Percent: 0.8", "Category: polyA Length Estimation<br />Count: 3 <br /> Percent: 0.6", "Category: Normalisation<br />Count: 2 <br /> Percent: 0.4"],
      "type": "bar",
      "marker": {
        "autocolorscale": false,
        "color": "rgba(89,115,37,1)",
        "line": {
          "width": 1.88976377952756,
          "color": "transparent"
        }
      },
      "showlegend": false,
      "xaxis": "x",
      "yaxis": "y",
      "hoverinfo": "text",
      "frame": null
    }
  ],
  "layout": {
    "margin": {
      "t": 50,
      "r": 10,
      "b": 200,
      "l": 80
    },
    "font": {
      "color": "rgba(0,0,0,1)",
      "family": "",
      "size": 18.5969281859693
    },
    "title": {
      "text": "<b> Categories <\/b>",
      "font": {
        "color": "rgba(0,0,0,1)",
        "family": "",
        "size": 26.5670402656704
      },
      "x": 0,
      "xref": "paper"
    },
    "xaxis": {
      "domain": [0, 1],
      "automargin": true,
      "type": "linear",
      "autorange": false,
      "range": [0.4, 32.6],
      "tickmode": "array",
      "ticktext": ["Error Correction And Polishing", "Denovo Assembly", "SNP And Variant Analysis", "Tested On Non Human Data", "Transcriptomics", "Alignment", "Analysis Pipelines", "Tested On Human Data", "Visualisation", "Quality Checking", "Generating Consensus Sequence", "Provide Summary Statistics", "Availablity Of Test Data", "Basecalling", "Base Modification Detection", "Isoform Detection", "Metagenomics", "Simulators", "Quality Trimming", "Scaffolding", "Taxonomic Classification", "Quality Filtering", "Gap Filling", "Long Read Overlapping", "fast5 File Processing", "Read Quantification", "Demultiplexing", "Evaluating Exisiting Methods", "Suitable For Single Cell Experiments", "RNAStructure", "polyA Length Estimation", "Normalisation"],
      "tickvals": [1, 2, 3, 4, 5, 6, 7, 8, 9, 10, 11, 12, 13, 14, 15, 16, 17, 18, 19, 20, 21, 22, 23, 24, 25, 26, 27, 28, 29, 30, 31, 32],
      "categoryorder": "array",
      "categoryarray": ["Error Correction And Polishing", "Denovo Assembly", "SNP And Variant Analysis", "Tested On Non Human Data", "Transcriptomics", "Alignment", "Analysis Pipelines", "Tested On Human Data", "Visualisation", "Quality Checking", "Generating Consensus Sequence", "Provide Summary Statistics", "Availablity Of Test Data", "Basecalling", "Base Modification Detection", "Isoform Detection", "Metagenomics", "Simulators", "Quality Trimming", "Scaffolding", "Taxonomic Classification", "Quality Filtering", "Gap Filling", "Long Read Overlapping", "fast5 File Processing", "Read Quantification", "Demultiplexing", "Evaluating Exisiting Methods", "Suitable For Single Cell Experiments", "RNAStructure", "polyA Length Estimation", "Normalisation"],
      "nticks": null,
      "ticks": "outside",
      "tickcolor": "rgba(0,0,0,1)",
      "ticklen": 4.64923204649232,
      "tickwidth": 0.66417600664176,
      "showticklabels": true,
      "tickfont": {
        "color": "rgba(0,0,0,1)",
        "family": "",
        "size": 10.6268161062682
      },
      "tickangle": -60,
      "showline": true,
      "linecolor": "rgba(0,0,0,1)",
      "linewidth": 0.66417600664176,
      "showgrid": false,
      "gridcolor": null,
      "gridwidth": 0,
      "zeroline": false,
      "anchor": "y",
      "title": {
        "text": "",
        "font": {
          "color": null,
          "family": null,
          "size": 0
        }
      },
      "hoverformat": ".2f"
    },
    "yaxis": {
      "domain": [0, 1],
      "automargin": true,
      "type": "linear",
      "autorange": false,
      "range": [-0.010377358490566, 0.217924528301887],
      "tickmode": "array",
      "ticktext": ["0.0%", "5.0%", "10.0%", "15.0%", "20.0%"],
      "tickvals": [0, 0.05, 0.1, 0.15, 0.2],
      "categoryorder": "array",
      "categoryarray": ["0.0%", "5.0%", "10.0%", "15.0%", "20.0%"],
      "nticks": null,
      "ticks": "outside",
      "tickcolor": "rgba(0,0,0,1)",
      "ticklen": 4.64923204649232,
      "tickwidth": 0.66417600664176,
      "showticklabels": true,
      "tickfont": {
        "color": "rgba(0,0,0,1)",
        "family": "",
        "size": 13.2835201328352
      },
      "tickangle": -0,
      "showline": true,
      "linecolor": "rgba(0,0,0,1)",
      "linewidth": 0.66417600664176,
      "showgrid": false,
      "gridcolor": null,
      "gridwidth": 0,
      "zeroline": false,
      "anchor": "x",
      "title": {
        "text": "Percentage of tools",