{
  "data": [
    {
      "orientation": "v",
      "width": [0.9, 0.9, 0.9, 0.9, 0.9, 0.9, 0.9, 0.899999999999999, 0.899999999999999, 0.899999999999999, 0.899999999999999, 0.899999999999999, 0.899999999999999, 0.899999999999999, 0.899999999999999, 0.899999999999999, 0.899999999999999, 0.899999999999999, 0.899999999999999, 0.899999999999999, 0.899999999999999, 0.899999999999999, 0.899999999999999, 0.899999999999999, 0.899999999999999, 0.899999999999999, 0.899999999999999, 0.899999999999999, 0.899999999999999, 0.899999999999999, 0.899999999999999],
      "base": [0, 0, 0, 0, 0, 0, 0, 0, 0, 0, 0, 0, 0, 0, 0, 0, 0, 0, 0, 0, 0, 0, 0, 0, 0, 0, 0, 0, 0, 0, 0],
      "x": ["SNP And Variant Analysis", "Tested On Human Data", "Tested On Non Human Data", "Error Correction And Polishing", "Availablity Of Test Data", "Denovo Assembly", "Transcriptomics", "Alignment", "Generating Consensus Sequence", "Isoform Detection", "Analysis Pipelines", "Visualisation", "Quality Checking", "Provide Summary Statistics", "Metagenomics", "Scaffolding", "Read Quantification", "Long Read Overlapping", "Gap Filling", "Taxonomic Classification", "Base Modification Detection", "Simulators", "Suitable For Single Cell Experiments", "Quality Filtering", "Quality Trimming", "Demultiplexing", "Evaluating Exisiting Methods", "polyA Length Estimation", "Basecalling", "Normalisation", "fast5 File Processing"],
      "y": [0.139072847682119, 0.137748344370861, 0.136423841059603, 0.133774834437086, 0.125827814569536, 0.120529801324503, 0.101986754966887, 0.0993377483443709, 0.0768211920529801, 0.0728476821192053, 0.0622516556291391, 0.0516556291390728, 0.0410596026490066, 0.0397350993377483, 0.0370860927152318, 0.0317880794701987, 0.0278145695364238, 0.023841059602649, 0.0198675496688742, 0.0198675496688742, 0.0185430463576159, 0.0172185430463576, 0.0172185430463576, 0.0158940397350993, 0.0145695364238411, 0.0105960264900662, 0.00662251655629139, 0.00662251655629139, 0.00529801324503311, 0.00264900662251656, 0.00132450331125828],
      "text": ["count: 0.139072848<br />Category: SNP And Variant Analysis<br />Prop: 0.139072848<br />Count: 105 <br /> Percent: 13.9", "count: 0.137748344<br />Category: Tested On Human Data<br />Prop: 0.137748344<br />Count: 104 <br /> Percent: 13.8", "count: 0.136423841<br />Category: Tested On Non Human Data<br />Prop: 0.136423841<br />Count: 103 <br /> Percent: 13.6", "count: 0.133774834<br />Category: Error Correction And Polishing<br />Prop: 0.133774834<br />Count: 101 <br /> Percent: 13.4", "count: 0.125827815<br />Category: Availablity Of Test Data<br />Prop: 0.125827815<br />Count: 95 <br /> Percent: 12.6", "count: 0.120529801<br />Category: Denovo Assembly<br />Prop: 0.120529801<br />Count: 91 <br /> Percent: 12.1", "count: 0.101986755<br />Category: Transcriptomics<br />Prop: 0.101986755<br />Count: 77 <br /> Percent: 10.2", "count: 0.099337748<br />Category: Alignment<br />Prop: 0.099337748<br />Count: 75 <br /> Percent: 9.9", "count: 0.076821192<br />Category: Generating Consensus Sequence<br />Prop: 0.076821192<br />Count: 58 <br /> Percent: 7.7", "count: 0.072847682<br />Category: Isoform Detection<br />Prop: 0.072847682<br />Count: 55 <br /> Percent: 7.3", "count: 0.062251656<br />Category: Analysis Pipelines<br />Prop: 0.062251656<br />Count: 47 <br /> Percent: 6.2", "count: 0.051655629<br />Category: Visualisation<br />Prop: 0.051655629<br />Count: 39 <br /> Percent: 5.2", "count: 0.041059603<br />Category: Quality Checking<br />Prop: 0.041059603<br />Count: 31 <br /> Percent: 4.1", "count: 0.039735099<br />Category: Provide Summary Statistics<br />Prop: 0.039735099<br />Count: 30 <br /> Percent: 4", "count: 0.037086093<br />Category: Metagenomics<br />Prop: 0.037086093<br />Count: 28 <br /> Percent: 3.7", "count: 0.031788079<br />Category: Scaffolding<br />Prop: 0.031788079<br />Count: 24 <br /> Percent: 3.2", "count: 0.027814570<br />Category: Read Quantification<br />Prop: 0.027814570<br />Count: 21 <br /> Percent: 2.8", "count: 0.023841060<br />Category: Long Read Overlapping<br />Prop: 0.023841060<br />Count: 18 <br /> Percent: 2.4", "count: 0.019867550<br />Category: Gap Filling<br />Prop: 0.019867550<br />Count: 15 <br /> Percent: 2", "count: 0.019867550<br />Category: Taxonomic Classification<br />Prop: 0.019867550<br />Count: 15 <br /> Percent: 2", "count: 0.018543046<br />Category: Base Modification Detection<br />Prop: 0.018543046<br />Count: 14 <br /> Percent: 1.9", "count: 0.017218543<br />Category: Simulators<br />Prop: 0.017218543<br />Count: 13 <br /> Percent: 1.7", "count: 0.017218543<br />Category: Suitable For Single Cell Experiments<br />Prop: 0.017218543<br />Count: 13 <br /> Percent: 1.7", "count: 0.015894040<br />Category: Quality Filtering<br />Prop: 0.015894040<br />Count: 12 <br /> Percent: 1.6", "count: 0.014569536<br />Category: Quality Trimming<br />Prop: 0.014569536<br />Count: 11 <br /> Percent: 1.5", "count: 0.010596026<br />Category: Demultiplexing<br />Prop: 0.010596026<br />Count: 8 <br /> Percent: 1.1", "count: 0.006622517<br />Category: Evaluating Exisiting Methods<br />Prop: 0.006622517<br />Count: 5 <br /> Percent: 0.7", "count: 0.006622517<br />Category: polyA Length Estimation<br />Prop: 0.006622517<br />Count: 5 <br /> Percent: 0.7", "count: 0.005298013<br />Category: Basecalling<br />Prop: 0.005298013<br />Count: 4 <br /> Percent: 0.5", "count: 0.002649007<br />Category: Normalisation<br />Prop: 0.002649007<br />Count: 2 <br /> Percent: 0.3", "count: 0.001324503<br />Category: fast5 File Processing<br />Prop: 0.001324503<br />Count: 1 <br /> Percent: 0.1"],
      "type": "bar",
      "textposition": "none",
      "marker": {
        "autocolorscale": false,
        "color": "rgba(159,199,81,1)",
        "line": {
          "width": 1.88976377952756,
          "color": "transparent"
        }
      },
      "showlegend": false,
      "xaxis": "x",
      "yaxis": "y",
      "hoverinfo": "text",
      "frame": null
    }
  ],
  "layout": {
    "margin": {
      "t": 50,
      "r": 40,
      "b": 90,
      "l": 70
    },
    "font": {
      "color": "rgba(0,0,0,1)",
      "family": "",
      "size": 18.5969281859693
    },
    "title": {
      "text": "<b> PacBio focused <\/b>",
      "font": {
        "color": "rgba(0,0,0,1)",
        "family": "",
        "size": 15.9402241594022
      },
      "x": 0,
      "xref": "paper"
    },
    "xaxis": {
      "domain": [0, 1],
      "automargin": true,
      "type": "category",
      "autorange": true,
      "range": [0.4, 31.6],
      "tickmode": "auto",
      "ticktext": ["SNP And Variant Analysis", "Tested On Human Data", "Tested On Non Human Data", "Error Correction And Polishing", "Availablity Of Test Data", "Denovo Assembly", "Transcriptomics", "Alignment", "Generating Consensus Sequence", "Isoform Detection", "Analysis Pipelines", "Visualisation", "Quality Checking", "Provide Summary Statistics", "Metagenomics", "Scaffolding", "Read Quantification", "Long Read Overlapping", "Gap Filling", "Taxonomic Classification", "Base Modification Detection", "Simulators", "Suitable For Single Cell Experiments", "Quality Filtering", "Quality Trimming", "Demultiplexing", "Evaluating Exisiting Methods", "polyA Length Estimation", "Basecalling", "Normalisation", "fast5 File Processing"],
      "tickvals": [1, 2, 3, 4, 5, 6, 7, 8, 9, 10, 11, 12, 13, 14, 15, 16, 17, 18, 19, 20, 21, 22, 23, 24, 25, 26, 27, 28, 29, 30, 31],
      "categoryorder": "array",