{
  "data": [
    {
      "orientation": "v",
      "width": [0.9, 0.9, 0.9, 0.9, 0.9, 0.9, 0.9, 0.899999999999999, 0.899999999999999, 0.899999999999999, 0.899999999999999, 0.899999999999999, 0.899999999999999, 0.899999999999999, 0.899999999999999, 0.899999999999999, 0.899999999999999, 0.899999999999999, 0.899999999999999, 0.899999999999999, 0.899999999999999, 0.899999999999999, 0.899999999999999, 0.899999999999999, 0.899999999999999, 0.899999999999999, 0.899999999999999, 0.899999999999999, 0.899999999999999, 0.899999999999999, 0.899999999999999],
      "base": [0, 0, 0, 0, 0, 0, 0, 0, 0, 0, 0, 0, 0, 0, 0, 0, 0, 0, 0, 0, 0, 0, 0, 0, 0, 0, 0, 0, 0, 0, 0],
      "x": ["Error Correction And Polishing", "Tested On Non Human Data", "SNP And Variant Analysis", "Denovo Assembly", "Tested On Human Data", "Transcriptomics", "Alignment", "Availablity Of Test Data", "Generating Consensus Sequence", "Isoform Detection", "Analysis Pipelines", "Quality Checking", "Visualisation", "Provide Summary Statistics", "Metagenomics", "Scaffolding", "Read Quantification", "Gap Filling", "Long Read Overlapping", "Taxonomic Classification", "Base Modification Detection", "Simulators", "Quality Filtering", "Suitable For Single Cell Experiments", "Quality Trimming", "Demultiplexing", "Evaluating Exisiting Methods", "polyA Length Estimation", "Basecalling", "Normalisation", "fast5 File Processing"],
      "y": [0.13960113960114, 0.131054131054131, 0.128205128205128, 0.123931623931624, 0.122507122507123, 0.103988603988604, 0.101139601139601, 0.101139601139601, 0.0740740740740741, 0.0655270655270655, 0.0541310541310541, 0.0427350427350427, 0.0427350427350427, 0.037037037037037, 0.0341880341880342, 0.0299145299145299, 0.0270655270655271, 0.0213675213675214, 0.0213675213675214, 0.0213675213675214, 0.0199430199430199, 0.0170940170940171, 0.0156695156695157, 0.0156695156695157, 0.0142450142450142, 0.00997150997150997, 0.00712250712250712, 0.00712250712250712, 0.0056980056980057, 0.00284900284900285, 0.00142450142450142],
      "text": ["count: 0.139601140<br />Category: Error Correction And Polishing<br />Prop: 0.139601140<br />Count: 98 <br /> Percent: 14", "count: 0.131054131<br />Category: Tested On Non Human Data<br />Prop: 0.131054131<br />Count: 92 <br /> Percent: 13.1", "count: 0.128205128<br />Category: SNP And Variant Analysis<br />Prop: 0.128205128<br />Count: 90 <br /> Percent: 12.8", "count: 0.123931624<br />Category: Denovo Assembly<br />Prop: 0.123931624<br />Count: 87 <br /> Percent: 12.4", "count: 0.122507123<br />Category: Tested On Human Data<br />Prop: 0.122507123<br />Count: 86 <br /> Percent: 12.3", "count: 0.103988604<br />Category: Transcriptomics<br />Prop: 0.103988604<br />Count: 73 <br /> Percent: 10.4", "count: 0.101139601<br />Category: Alignment<br />Prop: 0.101139601<br />Count: 71 <br /> Percent: 10.1", "count: 0.101139601<br />Category: Availablity Of Test Data<br />Prop: 0.101139601<br />Count: 71 <br /> Percent: 10.1", "count: 0.074074074<br />Category: Generating Consensus Sequence<br />Prop: 0.074074074<br />Count: 52 <br /> Percent: 7.4", "count: 0.065527066<br />Category: Isoform Detection<br />Prop: 0.065527066<br />Count: 46 <br /> Percent: 6.6", "count: 0.054131054<br />Category: Analysis Pipelines<br />Prop: 0.054131054<br />Count: 38 <br /> Percent: 5.4", "count: 0.042735043<br />Category: Quality Checking<br />Prop: 0.042735043<br />Count: 30 <br /> Percent: 4.3", "count: 0.042735043<br />Category: Visualisation<br />Prop: 0.042735043<br />Count: 30 <br /> Percent: 4.3", "count: 0.037037037<br />Category: Provide Summary Statistics<br />Prop: 0.037037037<br />Count: 26 <br /> Percent: 3.7", "count: 0.034188034<br />Category: Metagenomics<br />Prop: 0.034188034<br />Count: 24 <br /> Percent: 3.4", "count: 0.029914530<br />Category: Scaffolding<br />Prop: 0.029914530<br />Count: 21 <br /> Percent: 3", "count: 0.027065527<br />Category: Read Quantification<br />Prop: 0.027065527<br />Count: 19 <br /> Percent: 2.7", "count: 0.021367521<br />Category: Gap Filling<br />Prop: 0.021367521<br />Count: 15 <br /> Percent: 2.1", "count: 0.021367521<br />Category: Long Read Overlapping<br />Prop: 0.021367521<br />Count: 15 <br /> Percent: 2.1", "count: 0.021367521<br />Category: Taxonomic Classification<br />Prop: 0.021367521<br />Count: 15 <br /> Percent: 2.1", "count: 0.019943020<br />Category: Base Modification Detection<br />Prop: 0.019943020<br />Count: 14 <br /> Percent: 2", "count: 0.017094017<br />Category: Simulators<br />Prop: 0.017094017<br />Count: 12 <br /> Percent: 1.7", "count: 0.015669516<br />Category: Quality Filtering<br />Prop: 0.015669516<br />Count: 11 <br /> Percent: 1.6", "count: 0.015669516<br />Category: Suitable For Single Cell Experiments<br />Prop: 0.015669516<br />Count: 11 <br /> Percent: 1.6", "count: 0.014245014<br />Category: Quality Trimming<br />Prop: 0.014245014<br />Count: 10 <br /> Percent: 1.4", "count: 0.009971510<br />Category: Demultiplexing<br />Prop: 0.009971510<br />Count: 7 <br /> Percent: 1", "count: 0.007122507<br />Category: Evaluating Exisiting Methods<br />Prop: 0.007122507<br />Count: 5 <br /> Percent: 0.7", "count: 0.007122507<br />Category: polyA Length Estimation<br />Prop: 0.007122507<br />Count: 5 <br /> Percent: 0.7", "count: 0.005698006<br />Category: Basecalling<br />Prop: 0.005698006<br />Count: 4 <br /> Percent: 0.6", "count: 0.002849003<br />Category: Normalisation<br />Prop: 0.002849003<br />Count: 2 <br /> Percent: 0.3", "count: 0.001424501<br />Category: fast5 File Processing<br />Prop: 0.001424501<br />Count: 1 <br /> Percent: 0.1"],
      "type": "bar",
      "textposition": "none",
      "marker": {
        "autocolorscale": false,
        "color": "rgba(159,199,81,1)",
        "line": {
          "width": 1.88976377952756,
          "color": "transparent"
        }
      },
      "showlegend": false,
      "xaxis": "x",
      "yaxis": "y",
      "hoverinfo": "text",
      "frame": null
    }
  ],
  "layout": {
    "margin": {
      "t": 50,
      "r": 40,
      "b": 90,
      "l": 70
    },
    "font": {
      "color": "rgba(0,0,0,1)",
      "family": "",
      "size": 18.5969281859693
    },
    "title": {
      "text": "<b> PacBio focused <\/b>",
      "font": {
        "color": "rgba(0,0,0,1)",
        "family": "",
        "size": 15.9402241594022
      },
      "x": 0,
      "xref": "paper"
    },
    "xaxis": {
      "domain": [0, 1],
      "automargin": true,
      "type": "category",
      "autorange": true,
      "range": [0.4, 31.6],
      "tickmode": "auto",
      "ticktext": ["Error Correction And Polishing", "Tested On Non Human Data", "SNP And Variant Analysis", "Denovo Assembly", "Tested On Human Data", "Transcriptomics", "Alignment", "Availablity Of Test Data", "Generating Consensus Sequence", "Isoform Detection", "Analysis Pipelines", "Quality Checking", "Visualisation", "Provide Summary Statistics", "Metagenomics", "Scaffolding", "Read Quantification", "Gap Filling", "Long Read Overlapping", "Taxonomic Classification", "Base Modification Detection", "Simulators", "Quality Filtering", "Suitable For Single Cell Experiments", "Quality Trimming", "Demultiplexing", "Evaluating Exisiting Methods", "polyA Length Estimation", "Basecalling", "Normalisation", "fast5 File Processing"],
      "tickvals": [1, 2, 3, 4, 5, 6, 7, 8, 9, 10, 11, 12, 13, 14, 15, 16, 17, 18, 19, 20, 21, 22, 23, 24, 25, 26, 27, 28, 29, 30, 31],
      "categoryorder": "array",