{
  "data": [
    {
      "orientation": "v",
      "width": [0.89999999999999991, 0.90000000000000013, 0.90000000000000036, 0.90000000000000036, 0.90000000000000036, 0.90000000000000036, 0.90000000000000036, 0.89999999999999947, 0.89999999999999858, 0.89999999999999858, 0.89999999999999858, 0.89999999999999858, 0.89999999999999858, 0.89999999999999858, 0.89999999999999858, 0.89999999999999858, 0.89999999999999858, 0.89999999999999858, 0.89999999999999858, 0.89999999999999858, 0.89999999999999858, 0.89999999999999858, 0.89999999999999858, 0.89999999999999858, 0.89999999999999858, 0.89999999999999858, 0.89999999999999858, 0.89999999999999858, 0.89999999999999858, 0.89999999999999858, 0.89999999999999858],
      "base": [0, 0, 0, 0, 0, 0, 0, 0, 0, 0, 0, 0, 0, 0, 0, 0, 0, 0, 0, 0, 0, 0, 0, 0, 0, 0, 0, 0, 0, 0, 0],
      "x": ["Tested On Human Data", "Availablity Of Test Data", "Suitable For Single Cell Experiments", "Denovo Assembly", "SNP And Variant Analysis", "Analysis Pipelines", "Transcriptomics", "Quality Checking", "Read Quantification", "Alignment", "Tested On Non Human Data", "Generating Consensus Sequence", "Isoform Detection", "Scaffolding", "Demultiplexing", "Error Correction And Polishing", "Visualisation", "Provide Summary Statistics", "Metagenomics", "Simulators", "Taxonomic Classification", "Evaluating Exisiting Methods", "Gap Filling", "Long Read Overlapping", "Normalisation", "Quality Trimming", "fast5 File Processing", "Base Modification Detection", "Basecalling", "Quality Filtering", "polyA Length Estimation"],
      "y": [0.026845637583892617, 0.02109300095877277, 0.018216682646212849, 0.016299137104506232, 0.016299137104506232, 0.014381591562799617, 0.013422818791946308, 0.011505273250239693, 0.0095877277085330784, 0.0086289549376797701, 0.0086289549376797701, 0.0076701821668264617, 0.0076701821668264617, 0.0076701821668264617, 0.0067114093959731542, 0.0067114093959731542, 0.0067114093959731542, 0.0057526366251198467, 0.0038350910834132309, 0.0038350910834132309, 0.0028763183125599234, 0.0019175455417066154, 0.0019175455417066154, 0.0019175455417066154, 0.00095877277085330771, 0.00095877277085330771, 0.00095877277085330771, 0, 0, 0, 0],
      "text": ["count: 0.0268456376<br />Category: Tested On Human Data<br />Prop: 0.0268456376<br />Count: 28 <br /> Percent: 2.7", "count: 0.0210930010<br />Category: Availablity Of Test Data<br />Prop: 0.0210930010<br />Count: 22 <br /> Percent: 2.1", "count: 0.0182166826<br />Category: Suitable For Single Cell Experiments<br />Prop: 0.0182166826<br />Count: 19 <br /> Percent: 1.8", "count: 0.0162991371<br />Category: Denovo Assembly<br />Prop: 0.0162991371<br />Count: 17 <br /> Percent: 1.6", "count: 0.0162991371<br />Category: SNP And Variant Analysis<br />Prop: 0.0162991371<br />Count: 17 <br /> Percent: 1.6", "count: 0.0143815916<br />Category: Analysis Pipelines<br />Prop: 0.0143815916<br />Count: 15 <br /> Percent: 1.4", "count: 0.0134228188<br />Category: Transcriptomics<br />Prop: 0.0134228188<br />Count: 14 <br /> Percent: 1.3", "count: 0.0115052733<br />Category: Quality Checking<br />Prop: 0.0115052733<br />Count: 12 <br /> Percent: 1.2", "count: 0.0095877277<br />Category: Read Quantification<br />Prop: 0.0095877277<br />Count: 10 <br /> Percent: 1", "count: 0.0086289549<br />Category: Alignment<br />Prop: 0.0086289549<br />Count: 9 <br /> Percent: 0.9", "count: 0.0086289549<br />Category: Tested On Non Human Data<br />Prop: 0.0086289549<br />Count: 9 <br /> Percent: 0.9", "count: 0.0076701822<br />Category: Generating Consensus Sequence<br />Prop: 0.0076701822<br />Count: 8 <br /> Percent: 0.8", "count: 0.0076701822<br />Category: Isoform Detection<br />Prop: 0.0076701822<br />Count: 8 <br /> Percent: 0.8", "count: 0.0076701822<br />Category: Scaffolding<br />Prop: 0.0076701822<br />Count: 8 <br /> Percent: 0.8", "count: 0.0067114094<br />Category: Demultiplexing<br />Prop: 0.0067114094<br />Count: 7 <br /> Percent: 0.7", "count: 0.0067114094<br />Category: Error Correction And Polishing<br />Prop: 0.0067114094<br />Count: 7 <br /> Percent: 0.7", "count: 0.0067114094<br />Category: Visualisation<br />Prop: 0.0067114094<br />Count: 7 <br /> Percent: 0.7", "count: 0.0057526366<br />Category: Provide Summary Statistics<br />Prop: 0.0057526366<br />Count: 6 <br /> Percent: 0.6", "count: 0.0038350911<br />Category: Metagenomics<br />Prop: 0.0038350911<br />Count: 4 <br /> Percent: 0.4", "count: 0.0038350911<br />Category: Simulators<br />Prop: 0.0038350911<br />Count: 4 <br /> Percent: 0.4", "count: 0.0028763183<br />Category: Taxonomic Classification<br />Prop: 0.0028763183<br />Count: 3 <br /> Percent: 0.3", "count: 0.0019175455<br />Category: Evaluating Exisiting Methods<br />Prop: 0.0019175455<br />Count: 2 <br /> Percent: 0.2", "count: 0.0019175455<br />Category: Gap Filling<br />Prop: 0.0019175455<br />Count: 2 <br /> Percent: 0.2", "count: 0.0019175455<br />Category: Long Read Overlapping<br />Prop: 0.0019175455<br />Count: 2 <br /> Percent: 0.2", "count: 0.0009587728<br />Category: Normalisation<br />Prop: 0.0009587728<br />Count: 1 <br /> Percent: 0.1", "count: 0.0009587728<br />Category: Quality Trimming<br />Prop: 0.0009587728<br />Count: 1 <br /> Percent: 0.1", "count: 0.0009587728<br />Category: fast5 File Processing<br />Prop: 0.0009587728<br />Count: 1 <br /> Percent: 0.1", "count: 0.0000000000<br />Category: Base Modification Detection<br />Prop: 0.0000000000<br />Count: 0 <br /> Percent: 0", "count: 0.0000000000<br />Category: Basecalling<br />Prop: 0.0000000000<br />Count: 0 <br /> Percent: 0", "count: 0.0000000000<br />Category: Quality Filtering<br />Prop: 0.0000000000<br />Count: 0 <br /> Percent: 0", "count: 0.0000000000<br />Category: polyA Length Estimation<br />Prop: 0.0000000000<br />Count: 0 <br /> Percent: 0"],
      "type": "bar",
      "textposition": "none",
      "marker": {
        "autocolorscale": false,
        "color": "rgba(159,199,81,1)",
        "line": {
          "width": 1.8897637795275593,
          "color": "transparent"
        }
      },
      "showlegend": false,
      "xaxis": "x",
      "yaxis": "y",
      "hoverinfo": "text",
      "frame": null
    }
  ],
  "layout": {
    "margin": {
      "t": 50,
      "r": 40,
      "b": 90,
      "l": 70
    },
    "font": {
      "color": "rgba(0,0,0,1)",
      "family": "",
      "size": 18.596928185969279
    },
    "title": {
      "text": "<b> 10X Genomics focused <\/b>",
      "font": {
        "color": "rgba(0,0,0,1)",
        "family": "",
        "size": 15.940224159402243
      },
      "x": 0,
      "xref": "paper"
    },
    "xaxis": {
      "domain": [0, 1],
      "automargin": true,
      "type": "category",
      "autorange": true,
      "range": [0.40000000000000002, 31.600000000000001],
      "tickmode": "auto",
      "ticktext": ["Tested On Human Data", "Availablity Of Test Data", "Suitable For Single Cell Experiments", "Denovo Assembly", "SNP And Variant Analysis", "Analysis Pipelines", "Transcriptomics", "Quality Checking", "Read Quantification", "Alignment", "Tested On Non Human Data", "Generating Consensus Sequence", "Isoform Detection", "Scaffolding", "Demultiplexing", "Error Correction And Polishing", "Visualisation", "Provide Summary Statistics", "Metagenomics", "Simulators", "Taxonomic Classification", "Evaluating Exisiting Methods", "Gap Filling", "Long Read Overlapping", "Normalisation", "Quality Trimming", "fast5 File Processing", "Base Modification Detection", "Basecalling", "Quality Filtering", "polyA Length Estimation"],
      "tickvals": [1, 2, 3, 4, 5, 6, 7, 8, 9, 10, 11, 12, 13, 14, 15, 16, 17, 18, 19, 20, 21, 22, 23, 24, 25, 26, 27, 28, 29, 30, 31],
      "categoryorder": "array",