{
  "data": [
    {
      "orientation": "v",
      "width": [0.9, 0.9, 0.9, 0.9, 0.9, 0.9, 0.9, 0.899999999999999, 0.899999999999999, 0.899999999999999, 0.899999999999999, 0.899999999999999, 0.899999999999999, 0.899999999999999, 0.899999999999999, 0.899999999999999, 0.899999999999999, 0.899999999999999, 0.899999999999999, 0.899999999999999, 0.899999999999999, 0.899999999999999, 0.899999999999999, 0.899999999999999, 0.899999999999999, 0.899999999999999, 0.899999999999999, 0.899999999999999, 0.899999999999999, 0.899999999999999, 0.899999999999999, 0.900000000000002, 0.900000000000006, 0.900000000000006, 0.900000000000006],
      "base": [0, 0, 0, 0, 0, 0, 0, 0, 0, 0, 0, 0, 0, 0, 0, 0, 0, 0, 0, 0, 0, 0, 0, 0, 0, 0, 0, 0, 0, 0, 0, 0, 0, 0, 0],
      "x": [1, 2, 3, 4, 5, 6, 7, 8, 9, 10, 11, 12, 13, 14, 15, 16, 17, 18, 19, 20, 21, 22, 23, 24, 25, 26, 27, 28, 29, 30, 31, 32, 33, 34, 35],
      "y": [0.1996699669967, 0.184818481848185, 0.173267326732673, 0.166666666666667, 0.156765676567657, 0.138613861386139, 0.135313531353135, 0.127062706270627, 0.107260726072607, 0.105610561056106, 0.103960396039604, 0.0924092409240924, 0.0907590759075908, 0.0841584158415842, 0.0742574257425743, 0.0693069306930693, 0.066006600660066, 0.0429042904290429, 0.037953795379538, 0.0363036303630363, 0.0346534653465347, 0.0346534653465347, 0.033003300330033, 0.0264026402640264, 0.0247524752475248, 0.0214521452145215, 0.0198019801980198, 0.0165016501650165, 0.0148514851485149, 0.0099009900990099, 0.0066006600660066, 0.00495049504950495, 0.00495049504950495, 0.00495049504950495, 0.0033003300330033],
      "text": ["Category: Error Correction And Polishing<br />Count: 121 <br /> Percent: 20", "Category: SNP And Variant Analysis<br />Count: 112 <br /> Percent: 18.5", "Category: Denovo Assembly<br />Count: 105 <br /> Percent: 17.3", "Category: Tested On Non Human Data<br />Count: 101 <br /> Percent: 16.7", "Category: Tested On Human Data<br />Count: 95 <br /> Percent: 15.7", "Category: Transcriptomics<br />Count: 84 <br /> Percent: 13.9", "Category: Alignment<br />Count: 82 <br /> Percent: 13.5", "Category: Analysis Pipelines<br />Count: 77 <br /> Percent: 12.7", "Category: Availablity Of Test Data<br />Count: 65 <br /> Percent: 10.7", "Category: Visualisation<br />Count: 64 <br /> Percent: 10.6", "Category: Generating Consensus Sequence<br />Count: 63 <br /> Percent: 10.4", "Category: Quality Checking<br />Count: 56 <br /> Percent: 9.2", "Category: Base Modification Detection<br />Count: 55 <br /> Percent: 9.1", "Category: Provide Summary Statistics<br />Count: 51 <br /> Percent: 8.4", "Category: Isoform Detection<br />Count: 45 <br /> Percent: 7.4", "Category: Basecalling<br />Count: 42 <br /> Percent: 6.9", "Category: Metagenomics<br />Count: 40 <br /> Percent: 6.6", "Category: Scaffolding<br />Count: 26 <br /> Percent: 4.3", "Category: Read Quantification<br />Count: 23 <br /> Percent: 3.8", "Category: Simulators<br />Count: 22 <br /> Percent: 3.6", "Category: Quality Trimming<br />Count: 21 <br /> Percent: 3.5", "Category: Taxonomic Classification<br />Count: 21 <br /> Percent: 3.5", "Category: Quality Filtering<br />Count: 20 <br /> Percent: 3.3", "Category: Gap Filling<br />Count: 16 <br /> Percent: 2.6", "Category: Demultiplexing<br />Count: 15 <br /> Percent: 2.5", "Category: Long Read Overlapping<br />Count: 13 <br /> Percent: 2.1", "Category: fast5 File Processing<br />Count: 12 <br /> Percent: 2", "Category: Evaluating Exisiting Methods<br />Count: 10 <br /> Percent: 1.7", "Category: Suitable For Single Cell Experiments<br />Count: 9 <br /> Percent: 1.5", "Category: RNAStructure<br />Count: 6 <br /> Percent: 1", "Category: Data Structures<br />Count: 4 <br /> Percent: 0.7", "Category: Coexpression Analysis<br />Count: 3 <br /> Percent: 0.5", "Category: Normalisation<br />Count: 3 <br /> Percent: 0.5", "Category: polyA Length Estimation<br />Count: 3 <br /> Percent: 0.5", "Category: Fusion Detection<br />Count: 2 <br /> Percent: 0.3"],
      "type": "bar",
      "textposition": "none",
      "marker": {
        "autocolorscale": false,
        "color": "rgba(89,115,37,1)",
        "line": {
          "width": 1.88976377952756,
          "color": "transparent"
        }
      },
      "showlegend": false,
      "xaxis": "x",
      "yaxis": "y",
      "hoverinfo": "text",
      "frame": null
    }
  ],
  "layout": {
    "margin": {
      "t": 50,
      "r": 10,
      "b": 200,
      "l": 80
    },
    "font": {
      "color": "rgba(0,0,0,1)",
      "family": "",
      "size": 18.5969281859693
    },
    "title": {
      "text": "<b> Categories <\/b>",
      "font": {
        "color": "rgba(0,0,0,1)",
        "family": "",
        "size": 26.5670402656704
      },
      "x": 0,
      "xref": "paper"
    },
    "xaxis": {
      "domain": [0, 1],
      "automargin": true,
      "type": "linear",
      "autorange": false,
      "range": [0.4, 35.6],
      "tickmode": "array",
      "ticktext": ["Error Correction And Polishing", "SNP And Variant Analysis", "Denovo Assembly", "Tested On Non Human Data", "Tested On Human Data", "Transcriptomics", "Alignment", "Analysis Pipelines", "Availablity Of Test Data", "Visualisation", "Generating Consensus Sequence", "Quality Checking", "Base Modification Detection", "Provide Summary Statistics", "Isoform Detection", "Basecalling", "Metagenomics", "Scaffolding", "Read Quantification", "Simulators", "Quality Trimming", "Taxonomic Classification", "Quality Filtering", "Gap Filling", "Demultiplexing", "Long Read Overlapping", "fast5 File Processing", "Evaluating Exisiting Methods", "Suitable For Single Cell Experiments", "RNAStructure", "Data Structures", "Coexpression Analysis", "Normalisation", "polyA Length Estimation", "Fusion Detection"],
      "tickvals": [1, 2, 3, 4, 5, 6, 7, 8, 9, 10, 11, 12, 13, 14, 15, 16, 17, 18, 19, 20, 21, 22, 23, 24, 25, 26, 27, 28, 29, 30, 31, 32, 33, 34, 35],
      "categoryorder": "array",
      "categoryarray": ["Error Correction And Polishing", "SNP And Variant Analysis", "Denovo Assembly", "Tested On Non Human Data", "Tested On Human Data", "Transcriptomics", "Alignment", "Analysis Pipelines", "Availablity Of Test Data", "Visualisation", "Generating Consensus Sequence", "Quality Checking", "Base Modification Detection", "Provide Summary Statistics", "Isoform Detection", "Basecalling", "Metagenomics", "Scaffolding", "Read Quantification", "Simulators", "Quality Trimming", "Taxonomic Classification", "Quality Filtering", "Gap Filling", "Demultiplexing", "Long Read Overlapping", "fast5 File Processing", "Evaluating Exisiting Methods", "Suitable For Single Cell Experiments", "RNAStructure", "Data Structures", "Coexpression Analysis", "Normalisation", "polyA Length Estimation", "Fusion Detection"],
      "nticks": null,
      "ticks": "outside",
      "tickcolor": "rgba(0,0,0,1)",
      "ticklen": 4.64923204649232,
      "tickwidth": 0.66417600664176,
      "showticklabels": true,
      "tickfont": {
        "color": "rgba(0,0,0,1)",
        "family": "",
        "size": 10.6268161062682
      },
      "tickangle": -60,
      "showline": true,
      "linecolor": "rgba(0,0,0,1)",
      "linewidth": 0.66417600664176,
      "showgrid": false,
      "gridcolor": null,
      "gridwidth": 0,
      "zeroline": false,
      "anchor": "y",
      "title": {
        "text": "",
        "font": {
          "color": null,
          "family": null,
          "size": 0
        }
      },
      "hoverformat": ".2f"
    },
    "yaxis": {
      "domain": [0, 1],
      "automargin": true,
      "type": "linear",
      "autorange": false,
      "range": [-0.00998349834983498, 0.209653465346535],
      "tickmode": "array",
      "ticktext": ["0.0%", "5.0%", "10.0%", "15.0%", "20.0%"],
      "tickvals": [0, 0.05, 0.1, 0.15, 0.2],
      "categoryorder": "array",
      "categoryarray": ["0.0%", "5.0%", "10.0%", "15.0%", "20.0%"],
      "nticks": null,
      "ticks": "outside",
      "tickcolor": "rgba(0,0,0,1)",