{
  "data": [
    {
      "orientation": "v",
      "width": [0.9, 0.9, 0.9, 0.9, 0.9, 0.9, 0.9, 0.899999999999999, 0.899999999999999, 0.899999999999999, 0.899999999999999, 0.899999999999999, 0.899999999999999, 0.899999999999999, 0.899999999999999, 0.899999999999999, 0.899999999999999, 0.899999999999999, 0.899999999999999, 0.899999999999999, 0.899999999999999, 0.899999999999999, 0.899999999999999, 0.899999999999999, 0.899999999999999, 0.899999999999999, 0.899999999999999, 0.899999999999999, 0.899999999999999, 0.899999999999999, 0.899999999999999],
      "base": [0, 0, 0, 0, 0, 0, 0, 0, 0, 0, 0, 0, 0, 0, 0, 0, 0, 0, 0, 0, 0, 0, 0, 0, 0, 0, 0, 0, 0, 0, 0],
      "x": ["Tested On Non Human Data", "Tested On Human Data", "SNP And Variant Analysis", "Error Correction And Polishing", "Transcriptomics", "Alignment", "Analysis Pipelines", "Denovo Assembly", "Availablity Of Test Data", "Visualisation", "Base Modification Detection", "Quality Checking", "Provide Summary Statistics", "Generating Consensus Sequence", "Isoform Detection", "Basecalling", "Metagenomics", "Read Quantification", "Taxonomic Classification", "Quality Filtering", "Scaffolding", "Simulators", "Demultiplexing", "fast5 File Processing", "Quality Trimming", "Long Read Overlapping", "Gap Filling", "Suitable For Single Cell Experiments", "Evaluating Exisiting Methods", "polyA Length Estimation", "Normalisation"],
      "y": [0.171511627906977, 0.167151162790698, 0.155523255813953, 0.151162790697674, 0.135174418604651, 0.126453488372093, 0.126453488372093, 0.123546511627907, 0.122093023255814, 0.0901162790697674, 0.0799418604651163, 0.0799418604651163, 0.0770348837209302, 0.0755813953488372, 0.0668604651162791, 0.063953488372093, 0.061046511627907, 0.0392441860465116, 0.0319767441860465, 0.0261627906976744, 0.0261627906976744, 0.0247093023255814, 0.0232558139534884, 0.0232558139534884, 0.0232558139534884, 0.0218023255813953, 0.0203488372093023, 0.0203488372093023, 0.0159883720930233, 0.00872093023255814, 0.00436046511627907],
      "text": ["count: 0.171511628<br />Category: Tested On Non Human Data<br />Prop: 0.171511628<br />Count: 118 <br /> Percent: 17.2", "count: 0.167151163<br />Category: Tested On Human Data<br />Prop: 0.167151163<br />Count: 115 <br /> Percent: 16.7", "count: 0.155523256<br />Category: SNP And Variant Analysis<br />Prop: 0.155523256<br />Count: 107 <br /> Percent: 15.6", "count: 0.151162791<br />Category: Error Correction And Polishing<br />Prop: 0.151162791<br />Count: 104 <br /> Percent: 15.1", "count: 0.135174419<br />Category: Transcriptomics<br />Prop: 0.135174419<br />Count: 93 <br /> Percent: 13.5", "count: 0.126453488<br />Category: Alignment<br />Prop: 0.126453488<br />Count: 87 <br /> Percent: 12.6", "count: 0.126453488<br />Category: Analysis Pipelines<br />Prop: 0.126453488<br />Count: 87 <br /> Percent: 12.6", "count: 0.123546512<br />Category: Denovo Assembly<br />Prop: 0.123546512<br />Count: 85 <br /> Percent: 12.4", "count: 0.122093023<br />Category: Availablity Of Test Data<br />Prop: 0.122093023<br />Count: 84 <br /> Percent: 12.2", "count: 0.090116279<br />Category: Visualisation<br />Prop: 0.090116279<br />Count: 62 <br /> Percent: 9", "count: 0.079941860<br />Category: Base Modification Detection<br />Prop: 0.079941860<br />Count: 55 <br /> Percent: 8", "count: 0.079941860<br />Category: Quality Checking<br />Prop: 0.079941860<br />Count: 55 <br /> Percent: 8", "count: 0.077034884<br />Category: Provide Summary Statistics<br />Prop: 0.077034884<br />Count: 53 <br /> Percent: 7.7", "count: 0.075581395<br />Category: Generating Consensus Sequence<br />Prop: 0.075581395<br />Count: 52 <br /> Percent: 7.6", "count: 0.066860465<br />Category: Isoform Detection<br />Prop: 0.066860465<br />Count: 46 <br /> Percent: 6.7", "count: 0.063953488<br />Category: Basecalling<br />Prop: 0.063953488<br />Count: 44 <br /> Percent: 6.4", "count: 0.061046512<br />Category: Metagenomics<br />Prop: 0.061046512<br />Count: 42 <br /> Percent: 6.1", "count: 0.039244186<br />Category: Read Quantification<br />Prop: 0.039244186<br />Count: 27 <br /> Percent: 3.9", "count: 0.031976744<br />Category: Taxonomic Classification<br />Prop: 0.031976744<br />Count: 22 <br /> Percent: 3.2", "count: 0.026162791<br />Category: Quality Filtering<br />Prop: 0.026162791<br />Count: 18 <br /> Percent: 2.6", "count: 0.026162791<br />Category: Scaffolding<br />Prop: 0.026162791<br />Count: 18 <br /> Percent: 2.6", "count: 0.024709302<br />Category: Simulators<br />Prop: 0.024709302<br />Count: 17 <br /> Percent: 2.5", "count: 0.023255814<br />Category: Demultiplexing<br />Prop: 0.023255814<br />Count: 16 <br /> Percent: 2.3", "count: 0.023255814<br />Category: fast5 File Processing<br />Prop: 0.023255814<br />Count: 16 <br /> Percent: 2.3", "count: 0.023255814<br />Category: Quality Trimming<br />Prop: 0.023255814<br />Count: 16 <br /> Percent: 2.3", "count: 0.021802326<br />Category: Long Read Overlapping<br />Prop: 0.021802326<br />Count: 15 <br /> Percent: 2.2", "count: 0.020348837<br />Category: Gap Filling<br />Prop: 0.020348837<br />Count: 14 <br /> Percent: 2", "count: 0.020348837<br />Category: Suitable For Single Cell Experiments<br />Prop: 0.020348837<br />Count: 14 <br /> Percent: 2", "count: 0.015988372<br />Category: Evaluating Exisiting Methods<br />Prop: 0.015988372<br />Count: 11 <br /> Percent: 1.6", "count: 0.008720930<br />Category: polyA Length Estimation<br />Prop: 0.008720930<br />Count: 6 <br /> Percent: 0.9", "count: 0.004360465<br />Category: Normalisation<br />Prop: 0.004360465<br />Count: 3 <br /> Percent: 0.4"],
      "type": "bar",
      "textposition": "none",
      "marker": {
        "autocolorscale": false,
        "color": "rgba(159,199,81,1)",
        "line": {
          "width": 1.88976377952756,
          "color": "transparent"
        }
      },
      "showlegend": false,
      "xaxis": "x",
      "yaxis": "y",
      "hoverinfo": "text",
      "frame": null
    }
  ],
  "layout": {
    "margin": {
      "t": 50,
      "r": 40,
      "b": 90,
      "l": 70
    },
    "font": {
      "color": "rgba(0,0,0,1)",
      "family": "",
      "size": 18.5969281859693
    },
    "title": {
      "text": "<b> Oxford Nanopore focused <\/b>",
      "font": {
        "color": "rgba(0,0,0,1)",
        "family": "",
        "size": 15.9402241594022
      },
      "x": 0,
      "xref": "paper"
    },
    "xaxis": {
      "domain": [0, 1],
      "automargin": true,
      "type": "category",
      "autorange": true,
      "range": [0.4, 31.6],
      "tickmode": "auto",
      "ticktext": ["Tested On Non Human Data", "Tested On Human Data", "SNP And Variant Analysis", "Error Correction And Polishing", "Transcriptomics", "Alignment", "Analysis Pipelines", "Denovo Assembly", "Availablity Of Test Data", "Visualisation", "Base Modification Detection", "Quality Checking", "Provide Summary Statistics", "Generating Consensus Sequence", "Isoform Detection", "Basecalling", "Metagenomics", "Read Quantification", "Taxonomic Classification", "Quality Filtering", "Scaffolding", "Simulators", "Demultiplexing", "fast5 File Processing", "Quality Trimming", "Long Read Overlapping", "Gap Filling", "Suitable For Single Cell Experiments", "Evaluating Exisiting Methods", "polyA Length Estimation", "Normalisation"],
      "tickvals": [1, 2, 3, 4, 5, 6, 7, 8, 9, 10, 11, 12, 13, 14, 15, 16, 17, 18, 19, 20, 21, 22, 23, 24, 25, 26, 27, 28, 29, 30, 31],
      "categoryorder": "array",