{
  "data": [
    {
      "orientation": "v",
      "width": [0.9, 0.9, 0.9, 0.9, 0.9, 0.9, 0.9, 0.899999999999999, 0.899999999999999, 0.899999999999999, 0.899999999999999, 0.899999999999999, 0.899999999999999, 0.899999999999999, 0.899999999999999, 0.899999999999999, 0.899999999999999, 0.899999999999999, 0.899999999999999, 0.899999999999999, 0.899999999999999, 0.899999999999999, 0.899999999999999, 0.899999999999999, 0.899999999999999, 0.899999999999999, 0.899999999999999, 0.899999999999999, 0.899999999999999, 0.899999999999999, 0.899999999999999],
      "base": [0, 0, 0, 0, 0, 0, 0, 0, 0, 0, 0, 0, 0, 0, 0, 0, 0, 0, 0, 0, 0, 0, 0, 0, 0, 0, 0, 0, 0, 0, 0],
      "x": ["Error Correction And Polishing", "SNP And Variant Analysis", "Tested On Non Human Data", "Denovo Assembly", "Tested On Human Data", "Transcriptomics", "Alignment", "Availablity Of Test Data", "Generating Consensus Sequence", "Isoform Detection", "Analysis Pipelines", "Quality Checking", "Visualisation", "Metagenomics", "Provide Summary Statistics", "Read Quantification", "Scaffolding", "Gap Filling", "Taxonomic Classification", "Long Read Overlapping", "Base Modification Detection", "Simulators", "Suitable For Single Cell Experiments", "Quality Filtering", "Quality Trimming", "Demultiplexing", "Evaluating Exisiting Methods", "polyA Length Estimation", "Basecalling", "Normalisation", "fast5 File Processing"],
      "y": [0.13984962406015, 0.129323308270677, 0.126315789473684, 0.123308270676692, 0.118796992481203, 0.108270676691729, 0.103759398496241, 0.0947368421052632, 0.0721804511278196, 0.0676691729323308, 0.0541353383458647, 0.0406015037593985, 0.0390977443609023, 0.0345864661654135, 0.0330827067669173, 0.0285714285714286, 0.0285714285714286, 0.0210526315789474, 0.0210526315789474, 0.0195488721804511, 0.0180451127819549, 0.0180451127819549, 0.0165413533834586, 0.0150375939849624, 0.0120300751879699, 0.0105263157894737, 0.0075187969924812, 0.0075187969924812, 0.00601503759398496, 0.00300751879699248, 0.00150375939849624],
      "text": ["count: 0.139849624<br />Category: Error Correction And Polishing<br />Prop: 0.139849624<br />Count: 93 <br /> Percent: 14", "count: 0.129323308<br />Category: SNP And Variant Analysis<br />Prop: 0.129323308<br />Count: 86 <br /> Percent: 12.9", "count: 0.126315789<br />Category: Tested On Non Human Data<br />Prop: 0.126315789<br />Count: 84 <br /> Percent: 12.6", "count: 0.123308271<br />Category: Denovo Assembly<br />Prop: 0.123308271<br />Count: 82 <br /> Percent: 12.3", "count: 0.118796992<br />Category: Tested On Human Data<br />Prop: 0.118796992<br />Count: 79 <br /> Percent: 11.9", "count: 0.108270677<br />Category: Transcriptomics<br />Prop: 0.108270677<br />Count: 72 <br /> Percent: 10.8", "count: 0.103759398<br />Category: Alignment<br />Prop: 0.103759398<br />Count: 69 <br /> Percent: 10.4", "count: 0.094736842<br />Category: Availablity Of Test Data<br />Prop: 0.094736842<br />Count: 63 <br /> Percent: 9.5", "count: 0.072180451<br />Category: Generating Consensus Sequence<br />Prop: 0.072180451<br />Count: 48 <br /> Percent: 7.2", "count: 0.067669173<br />Category: Isoform Detection<br />Prop: 0.067669173<br />Count: 45 <br /> Percent: 6.8", "count: 0.054135338<br />Category: Analysis Pipelines<br />Prop: 0.054135338<br />Count: 36 <br /> Percent: 5.4", "count: 0.040601504<br />Category: Quality Checking<br />Prop: 0.040601504<br />Count: 27 <br /> Percent: 4.1", "count: 0.039097744<br />Category: Visualisation<br />Prop: 0.039097744<br />Count: 26 <br /> Percent: 3.9", "count: 0.034586466<br />Category: Metagenomics<br />Prop: 0.034586466<br />Count: 23 <br /> Percent: 3.5", "count: 0.033082707<br />Category: Provide Summary Statistics<br />Prop: 0.033082707<br />Count: 22 <br /> Percent: 3.3", "count: 0.028571429<br />Category: Read Quantification<br />Prop: 0.028571429<br />Count: 19 <br /> Percent: 2.9", "count: 0.028571429<br />Category: Scaffolding<br />Prop: 0.028571429<br />Count: 19 <br /> Percent: 2.9", "count: 0.021052632<br />Category: Gap Filling<br />Prop: 0.021052632<br />Count: 14 <br /> Percent: 2.1", "count: 0.021052632<br />Category: Taxonomic Classification<br />Prop: 0.021052632<br />Count: 14 <br /> Percent: 2.1", "count: 0.019548872<br />Category: Long Read Overlapping<br />Prop: 0.019548872<br />Count: 13 <br /> Percent: 2", "count: 0.018045113<br />Category: Base Modification Detection<br />Prop: 0.018045113<br />Count: 12 <br /> Percent: 1.8", "count: 0.018045113<br />Category: Simulators<br />Prop: 0.018045113<br />Count: 12 <br /> Percent: 1.8", "count: 0.016541353<br />Category: Suitable For Single Cell Experiments<br />Prop: 0.016541353<br />Count: 11 <br /> Percent: 1.7", "count: 0.015037594<br />Category: Quality Filtering<br />Prop: 0.015037594<br />Count: 10 <br /> Percent: 1.5", "count: 0.012030075<br />Category: Quality Trimming<br />Prop: 0.012030075<br />Count: 8 <br /> Percent: 1.2", "count: 0.010526316<br />Category: Demultiplexing<br />Prop: 0.010526316<br />Count: 7 <br /> Percent: 1.1", "count: 0.007518797<br />Category: Evaluating Exisiting Methods<br />Prop: 0.007518797<br />Count: 5 <br /> Percent: 0.8", "count: 0.007518797<br />Category: polyA Length Estimation<br />Prop: 0.007518797<br />Count: 5 <br /> Percent: 0.8", "count: 0.006015038<br />Category: Basecalling<br />Prop: 0.006015038<br />Count: 4 <br /> Percent: 0.6", "count: 0.003007519<br />Category: Normalisation<br />Prop: 0.003007519<br />Count: 2 <br /> Percent: 0.3", "count: 0.001503759<br />Category: fast5 File Processing<br />Prop: 0.001503759<br />Count: 1 <br /> Percent: 0.2"],
      "type": "bar",
      "textposition": "none",
      "marker": {
        "autocolorscale": false,
        "color": "rgba(159,199,81,1)",
        "line": {
          "width": 1.88976377952756,
          "color": "transparent"
        }
      },
      "showlegend": false,
      "xaxis": "x",
      "yaxis": "y",
      "hoverinfo": "text",
      "frame": null
    }
  ],
  "layout": {
    "margin": {
      "t": 50,
      "r": 40,
      "b": 90,
      "l": 70
    },
    "font": {
      "color": "rgba(0,0,0,1)",
      "family": "",
      "size": 18.5969281859693
    },
    "title": {
      "text": "<b> PacBio focused <\/b>",
      "font": {
        "color": "rgba(0,0,0,1)",
        "family": "",
        "size": 15.9402241594022
      },
      "x": 0,
      "xref": "paper"
    },
    "xaxis": {
      "domain": [0, 1],
      "automargin": true,
      "type": "category",
      "autorange": true,
      "range": [0.4, 31.6],
      "tickmode": "auto",
      "ticktext": ["Error Correction And Polishing", "SNP And Variant Analysis", "Tested On Non Human Data", "Denovo Assembly", "Tested On Human Data", "Transcriptomics", "Alignment", "Availablity Of Test Data", "Generating Consensus Sequence", "Isoform Detection", "Analysis Pipelines", "Quality Checking", "Visualisation", "Metagenomics", "Provide Summary Statistics", "Read Quantification", "Scaffolding", "Gap Filling", "Taxonomic Classification", "Long Read Overlapping", "Base Modification Detection", "Simulators", "Suitable For Single Cell Experiments", "Quality Filtering", "Quality Trimming", "Demultiplexing", "Evaluating Exisiting Methods", "polyA Length Estimation", "Basecalling", "Normalisation", "fast5 File Processing"],
      "tickvals": [1, 2, 3, 4, 5, 6, 7, 8, 9, 10, 11, 12, 13, 14, 15, 16, 17, 18, 19, 20, 21, 22, 23, 24, 25, 26, 27, 28, 29, 30, 31],
      "categoryorder": "array",