{
  "data": [
    {
      "orientation": "v",
      "width": [0.9, 0.9, 0.9, 0.9, 0.9, 0.9, 0.9, 0.899999999999999, 0.899999999999999, 0.899999999999999, 0.899999999999999, 0.899999999999999, 0.899999999999999, 0.899999999999999, 0.899999999999999, 0.899999999999999, 0.899999999999999, 0.899999999999999, 0.899999999999999, 0.899999999999999, 0.899999999999999, 0.899999999999999, 0.899999999999999, 0.899999999999999, 0.899999999999999, 0.899999999999999, 0.899999999999999, 0.899999999999999, 0.899999999999999, 0.899999999999999, 0.899999999999999],
      "base": [0, 0, 0, 0, 0, 0, 0, 0, 0, 0, 0, 0, 0, 0, 0, 0, 0, 0, 0, 0, 0, 0, 0, 0, 0, 0, 0, 0, 0, 0, 0],
      "x": ["Error Correction And Polishing", "SNP And Variant Analysis", "Tested On Non Human Data", "Denovo Assembly", "Tested On Human Data", "Transcriptomics", "Analysis Pipelines", "Alignment", "Visualisation", "Quality Checking", "Provide Summary Statistics", "Base Modification Detection", "Basecalling", "Generating Consensus Sequence", "Availablity Of Test Data", "Metagenomics", "Isoform Detection", "Taxonomic Classification", "Quality Trimming", "Simulators", "Read Quantification", "Quality Filtering", "Demultiplexing", "fast5 File Processing", "Evaluating Exisiting Methods", "Long Read Overlapping", "Gap Filling", "Scaffolding", "Suitable For Single Cell Experiments", "polyA Length Estimation", "Normalisation"],
      "y": [0.161538461538462, 0.134615384615385, 0.126923076923077, 0.125, 0.115384615384615, 0.109615384615385, 0.107692307692308, 0.103846153846154, 0.0961538461538462, 0.0884615384615385, 0.0769230769230769, 0.0730769230769231, 0.0692307692307692, 0.0692307692307692, 0.0596153846153846, 0.0596153846153846, 0.0576923076923077, 0.0326923076923077, 0.0307692307692308, 0.0307692307692308, 0.0288461538461538, 0.0269230769230769, 0.0211538461538462, 0.0211538461538462, 0.0192307692307692, 0.0192307692307692, 0.0173076923076923, 0.0173076923076923, 0.0134615384615385, 0.00576923076923077, 0.00384615384615385],
      "text": ["count: 0.161538462<br />Category: Error Correction And Polishing<br />Prop: 0.161538462<br />Count: 84 <br /> Percent: 16.2", "count: 0.134615385<br />Category: SNP And Variant Analysis<br />Prop: 0.134615385<br />Count: 70 <br /> Percent: 13.5", "count: 0.126923077<br />Category: Tested On Non Human Data<br />Prop: 0.126923077<br />Count: 66 <br /> Percent: 12.7", "count: 0.125000000<br />Category: Denovo Assembly<br />Prop: 0.125000000<br />Count: 65 <br /> Percent: 12.5", "count: 0.115384615<br />Category: Tested On Human Data<br />Prop: 0.115384615<br />Count: 60 <br /> Percent: 11.5", "count: 0.109615385<br />Category: Transcriptomics<br />Prop: 0.109615385<br />Count: 57 <br /> Percent: 11", "count: 0.107692308<br />Category: Analysis Pipelines<br />Prop: 0.107692308<br />Count: 56 <br /> Percent: 10.8", "count: 0.103846154<br />Category: Alignment<br />Prop: 0.103846154<br />Count: 54 <br /> Percent: 10.4", "count: 0.096153846<br />Category: Visualisation<br />Prop: 0.096153846<br />Count: 50 <br /> Percent: 9.6", "count: 0.088461538<br />Category: Quality Checking<br />Prop: 0.088461538<br />Count: 46 <br /> Percent: 8.8", "count: 0.076923077<br />Category: Provide Summary Statistics<br />Prop: 0.076923077<br />Count: 40 <br /> Percent: 7.7", "count: 0.073076923<br />Category: Base Modification Detection<br />Prop: 0.073076923<br />Count: 38 <br /> Percent: 7.3", "count: 0.069230769<br />Category: Basecalling<br />Prop: 0.069230769<br />Count: 36 <br /> Percent: 6.9", "count: 0.069230769<br />Category: Generating Consensus Sequence<br />Prop: 0.069230769<br />Count: 36 <br /> Percent: 6.9", "count: 0.059615385<br />Category: Availablity Of Test Data<br />Prop: 0.059615385<br />Count: 31 <br /> Percent: 6", "count: 0.059615385<br />Category: Metagenomics<br />Prop: 0.059615385<br />Count: 31 <br /> Percent: 6", "count: 0.057692308<br />Category: Isoform Detection<br />Prop: 0.057692308<br />Count: 30 <br /> Percent: 5.8", "count: 0.032692308<br />Category: Taxonomic Classification<br />Prop: 0.032692308<br />Count: 17 <br /> Percent: 3.3", "count: 0.030769231<br />Category: Quality Trimming<br />Prop: 0.030769231<br />Count: 16 <br /> Percent: 3.1", "count: 0.030769231<br />Category: Simulators<br />Prop: 0.030769231<br />Count: 16 <br /> Percent: 3.1", "count: 0.028846154<br />Category: Read Quantification<br />Prop: 0.028846154<br />Count: 15 <br /> Percent: 2.9", "count: 0.026923077<br />Category: Quality Filtering<br />Prop: 0.026923077<br />Count: 14 <br /> Percent: 2.7", "count: 0.021153846<br />Category: Demultiplexing<br />Prop: 0.021153846<br />Count: 11 <br /> Percent: 2.1", "count: 0.021153846<br />Category: fast5 File Processing<br />Prop: 0.021153846<br />Count: 11 <br /> Percent: 2.1", "count: 0.019230769<br />Category: Evaluating Exisiting Methods<br />Prop: 0.019230769<br />Count: 10 <br /> Percent: 1.9", "count: 0.019230769<br />Category: Long Read Overlapping<br />Prop: 0.019230769<br />Count: 10 <br /> Percent: 1.9", "count: 0.017307692<br />Category: Gap Filling<br />Prop: 0.017307692<br />Count: 9 <br /> Percent: 1.7", "count: 0.017307692<br />Category: Scaffolding<br />Prop: 0.017307692<br />Count: 9 <br /> Percent: 1.7", "count: 0.013461538<br />Category: Suitable For Single Cell Experiments<br />Prop: 0.013461538<br />Count: 7 <br /> Percent: 1.3", "count: 0.005769231<br />Category: polyA Length Estimation<br />Prop: 0.005769231<br />Count: 3 <br /> Percent: 0.6", "count: 0.003846154<br />Category: Normalisation<br />Prop: 0.003846154<br />Count: 2 <br /> Percent: 0.4"],
      "type": "bar",
      "marker": {
        "autocolorscale": false,
        "color": "rgba(159,199,81,1)",
        "line": {
          "width": 1.88976377952756,
          "color": "transparent"
        }
      },
      "showlegend": false,
      "xaxis": "x",
      "yaxis": "y",
      "hoverinfo": "text",
      "frame": null
    }
  ],
  "layout": {
    "margin": {
      "t": 50,
      "r": 40,
      "b": 90,
      "l": 70
    },
    "font": {
      "color": "rgba(0,0,0,1)",
      "family": "",
      "size": 18.5969281859693
    },
    "title": {
      "text": "<b> Oxford Nanopore focused <\/b>",
      "font": {
        "color": "rgba(0,0,0,1)",
        "family": "",
        "size": 15.9402241594022
      },
      "x": 0,
      "xref": "paper"
    },
    "xaxis": {
      "domain": [0, 1],
      "automargin": true,
      "type": "category",
      "autorange": true,
      "range": [0.4, 31.6],
      "tickmode": "auto",
      "ticktext": ["Error Correction And Polishing", "SNP And Variant Analysis", "Tested On Non Human Data", "Denovo Assembly", "Tested On Human Data", "Transcriptomics", "Analysis Pipelines", "Alignment", "Visualisation", "Quality Checking", "Provide Summary Statistics", "Base Modification Detection", "Basecalling", "Generating Consensus Sequence", "Availablity Of Test Data", "Metagenomics", "Isoform Detection", "Taxonomic Classification", "Quality Trimming", "Simulators", "Read Quantification", "Quality Filtering", "Demultiplexing", "fast5 File Processing", "Evaluating Exisiting Methods", "Long Read Overlapping", "Gap Filling", "Scaffolding", "Suitable For Single Cell Experiments", "polyA Length Estimation", "Normalisation"],
      "tickvals": [1, 2, 3, 4, 5, 6, 7, 8, 9, 10, 11, 12, 13, 14, 15, 16, 17, 18, 19, 20, 21, 22, 23, 24, 25, 26, 27, 28, 29, 30, 31],
      "categoryorder": "array",