{
  "data": [
    {
      "orientation": "v",
      "width": [0.9, 0.9, 0.9, 0.9, 0.9, 0.9, 0.9, 0.899999999999999, 0.899999999999999, 0.899999999999999, 0.899999999999999, 0.899999999999999, 0.899999999999999, 0.899999999999999, 0.899999999999999, 0.899999999999999, 0.899999999999999, 0.899999999999999, 0.899999999999999, 0.899999999999999, 0.899999999999999, 0.899999999999999, 0.899999999999999, 0.899999999999999, 0.899999999999999, 0.899999999999999, 0.899999999999999, 0.899999999999999, 0.899999999999999, 0.899999999999999, 0.899999999999999],
      "base": [0, 0, 0, 0, 0, 0, 0, 0, 0, 0, 0, 0, 0, 0, 0, 0, 0, 0, 0, 0, 0, 0, 0, 0, 0, 0, 0, 0, 0, 0, 0],
      "x": ["Error Correction And Polishing", "Denovo Assembly", "SNP And Variant Analysis", "Tested On Non Human Data", "Transcriptomics", "Alignment", "Generating Consensus Sequence", "Tested On Human Data", "Availablity Of Test Data", "Isoform Detection", "Quality Checking", "Analysis Pipelines", "Visualisation", "Provide Summary Statistics", "Metagenomics", "Simulators", "Taxonomic Classification", "Gap Filling", "Long Read Overlapping", "Quality Filtering", "Quality Trimming", "Scaffolding", "Base Modification Detection", "Read Quantification", "Evaluating Exisiting Methods", "Suitable For Single Cell Experiments", "Basecalling", "Demultiplexing", "fast5 File Processing", "Normalisation", "polyA Length Estimation"],
      "y": [0.152542372881356, 0.127118644067797, 0.101694915254237, 0.0911016949152542, 0.0847457627118644, 0.0826271186440678, 0.0699152542372881, 0.0656779661016949, 0.0550847457627119, 0.0550847457627119, 0.0444915254237288, 0.0423728813559322, 0.0338983050847458, 0.0317796610169492, 0.0275423728813559, 0.0254237288135593, 0.0233050847457627, 0.0211864406779661, 0.0190677966101695, 0.0190677966101695, 0.0169491525423729, 0.0169491525423729, 0.0148305084745763, 0.0127118644067797, 0.0105932203389831, 0.00847457627118644, 0.00635593220338983, 0.00423728813559322, 0.00211864406779661, 0.00211864406779661, 0],
      "text": ["count: 0.152542373<br />Category: Error Correction And Polishing<br />Prop: 0.152542373<br />Count: 72 <br /> Percent: 15.3", "count: 0.127118644<br />Category: Denovo Assembly<br />Prop: 0.127118644<br />Count: 60 <br /> Percent: 12.7", "count: 0.101694915<br />Category: SNP And Variant Analysis<br />Prop: 0.101694915<br />Count: 48 <br /> Percent: 10.2", "count: 0.091101695<br />Category: Tested On Non Human Data<br />Prop: 0.091101695<br />Count: 43 <br /> Percent: 9.1", "count: 0.084745763<br />Category: Transcriptomics<br />Prop: 0.084745763<br />Count: 40 <br /> Percent: 8.5", "count: 0.082627119<br />Category: Alignment<br />Prop: 0.082627119<br />Count: 39 <br /> Percent: 8.3", "count: 0.069915254<br />Category: Generating Consensus Sequence<br />Prop: 0.069915254<br />Count: 33 <br /> Percent: 7", "count: 0.065677966<br />Category: Tested On Human Data<br />Prop: 0.065677966<br />Count: 31 <br /> Percent: 6.6", "count: 0.055084746<br />Category: Availablity Of Test Data<br />Prop: 0.055084746<br />Count: 26 <br /> Percent: 5.5", "count: 0.055084746<br />Category: Isoform Detection<br />Prop: 0.055084746<br />Count: 26 <br /> Percent: 5.5", "count: 0.044491525<br />Category: Quality Checking<br />Prop: 0.044491525<br />Count: 21 <br /> Percent: 4.4", "count: 0.042372881<br />Category: Analysis Pipelines<br />Prop: 0.042372881<br />Count: 20 <br /> Percent: 4.2", "count: 0.033898305<br />Category: Visualisation<br />Prop: 0.033898305<br />Count: 16 <br /> Percent: 3.4", "count: 0.031779661<br />Category: Provide Summary Statistics<br />Prop: 0.031779661<br />Count: 15 <br /> Percent: 3.2", "count: 0.027542373<br />Category: Metagenomics<br />Prop: 0.027542373<br />Count: 13 <br /> Percent: 2.8", "count: 0.025423729<br />Category: Simulators<br />Prop: 0.025423729<br />Count: 12 <br /> Percent: 2.5", "count: 0.023305085<br />Category: Taxonomic Classification<br />Prop: 0.023305085<br />Count: 11 <br /> Percent: 2.3", "count: 0.021186441<br />Category: Gap Filling<br />Prop: 0.021186441<br />Count: 10 <br /> Percent: 2.1", "count: 0.019067797<br />Category: Long Read Overlapping<br />Prop: 0.019067797<br />Count: 9 <br /> Percent: 1.9", "count: 0.019067797<br />Category: Quality Filtering<br />Prop: 0.019067797<br />Count: 9 <br /> Percent: 1.9", "count: 0.016949153<br />Category: Quality Trimming<br />Prop: 0.016949153<br />Count: 8 <br /> Percent: 1.7", "count: 0.016949153<br />Category: Scaffolding<br />Prop: 0.016949153<br />Count: 8 <br /> Percent: 1.7", "count: 0.014830508<br />Category: Base Modification Detection<br />Prop: 0.014830508<br />Count: 7 <br /> Percent: 1.5", "count: 0.012711864<br />Category: Read Quantification<br />Prop: 0.012711864<br />Count: 6 <br /> Percent: 1.3", "count: 0.010593220<br />Category: Evaluating Exisiting Methods<br />Prop: 0.010593220<br />Count: 5 <br /> Percent: 1.1", "count: 0.008474576<br />Category: Suitable For Single Cell Experiments<br />Prop: 0.008474576<br />Count: 4 <br /> Percent: 0.8", "count: 0.006355932<br />Category: Basecalling<br />Prop: 0.006355932<br />Count: 3 <br /> Percent: 0.6", "count: 0.004237288<br />Category: Demultiplexing<br />Prop: 0.004237288<br />Count: 2 <br /> Percent: 0.4", "count: 0.002118644<br />Category: fast5 File Processing<br />Prop: 0.002118644<br />Count: 1 <br /> Percent: 0.2", "count: 0.002118644<br />Category: Normalisation<br />Prop: 0.002118644<br />Count: 1 <br /> Percent: 0.2", "count: 0.000000000<br />Category: polyA Length Estimation<br />Prop: 0.000000000<br />Count: 0 <br /> Percent: 0"],
      "type": "bar",
      "marker": {
        "autocolorscale": false,
        "color": "rgba(159,199,81,1)",
        "line": {
          "width": 1.88976377952756,
          "color": "transparent"
        }
      },
      "showlegend": false,
      "xaxis": "x",
      "yaxis": "y",
      "hoverinfo": "text",
      "frame": null
    }
  ],
  "layout": {
    "margin": {
      "t": 50,
      "r": 40,
      "b": 90,
      "l": 70
    },
    "font": {
      "color": "rgba(0,0,0,1)",
      "family": "",
      "size": 18.5969281859693
    },
    "title": {
      "text": "<b> PacBio focused <\/b>",
      "font": {
        "color": "rgba(0,0,0,1)",
        "family": "",
        "size": 15.9402241594022
      },
      "x": 0,
      "xref": "paper"
    },
    "xaxis": {
      "domain": [0, 1],
      "automargin": true,
      "type": "category",
      "autorange": true,
      "range": [0.4, 31.6],
      "tickmode": "auto",
      "ticktext": ["Error Correction And Polishing", "Denovo Assembly", "SNP And Variant Analysis", "Tested On Non Human Data", "Transcriptomics", "Alignment", "Generating Consensus Sequence", "Tested On Human Data", "Availablity Of Test Data", "Isoform Detection", "Quality Checking", "Analysis Pipelines", "Visualisation", "Provide Summary Statistics", "Metagenomics", "Simulators", "Taxonomic Classification", "Gap Filling", "Long Read Overlapping", "Quality Filtering", "Quality Trimming", "Scaffolding", "Base Modification Detection", "Read Quantification", "Evaluating Exisiting Methods", "Suitable For Single Cell Experiments", "Basecalling", "Demultiplexing", "fast5 File Processing", "Normalisation", "polyA Length Estimation"],
      "tickvals": [1, 2, 3, 4, 5, 6, 7, 8, 9, 10, 11, 12, 13, 14, 15, 16, 17, 18, 19, 20, 21, 22, 23, 24, 25, 26, 27, 28, 29, 30, 31],
      "categoryorder": "array",