{
  "data": [
    {
      "orientation": "v",
      "width": [0.9, 0.9, 0.9, 0.9, 0.9, 0.9, 0.9, 0.899999999999999, 0.899999999999999, 0.899999999999999, 0.899999999999999, 0.899999999999999, 0.899999999999999, 0.899999999999999, 0.899999999999999, 0.899999999999999, 0.899999999999999, 0.899999999999999, 0.899999999999999, 0.899999999999999, 0.899999999999999, 0.899999999999999, 0.899999999999999, 0.899999999999999, 0.899999999999999, 0.899999999999999, 0.899999999999999, 0.899999999999999, 0.899999999999999, 0.899999999999999, 0.899999999999999],
      "base": [0, 0, 0, 0, 0, 0, 0, 0, 0, 0, 0, 0, 0, 0, 0, 0, 0, 0, 0, 0, 0, 0, 0, 0, 0, 0, 0, 0, 0, 0, 0],
      "x": ["Error Correction And Polishing", "Tested On Non Human Data", "Denovo Assembly", "SNP And Variant Analysis", "Analysis Pipelines", "Quality Checking", "Visualisation", "Provide Summary Statistics", "Tested On Human Data", "Alignment", "Transcriptomics", "Availablity Of Test Data", "Basecalling", "Generating Consensus Sequence", "Base Modification Detection", "Metagenomics", "Isoform Detection", "Taxonomic Classification", "Simulators", "Quality Filtering", "Quality Trimming", "fast5 File Processing", "Evaluating Exisiting Methods", "Read Quantification", "Demultiplexing", "Long Read Overlapping", "Scaffolding", "Gap Filling", "Suitable For Single Cell Experiments", "polyA Length Estimation", "Normalisation"],
      "y": [0.139593908629442, 0.139593908629442, 0.124365482233503, 0.116751269035533, 0.111675126903553, 0.101522842639594, 0.101522842639594, 0.0913705583756345, 0.0888324873096447, 0.0862944162436548, 0.0862944162436548, 0.0786802030456853, 0.0761421319796954, 0.0634517766497462, 0.0583756345177665, 0.0558375634517767, 0.0482233502538071, 0.0380710659898477, 0.0355329949238579, 0.032994923857868, 0.032994923857868, 0.0279187817258883, 0.0253807106598985, 0.0253807106598985, 0.0203045685279188, 0.0203045685279188, 0.0152284263959391, 0.0126903553299492, 0.0101522842639594, 0.00761421319796954, 0.0050761421319797],
      "text": ["count: 0.139593909<br />Category: Error Correction And Polishing<br />Prop: 0.139593909<br />Count: 55 <br /> Percent: 14", "count: 0.139593909<br />Category: Tested On Non Human Data<br />Prop: 0.139593909<br />Count: 55 <br /> Percent: 14", "count: 0.124365482<br />Category: Denovo Assembly<br />Prop: 0.124365482<br />Count: 49 <br /> Percent: 12.4", "count: 0.116751269<br />Category: SNP And Variant Analysis<br />Prop: 0.116751269<br />Count: 46 <br /> Percent: 11.7", "count: 0.111675127<br />Category: Analysis Pipelines<br />Prop: 0.111675127<br />Count: 44 <br /> Percent: 11.2", "count: 0.101522843<br />Category: Quality Checking<br />Prop: 0.101522843<br />Count: 40 <br /> Percent: 10.2", "count: 0.101522843<br />Category: Visualisation<br />Prop: 0.101522843<br />Count: 40 <br /> Percent: 10.2", "count: 0.091370558<br />Category: Provide Summary Statistics<br />Prop: 0.091370558<br />Count: 36 <br /> Percent: 9.1", "count: 0.088832487<br />Category: Tested On Human Data<br />Prop: 0.088832487<br />Count: 35 <br /> Percent: 8.9", "count: 0.086294416<br />Category: Alignment<br />Prop: 0.086294416<br />Count: 34 <br /> Percent: 8.6", "count: 0.086294416<br />Category: Transcriptomics<br />Prop: 0.086294416<br />Count: 34 <br /> Percent: 8.6", "count: 0.078680203<br />Category: Availablity Of Test Data<br />Prop: 0.078680203<br />Count: 31 <br /> Percent: 7.9", "count: 0.076142132<br />Category: Basecalling<br />Prop: 0.076142132<br />Count: 30 <br /> Percent: 7.6", "count: 0.063451777<br />Category: Generating Consensus Sequence<br />Prop: 0.063451777<br />Count: 25 <br /> Percent: 6.3", "count: 0.058375635<br />Category: Base Modification Detection<br />Prop: 0.058375635<br />Count: 23 <br /> Percent: 5.8", "count: 0.055837563<br />Category: Metagenomics<br />Prop: 0.055837563<br />Count: 22 <br /> Percent: 5.6", "count: 0.048223350<br />Category: Isoform Detection<br />Prop: 0.048223350<br />Count: 19 <br /> Percent: 4.8", "count: 0.038071066<br />Category: Taxonomic Classification<br />Prop: 0.038071066<br />Count: 15 <br /> Percent: 3.8", "count: 0.035532995<br />Category: Simulators<br />Prop: 0.035532995<br />Count: 14 <br /> Percent: 3.6", "count: 0.032994924<br />Category: Quality Filtering<br />Prop: 0.032994924<br />Count: 13 <br /> Percent: 3.3", "count: 0.032994924<br />Category: Quality Trimming<br />Prop: 0.032994924<br />Count: 13 <br /> Percent: 3.3", "count: 0.027918782<br />Category: fast5 File Processing<br />Prop: 0.027918782<br />Count: 11 <br /> Percent: 2.8", "count: 0.025380711<br />Category: Evaluating Exisiting Methods<br />Prop: 0.025380711<br />Count: 10 <br /> Percent: 2.5", "count: 0.025380711<br />Category: Read Quantification<br />Prop: 0.025380711<br />Count: 10 <br /> Percent: 2.5", "count: 0.020304569<br />Category: Demultiplexing<br />Prop: 0.020304569<br />Count: 8 <br /> Percent: 2", "count: 0.020304569<br />Category: Long Read Overlapping<br />Prop: 0.020304569<br />Count: 8 <br /> Percent: 2", "count: 0.015228426<br />Category: Scaffolding<br />Prop: 0.015228426<br />Count: 6 <br /> Percent: 1.5", "count: 0.012690355<br />Category: Gap Filling<br />Prop: 0.012690355<br />Count: 5 <br /> Percent: 1.3", "count: 0.010152284<br />Category: Suitable For Single Cell Experiments<br />Prop: 0.010152284<br />Count: 4 <br /> Percent: 1", "count: 0.007614213<br />Category: polyA Length Estimation<br />Prop: 0.007614213<br />Count: 3 <br /> Percent: 0.8", "count: 0.005076142<br />Category: Normalisation<br />Prop: 0.005076142<br />Count: 2 <br /> Percent: 0.5"],
      "type": "bar",
      "marker": {
        "autocolorscale": false,
        "color": "rgba(159,199,81,1)",
        "line": {
          "width": 1.88976377952756,
          "color": "transparent"
        }
      },
      "showlegend": false,
      "xaxis": "x",
      "yaxis": "y",
      "hoverinfo": "text",
      "frame": null
    }
  ],
  "layout": {
    "margin": {
      "t": 50,
      "r": 40,
      "b": 90,
      "l": 70
    },
    "font": {
      "color": "rgba(0,0,0,1)",
      "family": "",
      "size": 18.5969281859693
    },
    "title": {
      "text": "<b> Oxford Nanopore focused <\/b>",
      "font": {
        "color": "rgba(0,0,0,1)",
        "family": "",
        "size": 15.9402241594022
      },
      "x": 0,
      "xref": "paper"
    },
    "xaxis": {
      "domain": [0, 1],
      "automargin": true,
      "type": "category",
      "autorange": true,
      "range": [0.4, 31.6],
      "tickmode": "auto",
      "ticktext": ["Error Correction And Polishing", "Tested On Non Human Data", "Denovo Assembly", "SNP And Variant Analysis", "Analysis Pipelines", "Quality Checking", "Visualisation", "Provide Summary Statistics", "Tested On Human Data", "Alignment", "Transcriptomics", "Availablity Of Test Data", "Basecalling", "Generating Consensus Sequence", "Base Modification Detection", "Metagenomics", "Isoform Detection", "Taxonomic Classification", "Simulators", "Quality Filtering", "Quality Trimming", "fast5 File Processing", "Evaluating Exisiting Methods", "Read Quantification", "Demultiplexing", "Long Read Overlapping", "Scaffolding", "Gap Filling", "Suitable For Single Cell Experiments", "polyA Length Estimation", "Normalisation"],
      "tickvals": [1, 2, 3, 4, 5, 6, 7, 8, 9, 10, 11, 12, 13, 14, 15, 16, 17, 18, 19, 20, 21, 22, 23, 24, 25, 26, 27, 28, 29, 30, 31],
      "categoryorder": "array",