{
  "data": [
    {
      "orientation": "v",
      "width": [0.89999999999999991, 0.90000000000000013, 0.90000000000000036, 0.90000000000000036, 0.90000000000000036, 0.90000000000000036, 0.90000000000000036, 0.89999999999999947, 0.89999999999999858, 0.89999999999999858, 0.89999999999999858, 0.89999999999999858, 0.89999999999999858, 0.89999999999999858, 0.89999999999999858, 0.89999999999999858, 0.89999999999999858, 0.89999999999999858, 0.89999999999999858, 0.89999999999999858, 0.89999999999999858, 0.89999999999999858, 0.89999999999999858, 0.89999999999999858, 0.89999999999999858, 0.89999999999999858, 0.89999999999999858, 0.89999999999999858, 0.89999999999999858, 0.89999999999999858, 0.89999999999999858, 0.90000000000000213, 0.90000000000000568, 0.90000000000000568, 0.90000000000000568],
      "base": [0, 0, 0, 0, 0, 0, 0, 0, 0, 0, 0, 0, 0, 0, 0, 0, 0, 0, 0, 0, 0, 0, 0, 0, 0, 0, 0, 0, 0, 0, 0, 0, 0, 0, 0],
      "x": [1, 2, 3, 4, 5, 6, 7, 8, 9, 10, 11, 12, 13, 14, 15, 16, 17, 18, 19, 20, 21, 22, 23, 24, 25, 26, 27, 28, 29, 30, 31, 32, 33, 34, 35],
      "y": [0.23250000000000001, 0.22625000000000001, 0.22, 0.21249999999999999, 0.1925, 0.18375, 0.16500000000000001, 0.16125, 0.1525, 0.12125, 0.11874999999999999, 0.10625, 0.092499999999999999, 0.091249999999999998, 0.089999999999999997, 0.071249999999999994, 0.065000000000000002, 0.044999999999999998, 0.044999999999999998, 0.035000000000000003, 0.035000000000000003, 0.033750000000000002, 0.032500000000000001, 0.032500000000000001, 0.032500000000000001, 0.032500000000000001, 0.026249999999999999, 0.025000000000000001, 0.02, 0.016250000000000001, 0.01125, 0.0087500000000000008, 0.0062500000000000003, 0.0050000000000000001, 0.0037499999999999999],
      "text": ["Category: Tested On Human Data<br />Count: 186 <br /> Percent: 23.2", "Category: Tested On Non Human Data<br />Count: 181 <br /> Percent: 22.6", "Category: Availablity Of Test Data<br />Count: 176 <br /> Percent: 22", "Category: SNP And Variant Analysis<br />Count: 170 <br /> Percent: 21.2", "Category: Analysis Pipelines<br />Count: 154 <br /> Percent: 19.2", "Category: Error Correction And Polishing<br />Count: 147 <br /> Percent: 18.4", "Category: Alignment<br />Count: 132 <br /> Percent: 16.5", "Category: Denovo Assembly<br />Count: 129 <br /> Percent: 16.1", "Category: Transcriptomics<br />Count: 122 <br /> Percent: 15.2", "Category: Visualisation<br />Count: 97 <br /> Percent: 12.1", "Category: Generating Consensus Sequence<br />Count: 95 <br /> Percent: 11.9", "Category: Base Modification Detection<br />Count: 85 <br /> Percent: 10.6", "Category: Quality Checking<br />Count: 74 <br /> Percent: 9.2", "Category: Isoform Detection<br />Count: 73 <br /> Percent: 9.1", "Category: Provide Summary Statistics<br />Count: 72 <br /> Percent: 9", "Category: Basecalling<br />Count: 57 <br /> Percent: 7.1", "Category: Metagenomics<br />Count: 52 <br /> Percent: 6.5", "Category: Read Quantification<br />Count: 36 <br /> Percent: 4.5", "Category: Scaffolding<br />Count: 36 <br /> Percent: 4.5", "Category: Demultiplexing<br />Count: 28 <br /> Percent: 3.5", "Category: Taxonomic Classification<br />Count: 28 <br /> Percent: 3.5", "Category: Quality Trimming<br />Count: 27 <br /> Percent: 3.4", "Category: Long Read Overlapping<br />Count: 26 <br /> Percent: 3.2", "Category: Quality Filtering<br />Count: 26 <br /> Percent: 3.2", "Category: Simulators<br />Count: 26 <br /> Percent: 3.2", "Category: fast5 File Processing<br />Count: 26 <br /> Percent: 3.2", "Category: Gap Filling<br />Count: 21 <br /> Percent: 2.6", "Category: Suitable For Single Cell Experiments<br />Count: 20 <br /> Percent: 2.5", "Category: Evaluating Exisiting Methods<br />Count: 16 <br /> Percent: 2", "Category: RNAStructure<br />Count: 13 <br /> Percent: 1.6", "Category: polyA Length Estimation<br />Count: 9 <br /> Percent: 1.1", "Category: Fusion Detection<br />Count: 7 <br /> Percent: 0.9", "Category: Data Structures<br />Count: 5 <br /> Percent: 0.6", "Category: Normalisation<br />Count: 4 <br /> Percent: 0.5", "Category: Coexpression Analysis<br />Count: 3 <br /> Percent: 0.4"],
      "type": "bar",
      "textposition": "none",
      "marker": {
        "autocolorscale": false,
        "color": "rgba(89,115,37,1)",
        "line": {
          "width": 1.8897637795275593,
          "color": "transparent"
        }
      },
      "showlegend": false,
      "xaxis": "x",
      "yaxis": "y",
      "hoverinfo": "text",
      "frame": null
    }
  ],
  "layout": {
    "margin": {
      "t": 50,
      "r": 10,
      "b": 200,
      "l": 80
    },
    "font": {
      "color": "rgba(0,0,0,1)",
      "family": "",
      "size": 18.596928185969279
    },
    "title": {
      "text": "<b> Categories <\/b>",
      "font": {
        "color": "rgba(0,0,0,1)",
        "family": "",
        "size": 26.567040265670396
      },
      "x": 0,
      "xref": "paper"
    },
    "xaxis": {
      "domain": [0, 1],
      "automargin": true,
      "type": "linear",
      "autorange": false,
      "range": [0.40000000000000002, 35.600000000000001],
      "tickmode": "array",
      "ticktext": ["Tested On Human Data", "Tested On Non Human Data", "Availablity Of Test Data", "SNP And Variant Analysis", "Analysis Pipelines", "Error Correction And Polishing", "Alignment", "Denovo Assembly", "Transcriptomics", "Visualisation", "Generating Consensus Sequence", "Base Modification Detection", "Quality Checking", "Isoform Detection", "Provide Summary Statistics", "Basecalling", "Metagenomics", "Read Quantification", "Scaffolding", "Demultiplexing", "Taxonomic Classification", "Quality Trimming", "Long Read Overlapping", "Quality Filtering", "Simulators", "fast5 File Processing", "Gap Filling", "Suitable For Single Cell Experiments", "Evaluating Exisiting Methods", "RNAStructure", "polyA Length Estimation", "Fusion Detection", "Data Structures", "Normalisation", "Coexpression Analysis"],
      "tickvals": [1, 2, 2.9999999999999996, 4, 5, 6, 7, 8, 9, 10, 11, 12, 13, 14, 15, 16, 17, 18, 19, 20, 21, 22, 23.000000000000004, 24, 25, 26, 27, 28, 29, 29.999999999999996, 31, 32, 33, 34, 35],
      "categoryorder": "array",
      "categoryarray": ["Tested On Human Data", "Tested On Non Human Data", "Availablity Of Test Data", "SNP And Variant Analysis", "Analysis Pipelines", "Error Correction And Polishing", "Alignment", "Denovo Assembly", "Transcriptomics", "Visualisation", "Generating Consensus Sequence", "Base Modification Detection", "Quality Checking", "Isoform Detection", "Provide Summary Statistics", "Basecalling", "Metagenomics", "Read Quantification", "Scaffolding", "Demultiplexing", "Taxonomic Classification", "Quality Trimming", "Long Read Overlapping", "Quality Filtering", "Simulators", "fast5 File Processing", "Gap Filling", "Suitable For Single Cell Experiments", "Evaluating Exisiting Methods", "RNAStructure", "polyA Length Estimation", "Fusion Detection", "Data Structures", "Normalisation", "Coexpression Analysis"],
      "nticks": null,
      "ticks": "outside",
      "tickcolor": "rgba(0,0,0,1)",
      "ticklen": 4.6492320464923198,
      "tickwidth": 0.66417600664176002,
      "showticklabels": true,
      "tickfont": {
        "color": "rgba(0,0,0,1)",
        "family": "",
        "size": 10.62681610626816
      },
      "tickangle": -60,
      "showline": true,
      "linecolor": "rgba(0,0,0,1)",
      "linewidth": 0.66417600664176002,
      "showgrid": false,
      "gridcolor": null,
      "gridwidth": 0,
      "zeroline": false,
      "anchor": "y",
      "title": {
        "text": "",
        "font": {
          "color": null,
          "family": null,
          "size": 0
        }
      },
      "hoverformat": ".2f"
    },
    "yaxis": {
      "domain": [0, 1],
      "automargin": true,
      "type": "linear",
      "autorange": false,
      "range": [-0.011625000000000002, 0.24412500000000001],
      "tickmode": "array",
      "ticktext": ["0%", "5%", "10%", "15%", "20%"],