{
  "data": [
    {
      "orientation": "v",
      "width": [0.9, 0.9, 0.9, 0.9, 0.9, 0.9, 0.9, 0.899999999999999, 0.899999999999999, 0.899999999999999, 0.899999999999999, 0.899999999999999, 0.899999999999999, 0.899999999999999, 0.899999999999999, 0.899999999999999, 0.899999999999999, 0.899999999999999, 0.899999999999999, 0.899999999999999, 0.899999999999999, 0.899999999999999, 0.899999999999999, 0.899999999999999, 0.899999999999999, 0.899999999999999, 0.899999999999999, 0.899999999999999, 0.899999999999999, 0.899999999999999, 0.899999999999999],
      "base": [0, 0, 0, 0, 0, 0, 0, 0, 0, 0, 0, 0, 0, 0, 0, 0, 0, 0, 0, 0, 0, 0, 0, 0, 0, 0, 0, 0, 0, 0, 0],
      "x": ["Error Correction And Polishing", "Denovo Assembly", "SNP And Variant Analysis", "Tested On Non Human Data", "Tested On Human Data", "Alignment", "Transcriptomics", "Availablity Of Test Data", "Generating Consensus Sequence", "Isoform Detection", "Analysis Pipelines", "Quality Checking", "Visualisation", "Metagenomics", "Provide Summary Statistics", "Read Quantification", "Scaffolding", "Taxonomic Classification", "Gap Filling", "Simulators", "Base Modification Detection", "Long Read Overlapping", "Quality Filtering", "Quality Trimming", "Suitable For Single Cell Experiments", "Demultiplexing", "Evaluating Exisiting Methods", "Basecalling", "Normalisation", "fast5 File Processing", "polyA Length Estimation"],
      "y": [0.145187601957586, 0.127243066884176, 0.127243066884176, 0.104404567699837, 0.101141924959217, 0.099510603588907, 0.0913539967373573, 0.0766721044045677, 0.0734094616639478, 0.0603588907014682, 0.0505709624796085, 0.0424143556280587, 0.0375203915171289, 0.0358890701468189, 0.0293637846655791, 0.0277324632952692, 0.0277324632952692, 0.0228384991843393, 0.0212071778140294, 0.0195758564437194, 0.0179445350734095, 0.0163132137030995, 0.0163132137030995, 0.0130505709624796, 0.0114192495921697, 0.00815660685154975, 0.00815660685154975, 0.0065252854812398, 0.0032626427406199, 0.00163132137030995, 0],
      "text": ["count: 0.145187602<br />Category: Error Correction And Polishing<br />Prop: 0.145187602<br />Count: 89 <br /> Percent: 14.5", "count: 0.127243067<br />Category: Denovo Assembly<br />Prop: 0.127243067<br />Count: 78 <br /> Percent: 12.7", "count: 0.127243067<br />Category: SNP And Variant Analysis<br />Prop: 0.127243067<br />Count: 78 <br /> Percent: 12.7", "count: 0.104404568<br />Category: Tested On Non Human Data<br />Prop: 0.104404568<br />Count: 64 <br /> Percent: 10.4", "count: 0.101141925<br />Category: Tested On Human Data<br />Prop: 0.101141925<br />Count: 62 <br /> Percent: 10.1", "count: 0.099510604<br />Category: Alignment<br />Prop: 0.099510604<br />Count: 61 <br /> Percent: 10", "count: 0.091353997<br />Category: Transcriptomics<br />Prop: 0.091353997<br />Count: 56 <br /> Percent: 9.1", "count: 0.076672104<br />Category: Availablity Of Test Data<br />Prop: 0.076672104<br />Count: 47 <br /> Percent: 7.7", "count: 0.073409462<br />Category: Generating Consensus Sequence<br />Prop: 0.073409462<br />Count: 45 <br /> Percent: 7.3", "count: 0.060358891<br />Category: Isoform Detection<br />Prop: 0.060358891<br />Count: 37 <br /> Percent: 6", "count: 0.050570962<br />Category: Analysis Pipelines<br />Prop: 0.050570962<br />Count: 31 <br /> Percent: 5.1", "count: 0.042414356<br />Category: Quality Checking<br />Prop: 0.042414356<br />Count: 26 <br /> Percent: 4.2", "count: 0.037520392<br />Category: Visualisation<br />Prop: 0.037520392<br />Count: 23 <br /> Percent: 3.8", "count: 0.035889070<br />Category: Metagenomics<br />Prop: 0.035889070<br />Count: 22 <br /> Percent: 3.6", "count: 0.029363785<br />Category: Provide Summary Statistics<br />Prop: 0.029363785<br />Count: 18 <br /> Percent: 2.9", "count: 0.027732463<br />Category: Read Quantification<br />Prop: 0.027732463<br />Count: 17 <br /> Percent: 2.8", "count: 0.027732463<br />Category: Scaffolding<br />Prop: 0.027732463<br />Count: 17 <br /> Percent: 2.8", "count: 0.022838499<br />Category: Taxonomic Classification<br />Prop: 0.022838499<br />Count: 14 <br /> Percent: 2.3", "count: 0.021207178<br />Category: Gap Filling<br />Prop: 0.021207178<br />Count: 13 <br /> Percent: 2.1", "count: 0.019575856<br />Category: Simulators<br />Prop: 0.019575856<br />Count: 12 <br /> Percent: 2", "count: 0.017944535<br />Category: Base Modification Detection<br />Prop: 0.017944535<br />Count: 11 <br /> Percent: 1.8", "count: 0.016313214<br />Category: Long Read Overlapping<br />Prop: 0.016313214<br />Count: 10 <br /> Percent: 1.6", "count: 0.016313214<br />Category: Quality Filtering<br />Prop: 0.016313214<br />Count: 10 <br /> Percent: 1.6", "count: 0.013050571<br />Category: Quality Trimming<br />Prop: 0.013050571<br />Count: 8 <br /> Percent: 1.3", "count: 0.011419250<br />Category: Suitable For Single Cell Experiments<br />Prop: 0.011419250<br />Count: 7 <br /> Percent: 1.1", "count: 0.008156607<br />Category: Demultiplexing<br />Prop: 0.008156607<br />Count: 5 <br /> Percent: 0.8", "count: 0.008156607<br />Category: Evaluating Exisiting Methods<br />Prop: 0.008156607<br />Count: 5 <br /> Percent: 0.8", "count: 0.006525285<br />Category: Basecalling<br />Prop: 0.006525285<br />Count: 4 <br /> Percent: 0.7", "count: 0.003262643<br />Category: Normalisation<br />Prop: 0.003262643<br />Count: 2 <br /> Percent: 0.3", "count: 0.001631321<br />Category: fast5 File Processing<br />Prop: 0.001631321<br />Count: 1 <br /> Percent: 0.2", "count: 0.000000000<br />Category: polyA Length Estimation<br />Prop: 0.000000000<br />Count: 0 <br /> Percent: 0"],
      "type": "bar",
      "textposition": "none",
      "marker": {
        "autocolorscale": false,
        "color": "rgba(159,199,81,1)",
        "line": {
          "width": 1.88976377952756,
          "color": "transparent"
        }
      },
      "showlegend": false,
      "xaxis": "x",
      "yaxis": "y",
      "hoverinfo": "text",
      "frame": null
    }
  ],
  "layout": {
    "margin": {
      "t": 50,
      "r": 40,
      "b": 90,
      "l": 70
    },
    "font": {
      "color": "rgba(0,0,0,1)",
      "family": "",
      "size": 18.5969281859693
    },
    "title": {
      "text": "<b> PacBio focused <\/b>",
      "font": {
        "color": "rgba(0,0,0,1)",
        "family": "",
        "size": 15.9402241594022
      },
      "x": 0,
      "xref": "paper"
    },
    "xaxis": {
      "domain": [0, 1],
      "automargin": true,
      "type": "category",
      "autorange": true,
      "range": [0.4, 31.6],
      "tickmode": "auto",
      "ticktext": ["Error Correction And Polishing", "Denovo Assembly", "SNP And Variant Analysis", "Tested On Non Human Data", "Tested On Human Data", "Alignment", "Transcriptomics", "Availablity Of Test Data", "Generating Consensus Sequence", "Isoform Detection", "Analysis Pipelines", "Quality Checking", "Visualisation", "Metagenomics", "Provide Summary Statistics", "Read Quantification", "Scaffolding", "Taxonomic Classification", "Gap Filling", "Simulators", "Base Modification Detection", "Long Read Overlapping", "Quality Filtering", "Quality Trimming", "Suitable For Single Cell Experiments", "Demultiplexing", "Evaluating Exisiting Methods", "Basecalling", "Normalisation", "fast5 File Processing", "polyA Length Estimation"],
      "tickvals": [1, 2, 3, 4, 5, 6, 7, 8, 9, 10, 11, 12, 13, 14, 15, 16, 17, 18, 19, 20, 21, 22, 23, 24, 25, 26, 27, 28, 29, 30, 31],
      "categoryorder": "array",