{
  "data": [
    {
      "orientation": "v",
      "width": [0.9, 0.9, 0.9, 0.9, 0.9, 0.9, 0.9, 0.899999999999999, 0.899999999999999, 0.899999999999999, 0.899999999999999, 0.899999999999999, 0.899999999999999, 0.899999999999999, 0.899999999999999, 0.899999999999999, 0.899999999999999, 0.899999999999999, 0.899999999999999, 0.899999999999999, 0.899999999999999, 0.899999999999999, 0.899999999999999, 0.899999999999999, 0.899999999999999, 0.899999999999999, 0.899999999999999, 0.899999999999999, 0.899999999999999, 0.899999999999999, 0.899999999999999],
      "base": [0, 0, 0, 0, 0, 0, 0, 0, 0, 0, 0, 0, 0, 0, 0, 0, 0, 0, 0, 0, 0, 0, 0, 0, 0, 0, 0, 0, 0, 0, 0],
      "x": ["Denovo Assembly", "Provide Summary Statistics", "Quality Checking", "Error Correction And Polishing", "SNP And Variant Analysis", "Tested On Human Data", "Tested On Non Human Data", "Visualisation", "Alignment", "Gap Filling", "Generating Consensus Sequence", "Analysis Pipelines", "Long Read Overlapping", "Quality Trimming", "Scaffolding", "Suitable For Single Cell Experiments", "Evaluating Exisiting Methods", "Metagenomics", "Quality Filtering", "Read Quantification", "Taxonomic Classification", "Transcriptomics", "Availablity Of Test Data", "Basecalling", "Base Modification Detection", "Demultiplexing", "fast5 File Processing", "Isoform Detection", "Normalisation", "polyA Length Estimation", "Simulators"],
      "y": [0.0139275766016713, 0.00835654596100279, 0.00835654596100279, 0.00696378830083565, 0.00696378830083565, 0.00696378830083565, 0.00557103064066852, 0.00557103064066852, 0.00417827298050139, 0.00417827298050139, 0.00417827298050139, 0.00278551532033426, 0.00278551532033426, 0.00278551532033426, 0.00278551532033426, 0.00278551532033426, 0.00139275766016713, 0.00139275766016713, 0.00139275766016713, 0.00139275766016713, 0.00139275766016713, 0.00139275766016713, 0, 0, 0, 0, 0, 0, 0, 0, 0],
      "text": ["count: 0.013927577<br />Category: Denovo Assembly<br />Prop: 0.013927577<br />Count: 10 <br /> Percent: 1.4", "count: 0.008356546<br />Category: Provide Summary Statistics<br />Prop: 0.008356546<br />Count: 6 <br /> Percent: 0.8", "count: 0.008356546<br />Category: Quality Checking<br />Prop: 0.008356546<br />Count: 6 <br /> Percent: 0.8", "count: 0.006963788<br />Category: Error Correction And Polishing<br />Prop: 0.006963788<br />Count: 5 <br /> Percent: 0.7", "count: 0.006963788<br />Category: SNP And Variant Analysis<br />Prop: 0.006963788<br />Count: 5 <br /> Percent: 0.7", "count: 0.006963788<br />Category: Tested On Human Data<br />Prop: 0.006963788<br />Count: 5 <br /> Percent: 0.7", "count: 0.005571031<br />Category: Tested On Non Human Data<br />Prop: 0.005571031<br />Count: 4 <br /> Percent: 0.6", "count: 0.005571031<br />Category: Visualisation<br />Prop: 0.005571031<br />Count: 4 <br /> Percent: 0.6", "count: 0.004178273<br />Category: Alignment<br />Prop: 0.004178273<br />Count: 3 <br /> Percent: 0.4", "count: 0.004178273<br />Category: Gap Filling<br />Prop: 0.004178273<br />Count: 3 <br /> Percent: 0.4", "count: 0.004178273<br />Category: Generating Consensus Sequence<br />Prop: 0.004178273<br />Count: 3 <br /> Percent: 0.4", "count: 0.002785515<br />Category: Analysis Pipelines<br />Prop: 0.002785515<br />Count: 2 <br /> Percent: 0.3", "count: 0.002785515<br />Category: Long Read Overlapping<br />Prop: 0.002785515<br />Count: 2 <br /> Percent: 0.3", "count: 0.002785515<br />Category: Quality Trimming<br />Prop: 0.002785515<br />Count: 2 <br /> Percent: 0.3", "count: 0.002785515<br />Category: Scaffolding<br />Prop: 0.002785515<br />Count: 2 <br /> Percent: 0.3", "count: 0.002785515<br />Category: Suitable For Single Cell Experiments<br />Prop: 0.002785515<br />Count: 2 <br /> Percent: 0.3", "count: 0.001392758<br />Category: Evaluating Exisiting Methods<br />Prop: 0.001392758<br />Count: 1 <br /> Percent: 0.1", "count: 0.001392758<br />Category: Metagenomics<br />Prop: 0.001392758<br />Count: 1 <br /> Percent: 0.1", "count: 0.001392758<br />Category: Quality Filtering<br />Prop: 0.001392758<br />Count: 1 <br /> Percent: 0.1", "count: 0.001392758<br />Category: Read Quantification<br />Prop: 0.001392758<br />Count: 1 <br /> Percent: 0.1", "count: 0.001392758<br />Category: Taxonomic Classification<br />Prop: 0.001392758<br />Count: 1 <br /> Percent: 0.1", "count: 0.001392758<br />Category: Transcriptomics<br />Prop: 0.001392758<br />Count: 1 <br /> Percent: 0.1", "count: 0.000000000<br />Category: Availablity Of Test Data<br />Prop: 0.000000000<br />Count: 0 <br /> Percent: 0", "count: 0.000000000<br />Category: Basecalling<br />Prop: 0.000000000<br />Count: 0 <br /> Percent: 0", "count: 0.000000000<br />Category: Base Modification Detection<br />Prop: 0.000000000<br />Count: 0 <br /> Percent: 0", "count: 0.000000000<br />Category: Demultiplexing<br />Prop: 0.000000000<br />Count: 0 <br /> Percent: 0", "count: 0.000000000<br />Category: fast5 File Processing<br />Prop: 0.000000000<br />Count: 0 <br /> Percent: 0", "count: 0.000000000<br />Category: Isoform Detection<br />Prop: 0.000000000<br />Count: 0 <br /> Percent: 0", "count: 0.000000000<br />Category: Normalisation<br />Prop: 0.000000000<br />Count: 0 <br /> Percent: 0", "count: 0.000000000<br />Category: polyA Length Estimation<br />Prop: 0.000000000<br />Count: 0 <br /> Percent: 0", "count: 0.000000000<br />Category: Simulators<br />Prop: 0.000000000<br />Count: 0 <br /> Percent: 0"],
      "type": "bar",
      "textposition": "none",
      "marker": {
        "autocolorscale": false,
        "color": "rgba(159,199,81,1)",
        "line": {
          "width": 1.88976377952756,
          "color": "transparent"
        }
      },
      "showlegend": false,
      "xaxis": "x",
      "yaxis": "y",
      "hoverinfo": "text",
      "frame": null
    }
  ],
  "layout": {
    "margin": {
      "t": 50,
      "r": 40,
      "b": 90,
      "l": 70
    },
    "font": {
      "color": "rgba(0,0,0,1)",
      "family": "",
      "size": 18.5969281859693
    },
    "title": {
      "text": "<b> Bionano Genomics focused <\/b>",
      "font": {
        "color": "rgba(0,0,0,1)",
        "family": "",
        "size": 15.9402241594022
      },
      "x": 0,
      "xref": "paper"
    },
    "xaxis": {
      "domain": [0, 1],
      "automargin": true,
      "type": "category",
      "autorange": true,
      "range": [0.4, 31.6],
      "tickmode": "auto",
      "ticktext": ["Denovo Assembly", "Provide Summary Statistics", "Quality Checking", "Error Correction And Polishing", "SNP And Variant Analysis", "Tested On Human Data", "Tested On Non Human Data", "Visualisation", "Alignment", "Gap Filling", "Generating Consensus Sequence", "Analysis Pipelines", "Long Read Overlapping", "Quality Trimming", "Scaffolding", "Suitable For Single Cell Experiments", "Evaluating Exisiting Methods", "Metagenomics", "Quality Filtering", "Read Quantification", "Taxonomic Classification", "Transcriptomics", "Availablity Of Test Data", "Basecalling", "Base Modification Detection", "Demultiplexing", "fast5 File Processing", "Isoform Detection", "Normalisation", "polyA Length Estimation", "Simulators"],
      "tickvals": [1, 2, 3, 4, 5, 6, 7, 8, 9, 10, 11, 12, 13, 14, 15, 16, 17, 18, 19, 20, 21, 22, 23, 24, 25, 26, 27, 28, 29, 30, 31],
      "categoryorder": "array",