{
  "data": [
    {
      "orientation": "v",
      "width": [0.9, 0.9, 0.9, 0.9, 0.9, 0.9, 0.9, 0.899999999999999, 0.899999999999999, 0.899999999999999, 0.899999999999999, 0.899999999999999, 0.899999999999999, 0.899999999999999, 0.899999999999999, 0.899999999999999, 0.899999999999999, 0.899999999999999, 0.899999999999999, 0.899999999999999, 0.899999999999999, 0.899999999999999, 0.899999999999999, 0.899999999999999, 0.899999999999999, 0.899999999999999, 0.899999999999999, 0.899999999999999, 0.899999999999999, 0.899999999999999, 0.899999999999999],
      "base": [0, 0, 0, 0, 0, 0, 0, 0, 0, 0, 0, 0, 0, 0, 0, 0, 0, 0, 0, 0, 0, 0, 0, 0, 0, 0, 0, 0, 0, 0, 0],
      "x": ["Error Correction And Polishing", "Denovo Assembly", "SNP And Variant Analysis", "Alignment", "Tested On Human Data", "Transcriptomics", "Generating Consensus Sequence", "Availablity Of Test Data", "Isoform Detection", "Analysis Pipelines", "Quality Checking", "Metagenomics", "Visualisation", "Provide Summary Statistics", "Read Quantification", "Scaffolding", "Taxonomic Classification", "Simulators", "Gap Filling", "Long Read Overlapping", "Quality Filtering", "Base Modification Detection", "Quality Trimming", "Evaluating Exisiting Methods", "Suitable For Single Cell Experiments", "Basecalling", "Demultiplexing", "fast5 File Processing", "Normalisation", "polyA Length Estimation", "Tested On Non Human Data"],
      "y": [0.148409893992933, 0.132508833922261, 0.127208480565371, 0.0971731448763251, 0.0954063604240283, 0.0936395759717314, 0.0742049469964664, 0.068904593639576, 0.0618374558303887, 0.049469964664311, 0.0424028268551237, 0.0353356890459364, 0.0335689045936396, 0.0300353356890459, 0.0247349823321555, 0.0247349823321555, 0.0229681978798587, 0.0212014134275618, 0.0176678445229682, 0.0176678445229682, 0.0176678445229682, 0.0159010600706714, 0.0141342756183746, 0.0088339222614841, 0.0088339222614841, 0.00706713780918728, 0.00530035335689046, 0.00176678445229682, 0.00176678445229682, 0, 0],
      "text": ["count: 0.148409894<br />Category: Error Correction And Polishing<br />Prop: 0.148409894<br />Count: 84 <br /> Percent: 14.8", "count: 0.132508834<br />Category: Denovo Assembly<br />Prop: 0.132508834<br />Count: 75 <br /> Percent: 13.3", "count: 0.127208481<br />Category: SNP And Variant Analysis<br />Prop: 0.127208481<br />Count: 72 <br /> Percent: 12.7", "count: 0.097173145<br />Category: Alignment<br />Prop: 0.097173145<br />Count: 55 <br /> Percent: 9.7", "count: 0.095406360<br />Category: Tested On Human Data<br />Prop: 0.095406360<br />Count: 54 <br /> Percent: 9.5", "count: 0.093639576<br />Category: Transcriptomics<br />Prop: 0.093639576<br />Count: 53 <br /> Percent: 9.4", "count: 0.074204947<br />Category: Generating Consensus Sequence<br />Prop: 0.074204947<br />Count: 42 <br /> Percent: 7.4", "count: 0.068904594<br />Category: Availablity Of Test Data<br />Prop: 0.068904594<br />Count: 39 <br /> Percent: 6.9", "count: 0.061837456<br />Category: Isoform Detection<br />Prop: 0.061837456<br />Count: 35 <br /> Percent: 6.2", "count: 0.049469965<br />Category: Analysis Pipelines<br />Prop: 0.049469965<br />Count: 28 <br /> Percent: 4.9", "count: 0.042402827<br />Category: Quality Checking<br />Prop: 0.042402827<br />Count: 24 <br /> Percent: 4.2", "count: 0.035335689<br />Category: Metagenomics<br />Prop: 0.035335689<br />Count: 20 <br /> Percent: 3.5", "count: 0.033568905<br />Category: Visualisation<br />Prop: 0.033568905<br />Count: 19 <br /> Percent: 3.4", "count: 0.030035336<br />Category: Provide Summary Statistics<br />Prop: 0.030035336<br />Count: 17 <br /> Percent: 3", "count: 0.024734982<br />Category: Read Quantification<br />Prop: 0.024734982<br />Count: 14 <br /> Percent: 2.5", "count: 0.024734982<br />Category: Scaffolding<br />Prop: 0.024734982<br />Count: 14 <br /> Percent: 2.5", "count: 0.022968198<br />Category: Taxonomic Classification<br />Prop: 0.022968198<br />Count: 13 <br /> Percent: 2.3", "count: 0.021201413<br />Category: Simulators<br />Prop: 0.021201413<br />Count: 12 <br /> Percent: 2.1", "count: 0.017667845<br />Category: Gap Filling<br />Prop: 0.017667845<br />Count: 10 <br /> Percent: 1.8", "count: 0.017667845<br />Category: Long Read Overlapping<br />Prop: 0.017667845<br />Count: 10 <br /> Percent: 1.8", "count: 0.017667845<br />Category: Quality Filtering<br />Prop: 0.017667845<br />Count: 10 <br /> Percent: 1.8", "count: 0.015901060<br />Category: Base Modification Detection<br />Prop: 0.015901060<br />Count: 9 <br /> Percent: 1.6", "count: 0.014134276<br />Category: Quality Trimming<br />Prop: 0.014134276<br />Count: 8 <br /> Percent: 1.4", "count: 0.008833922<br />Category: Evaluating Exisiting Methods<br />Prop: 0.008833922<br />Count: 5 <br /> Percent: 0.9", "count: 0.008833922<br />Category: Suitable For Single Cell Experiments<br />Prop: 0.008833922<br />Count: 5 <br /> Percent: 0.9", "count: 0.007067138<br />Category: Basecalling<br />Prop: 0.007067138<br />Count: 4 <br /> Percent: 0.7", "count: 0.005300353<br />Category: Demultiplexing<br />Prop: 0.005300353<br />Count: 3 <br /> Percent: 0.5", "count: 0.001766784<br />Category: fast5 File Processing<br />Prop: 0.001766784<br />Count: 1 <br /> Percent: 0.2", "count: 0.001766784<br />Category: Normalisation<br />Prop: 0.001766784<br />Count: 1 <br /> Percent: 0.2", "count: 0.000000000<br />Category: polyA Length Estimation<br />Prop: 0.000000000<br />Count: 0 <br /> Percent: 0", "count: 0.000000000<br />Category: Tested On Non Human Data<br />Prop:          NA<br />Count: NA <br /> Percent: NA"],
      "type": "bar",
      "marker": {
        "autocolorscale": false,
        "color": "rgba(159,199,81,1)",
        "line": {
          "width": 1.88976377952756,
          "color": "transparent"
        }
      },
      "showlegend": false,
      "xaxis": "x",
      "yaxis": "y",
      "hoverinfo": "text",
      "frame": null
    }
  ],
  "layout": {
    "margin": {
      "t": 50,
      "r": 40,
      "b": 90,
      "l": 70
    },
    "font": {
      "color": "rgba(0,0,0,1)",
      "family": "",
      "size": 18.5969281859693
    },
    "title": {
      "text": "<b> PacBio focused <\/b>",
      "font": {
        "color": "rgba(0,0,0,1)",
        "family": "",
        "size": 15.9402241594022
      },
      "x": 0,
      "xref": "paper"
    },
    "xaxis": {
      "domain": [0, 1],
      "automargin": true,
      "type": "category",
      "autorange": true,
      "range": [0.4, 31.6],
      "tickmode": "auto",
      "ticktext": ["Error Correction And Polishing", "Denovo Assembly", "SNP And Variant Analysis", "Alignment", "Tested On Human Data", "Transcriptomics", "Generating Consensus Sequence", "Availablity Of Test Data", "Isoform Detection", "Analysis Pipelines", "Quality Checking", "Metagenomics", "Visualisation", "Provide Summary Statistics", "Read Quantification", "Scaffolding", "Taxonomic Classification", "Simulators", "Gap Filling", "Long Read Overlapping", "Quality Filtering", "Base Modification Detection", "Quality Trimming", "Evaluating Exisiting Methods", "Suitable For Single Cell Experiments", "Basecalling", "Demultiplexing", "fast5 File Processing", "Normalisation", "polyA Length Estimation", "Tested On Non Human Data"],
      "tickvals": [1, 2, 3, 4, 5, 6, 7, 8, 9, 10, 11, 12, 13, 14, 15, 16, 17, 18, 19, 20, 21, 22, 23, 24, 25, 26, 27, 28, 29, 30, 31],
      "categoryorder": "array",