{
  "data": [
    {
      "orientation": "v",
      "width": [0.9, 0.9, 0.9, 0.9, 0.9, 0.9, 0.9, 0.899999999999999, 0.899999999999999, 0.899999999999999, 0.899999999999999, 0.899999999999999, 0.899999999999999, 0.899999999999999, 0.899999999999999, 0.899999999999999, 0.899999999999999, 0.899999999999999, 0.899999999999999, 0.899999999999999, 0.899999999999999, 0.899999999999999, 0.899999999999999, 0.899999999999999, 0.899999999999999, 0.899999999999999, 0.899999999999999, 0.899999999999999, 0.899999999999999, 0.899999999999999, 0.899999999999999, 0.900000000000002],
      "base": [0, 0, 0, 0, 0, 0, 0, 0, 0, 0, 0, 0, 0, 0, 0, 0, 0, 0, 0, 0, 0, 0, 0, 0, 0, 0, 0, 0, 0, 0, 0, 0],
      "x": [1, 2, 3, 4, 5, 6, 7, 8, 9, 10, 11, 12, 13, 14, 15, 16, 17, 18, 19, 20, 21, 22, 23, 24, 25, 26, 27, 28, 29, 30, 31, 32],
      "y": [0.208, 0.178, 0.162, 0.148, 0.132, 0.126, 0.124, 0.12, 0.104, 0.102, 0.1, 0.092, 0.084, 0.078, 0.078, 0.076, 0.062, 0.042, 0.042, 0.036, 0.036, 0.034, 0.026, 0.026, 0.024, 0.024, 0.022, 0.02, 0.012, 0.01, 0.006, 0.004],
      "text": ["Category: Error Correction And Polishing<br />Count: 104 <br /> Percent: 20.8", "Category: Denovo Assembly<br />Count: 89 <br /> Percent: 17.8", "Category: SNP And Variant Analysis<br />Count: 81 <br /> Percent: 16.2", "Category: Tested On Non Human Data<br />Count: 74 <br /> Percent: 14.8", "Category: Transcriptomics<br />Count: 66 <br /> Percent: 13.2", "Category: Alignment<br />Count: 63 <br /> Percent: 12.6", "Category: Analysis Pipelines<br />Count: 62 <br /> Percent: 12.4", "Category: Tested On Human Data<br />Count: 60 <br /> Percent: 12", "Category: Visualisation<br />Count: 52 <br /> Percent: 10.4", "Category: Generating Consensus Sequence<br />Count: 51 <br /> Percent: 10.2", "Category: Quality Checking<br />Count: 50 <br /> Percent: 10", "Category: Provide Summary Statistics<br />Count: 46 <br /> Percent: 9.2", "Category: Base Modification Detection<br />Count: 42 <br /> Percent: 8.4", "Category: Basecalling<br />Count: 39 <br /> Percent: 7.8", "Category: Isoform Detection<br />Count: 39 <br /> Percent: 7.8", "Category: Availablity Of Test Data<br />Count: 38 <br /> Percent: 7.6", "Category: Metagenomics<br />Count: 31 <br /> Percent: 6.2", "Category: Quality Trimming<br />Count: 21 <br /> Percent: 4.2", "Category: Simulators<br />Count: 21 <br /> Percent: 4.2", "Category: Scaffolding<br />Count: 18 <br /> Percent: 3.6", "Category: Taxonomic Classification<br />Count: 18 <br /> Percent: 3.6", "Category: Quality Filtering<br />Count: 17 <br /> Percent: 3.4", "Category: Long Read Overlapping<br />Count: 13 <br /> Percent: 2.6", "Category: Read Quantification<br />Count: 13 <br /> Percent: 2.6", "Category: Demultiplexing<br />Count: 12 <br /> Percent: 2.4", "Category: Gap Filling<br />Count: 12 <br /> Percent: 2.4", "Category: fast5 File Processing<br />Count: 11 <br /> Percent: 2.2", "Category: Evaluating Exisiting Methods<br />Count: 10 <br /> Percent: 2", "Category: Suitable For Single Cell Experiments<br />Count: 6 <br /> Percent: 1.2", "Category: RNAStructure<br />Count: 5 <br /> Percent: 1", "Category: polyA Length Estimation<br />Count: 3 <br /> Percent: 0.6", "Category: Normalisation<br />Count: 2 <br /> Percent: 0.4"],
      "type": "bar",
      "marker": {
        "autocolorscale": false,
        "color": "rgba(89,115,37,1)",
        "line": {
          "width": 1.88976377952756,
          "color": "transparent"
        }
      },
      "showlegend": false,
      "xaxis": "x",
      "yaxis": "y",
      "hoverinfo": "text",
      "frame": null
    }
  ],
  "layout": {
    "margin": {
      "t": 50,
      "r": 10,
      "b": 200,
      "l": 80
    },
    "font": {
      "color": "rgba(0,0,0,1)",
      "family": "",
      "size": 18.5969281859693
    },
    "title": {
      "text": "<b> Categories <\/b>",
      "font": {
        "color": "rgba(0,0,0,1)",
        "family": "",
        "size": 26.5670402656704
      },
      "x": 0,
      "xref": "paper"
    },
    "xaxis": {
      "domain": [0, 1],
      "automargin": true,
      "type": "linear",
      "autorange": false,
      "range": [0.4, 32.6],
      "tickmode": "array",
      "ticktext": ["Error Correction And Polishing", "Denovo Assembly", "SNP And Variant Analysis", "Tested On Non Human Data", "Transcriptomics", "Alignment", "Analysis Pipelines", "Tested On Human Data", "Visualisation", "Generating Consensus Sequence", "Quality Checking", "Provide Summary Statistics", "Base Modification Detection", "Basecalling", "Isoform Detection", "Availablity Of Test Data", "Metagenomics", "Quality Trimming", "Simulators", "Scaffolding", "Taxonomic Classification", "Quality Filtering", "Long Read Overlapping", "Read Quantification", "Demultiplexing", "Gap Filling", "fast5 File Processing", "Evaluating Exisiting Methods", "Suitable For Single Cell Experiments", "RNAStructure", "polyA Length Estimation", "Normalisation"],
      "tickvals": [1, 2, 3, 4, 5, 6, 7, 8, 9, 10, 11, 12, 13, 14, 15, 16, 17, 18, 19, 20, 21, 22, 23, 24, 25, 26, 27, 28, 29, 30, 31, 32],
      "categoryorder": "array",
      "categoryarray": ["Error Correction And Polishing", "Denovo Assembly", "SNP And Variant Analysis", "Tested On Non Human Data", "Transcriptomics", "Alignment", "Analysis Pipelines", "Tested On Human Data", "Visualisation", "Generating Consensus Sequence", "Quality Checking", "Provide Summary Statistics", "Base Modification Detection", "Basecalling", "Isoform Detection", "Availablity Of Test Data", "Metagenomics", "Quality Trimming", "Simulators", "Scaffolding", "Taxonomic Classification", "Quality Filtering", "Long Read Overlapping", "Read Quantification", "Demultiplexing", "Gap Filling", "fast5 File Processing", "Evaluating Exisiting Methods", "Suitable For Single Cell Experiments", "RNAStructure", "polyA Length Estimation", "Normalisation"],
      "nticks": null,
      "ticks": "outside",
      "tickcolor": "rgba(0,0,0,1)",
      "ticklen": 4.64923204649232,
      "tickwidth": 0.66417600664176,
      "showticklabels": true,
      "tickfont": {
        "color": "rgba(0,0,0,1)",
        "family": "",
        "size": 10.6268161062682
      },
      "tickangle": -60,
      "showline": true,
      "linecolor": "rgba(0,0,0,1)",
      "linewidth": 0.66417600664176,
      "showgrid": false,
      "gridcolor": null,
      "gridwidth": 0,
      "zeroline": false,
      "anchor": "y",
      "title": {
        "text": "",
        "font": {
          "color": null,
          "family": null,
          "size": 0
        }
      },
      "hoverformat": ".2f"
    },
    "yaxis": {
      "domain": [0, 1],
      "automargin": true,
      "type": "linear",
      "autorange": false,
      "range": [-0.0104, 0.2184],
      "tickmode": "array",
      "ticktext": ["0.0%", "5.0%", "10.0%", "15.0%", "20.0%"],
      "tickvals": [0, 0.05, 0.1, 0.15, 0.2],
      "categoryorder": "array",
      "categoryarray": ["0.0%", "5.0%", "10.0%", "15.0%", "20.0%"],
      "nticks": null,
      "ticks": "outside",
      "tickcolor": "rgba(0,0,0,1)",
      "ticklen": 4.64923204649232,
      "tickwidth": 0.66417600664176,
      "showticklabels": true,
      "tickfont": {
        "color": "rgba(0,0,0,1)",
        "family": "",
        "size": 13.2835201328352
      },
      "tickangle": -0,
      "showline": true,
      "linecolor": "rgba(0,0,0,1)",
      "linewidth": 0.66417600664176,
      "showgrid": false,
      "gridcolor": null,
      "gridwidth": 0,
      "zeroline": false,
      "anchor": "x",
      "title": {
        "text": "Percentage of tools",
        "font": {
          "color": "rgba(0,0,0,1)",
          "family": "",
          "size": 18.5969281859693
        }
      },
      "hoverformat": ".2f"
    },
    "shapes": [
      {
        "type": "rect",
        "fillcolor": null,
        "line": {
          "color": null,
          "width": 0,
          "linetype": []
        },
        "yref": "paper",
        "xref": "paper",
        "x0": 0,
        "x1": 1,
        "y0": 0,