{
  "data": [
    {
      "orientation": "v",
      "width": [0.9, 0.9, 0.9, 0.9, 0.9, 0.9, 0.9, 0.899999999999999, 0.899999999999999, 0.899999999999999, 0.899999999999999, 0.899999999999999, 0.899999999999999, 0.899999999999999, 0.899999999999999, 0.899999999999999, 0.899999999999999, 0.899999999999999, 0.899999999999999, 0.899999999999999, 0.899999999999999, 0.899999999999999, 0.899999999999999, 0.899999999999999, 0.899999999999999, 0.899999999999999, 0.899999999999999, 0.899999999999999, 0.899999999999999, 0.899999999999999, 0.899999999999999],
      "base": [0, 0, 0, 0, 0, 0, 0, 0, 0, 0, 0, 0, 0, 0, 0, 0, 0, 0, 0, 0, 0, 0, 0, 0, 0, 0, 0, 0, 0, 0, 0],
      "x": ["Error Correction And Polishing", "SNP And Variant Analysis", "Denovo Assembly", "Tested On Non Human Data", "Analysis Pipelines", "Tested On Human Data", "Transcriptomics", "Alignment", "Visualisation", "Quality Checking", "Provide Summary Statistics", "Basecalling", "Generating Consensus Sequence", "Base Modification Detection", "Availablity Of Test Data", "Metagenomics", "Isoform Detection", "Taxonomic Classification", "Quality Trimming", "Simulators", "Quality Filtering", "Read Quantification", "Demultiplexing", "fast5 File Processing", "Evaluating Exisiting Methods", "Long Read Overlapping", "Gap Filling", "Scaffolding", "Suitable For Single Cell Experiments", "polyA Length Estimation", "Normalisation"],
      "y": [0.16, 0.132, 0.126, 0.124, 0.11, 0.11, 0.106, 0.104, 0.094, 0.09, 0.08, 0.072, 0.072, 0.07, 0.062, 0.06, 0.058, 0.034, 0.032, 0.032, 0.028, 0.026, 0.022, 0.022, 0.02, 0.02, 0.016, 0.016, 0.01, 0.006, 0.004],
      "text": ["count: 0.160<br />Category: Error Correction And Polishing<br />Prop: 0.160<br />Count: 80 <br /> Percent: 16", "count: 0.132<br />Category: SNP And Variant Analysis<br />Prop: 0.132<br />Count: 66 <br /> Percent: 13.2", "count: 0.126<br />Category: Denovo Assembly<br />Prop: 0.126<br />Count: 63 <br /> Percent: 12.6", "count: 0.124<br />Category: Tested On Non Human Data<br />Prop: 0.124<br />Count: 62 <br /> Percent: 12.4", "count: 0.110<br />Category: Analysis Pipelines<br />Prop: 0.110<br />Count: 55 <br /> Percent: 11", "count: 0.110<br />Category: Tested On Human Data<br />Prop: 0.110<br />Count: 55 <br /> Percent: 11", "count: 0.106<br />Category: Transcriptomics<br />Prop: 0.106<br />Count: 53 <br /> Percent: 10.6", "count: 0.104<br />Category: Alignment<br />Prop: 0.104<br />Count: 52 <br /> Percent: 10.4", "count: 0.094<br />Category: Visualisation<br />Prop: 0.094<br />Count: 47 <br /> Percent: 9.4", "count: 0.090<br />Category: Quality Checking<br />Prop: 0.090<br />Count: 45 <br /> Percent: 9", "count: 0.080<br />Category: Provide Summary Statistics<br />Prop: 0.080<br />Count: 40 <br /> Percent: 8", "count: 0.072<br />Category: Basecalling<br />Prop: 0.072<br />Count: 36 <br /> Percent: 7.2", "count: 0.072<br />Category: Generating Consensus Sequence<br />Prop: 0.072<br />Count: 36 <br /> Percent: 7.2", "count: 0.070<br />Category: Base Modification Detection<br />Prop: 0.070<br />Count: 35 <br /> Percent: 7", "count: 0.062<br />Category: Availablity Of Test Data<br />Prop: 0.062<br />Count: 31 <br /> Percent: 6.2", "count: 0.060<br />Category: Metagenomics<br />Prop: 0.060<br />Count: 30 <br /> Percent: 6", "count: 0.058<br />Category: Isoform Detection<br />Prop: 0.058<br />Count: 29 <br /> Percent: 5.8", "count: 0.034<br />Category: Taxonomic Classification<br />Prop: 0.034<br />Count: 17 <br /> Percent: 3.4", "count: 0.032<br />Category: Quality Trimming<br />Prop: 0.032<br />Count: 16 <br /> Percent: 3.2", "count: 0.032<br />Category: Simulators<br />Prop: 0.032<br />Count: 16 <br /> Percent: 3.2", "count: 0.028<br />Category: Quality Filtering<br />Prop: 0.028<br />Count: 14 <br /> Percent: 2.8", "count: 0.026<br />Category: Read Quantification<br />Prop: 0.026<br />Count: 13 <br /> Percent: 2.6", "count: 0.022<br />Category: Demultiplexing<br />Prop: 0.022<br />Count: 11 <br /> Percent: 2.2", "count: 0.022<br />Category: fast5 File Processing<br />Prop: 0.022<br />Count: 11 <br /> Percent: 2.2", "count: 0.020<br />Category: Evaluating Exisiting Methods<br />Prop: 0.020<br />Count: 10 <br /> Percent: 2", "count: 0.020<br />Category: Long Read Overlapping<br />Prop: 0.020<br />Count: 10 <br /> Percent: 2", "count: 0.016<br />Category: Gap Filling<br />Prop: 0.016<br />Count: 8 <br /> Percent: 1.6", "count: 0.016<br />Category: Scaffolding<br />Prop: 0.016<br />Count: 8 <br /> Percent: 1.6", "count: 0.010<br />Category: Suitable For Single Cell Experiments<br />Prop: 0.010<br />Count: 5 <br /> Percent: 1", "count: 0.006<br />Category: polyA Length Estimation<br />Prop: 0.006<br />Count: 3 <br /> Percent: 0.6", "count: 0.004<br />Category: Normalisation<br />Prop: 0.004<br />Count: 2 <br /> Percent: 0.4"],
      "type": "bar",
      "marker": {
        "autocolorscale": false,
        "color": "rgba(159,199,81,1)",
        "line": {
          "width": 1.88976377952756,
          "color": "transparent"
        }
      },
      "showlegend": false,
      "xaxis": "x",
      "yaxis": "y",
      "hoverinfo": "text",
      "frame": null
    }
  ],
  "layout": {
    "margin": {
      "t": 50,
      "r": 40,
      "b": 90,
      "l": 70
    },
    "font": {
      "color": "rgba(0,0,0,1)",
      "family": "",
      "size": 18.5969281859693
    },
    "title": {
      "text": "<b> Oxford Nanopore focused <\/b>",
      "font": {
        "color": "rgba(0,0,0,1)",
        "family": "",
        "size": 15.9402241594022
      },
      "x": 0,
      "xref": "paper"
    },
    "xaxis": {
      "domain": [0, 1],
      "automargin": true,
      "type": "category",
      "autorange": true,
      "range": [0.4, 31.6],
      "tickmode": "auto",
      "ticktext": ["Error Correction And Polishing", "SNP And Variant Analysis", "Denovo Assembly", "Tested On Non Human Data", "Analysis Pipelines", "Tested On Human Data", "Transcriptomics", "Alignment", "Visualisation", "Quality Checking", "Provide Summary Statistics", "Basecalling", "Generating Consensus Sequence", "Base Modification Detection", "Availablity Of Test Data", "Metagenomics", "Isoform Detection", "Taxonomic Classification", "Quality Trimming", "Simulators", "Quality Filtering", "Read Quantification", "Demultiplexing", "fast5 File Processing", "Evaluating Exisiting Methods", "Long Read Overlapping", "Gap Filling", "Scaffolding", "Suitable For Single Cell Experiments", "polyA Length Estimation", "Normalisation"],
      "tickvals": [1, 2, 3, 4, 5, 6, 7, 8, 9, 10, 11, 12, 13, 14, 15, 16, 17, 18, 19, 20, 21, 22, 23, 24, 25, 26, 27, 28, 29, 30, 31],
      "categoryorder": "array",
      "categoryarray": ["Error Correction And Polishing", "SNP And Variant Analysis", "Denovo Assembly", "Tested On Non Human Data", "Analysis Pipelines", "Tested On Human Data", "Transcriptomics", "Alignment", "Visualisation", "Quality Checking", "Provide Summary Statistics", "Basecalling", "Generating Consensus Sequence", "Base Modification Detection", "Availablity Of Test Data", "Metagenomics", "Isoform Detection", "Taxonomic Classification", "Quality Trimming", "Simulators", "Quality Filtering", "Read Quantification", "Demultiplexing", "fast5 File Processing", "Evaluating Exisiting Methods", "Long Read Overlapping", "Gap Filling", "Scaffolding", "Suitable For Single Cell Experiments", "polyA Length Estimation", "Normalisation"],
      "nticks": null,
      "ticks": "outside",
      "tickcolor": "rgba(0,0,0,1)",
      "ticklen": 4.64923204649232,
      "tickwidth": 0.66417600664176,
      "showticklabels": true,
      "tickfont": {
        "color": "rgba(0,0,0,1)",
        "family": "",
        "size": 11.9551681195517
      },
      "tickangle": -60,
      "showline": true,
      "linecolor": "rgba(0,0,0,1)",
      "linewidth": 0.66417600664176,
      "showgrid": false,
      "gridcolor": null,
      "gridwidth": 0,
      "zeroline": false,
      "anchor": "y",
      "title": {
        "text": "",