{
  "data": [
    {
      "orientation": "v",
      "width": [0.9, 0.9, 0.9, 0.9, 0.9, 0.9, 0.9, 0.899999999999999, 0.899999999999999, 0.899999999999999, 0.899999999999999, 0.899999999999999, 0.899999999999999, 0.899999999999999, 0.899999999999999, 0.899999999999999, 0.899999999999999, 0.899999999999999, 0.899999999999999, 0.899999999999999, 0.899999999999999, 0.899999999999999, 0.899999999999999, 0.899999999999999, 0.899999999999999, 0.899999999999999, 0.899999999999999, 0.899999999999999, 0.899999999999999, 0.899999999999999, 0.899999999999999],
      "base": [0, 0, 0, 0, 0, 0, 0, 0, 0, 0, 0, 0, 0, 0, 0, 0, 0, 0, 0, 0, 0, 0, 0, 0, 0, 0, 0, 0, 0, 0, 0],
      "x": ["Error Correction And Polishing", "SNP And Variant Analysis", "Tested On Human Data", "Denovo Assembly", "Transcriptomics", "Alignment", "Analysis Pipelines", "Visualisation", "Availablity Of Test Data", "Quality Checking", "Base Modification Detection", "Generating Consensus Sequence", "Provide Summary Statistics", "Metagenomics", "Basecalling", "Isoform Detection", "Read Quantification", "Taxonomic Classification", "Quality Filtering", "Simulators", "Quality Trimming", "Demultiplexing", "fast5 File Processing", "Scaffolding", "Evaluating Exisiting Methods", "Long Read Overlapping", "Gap Filling", "Suitable For Single Cell Experiments", "Normalisation", "polyA Length Estimation", "Tested On Non Human Data"],
      "y": [0.160344827586207, 0.15, 0.139655172413793, 0.124137931034483, 0.118965517241379, 0.11551724137931, 0.113793103448276, 0.096551724137931, 0.0913793103448276, 0.0879310344827586, 0.0775862068965517, 0.0775862068965517, 0.0758620689655172, 0.0637931034482759, 0.0620689655172414, 0.0620689655172414, 0.0379310344827586, 0.0327586206896552, 0.0293103448275862, 0.0293103448275862, 0.0275862068965517, 0.0206896551724138, 0.0206896551724138, 0.0206896551724138, 0.0172413793103448, 0.0172413793103448, 0.0155172413793103, 0.0120689655172414, 0.00517241379310345, 0.00517241379310345, 0],
      "text": ["count: 0.160344828<br />Category: Error Correction And Polishing<br />Prop: 0.160344828<br />Count: 93 <br /> Percent: 16", "count: 0.150000000<br />Category: SNP And Variant Analysis<br />Prop: 0.150000000<br />Count: 87 <br /> Percent: 15", "count: 0.139655172<br />Category: Tested On Human Data<br />Prop: 0.139655172<br />Count: 81 <br /> Percent: 14", "count: 0.124137931<br />Category: Denovo Assembly<br />Prop: 0.124137931<br />Count: 72 <br /> Percent: 12.4", "count: 0.118965517<br />Category: Transcriptomics<br />Prop: 0.118965517<br />Count: 69 <br /> Percent: 11.9", "count: 0.115517241<br />Category: Alignment<br />Prop: 0.115517241<br />Count: 67 <br /> Percent: 11.6", "count: 0.113793103<br />Category: Analysis Pipelines<br />Prop: 0.113793103<br />Count: 66 <br /> Percent: 11.4", "count: 0.096551724<br />Category: Visualisation<br />Prop: 0.096551724<br />Count: 56 <br /> Percent: 9.7", "count: 0.091379310<br />Category: Availablity Of Test Data<br />Prop: 0.091379310<br />Count: 53 <br /> Percent: 9.1", "count: 0.087931034<br />Category: Quality Checking<br />Prop: 0.087931034<br />Count: 51 <br /> Percent: 8.8", "count: 0.077586207<br />Category: Base Modification Detection<br />Prop: 0.077586207<br />Count: 45 <br /> Percent: 7.8", "count: 0.077586207<br />Category: Generating Consensus Sequence<br />Prop: 0.077586207<br />Count: 45 <br /> Percent: 7.8", "count: 0.075862069<br />Category: Provide Summary Statistics<br />Prop: 0.075862069<br />Count: 44 <br /> Percent: 7.6", "count: 0.063793103<br />Category: Metagenomics<br />Prop: 0.063793103<br />Count: 37 <br /> Percent: 6.4", "count: 0.062068966<br />Category: Basecalling<br />Prop: 0.062068966<br />Count: 36 <br /> Percent: 6.2", "count: 0.062068966<br />Category: Isoform Detection<br />Prop: 0.062068966<br />Count: 36 <br /> Percent: 6.2", "count: 0.037931034<br />Category: Read Quantification<br />Prop: 0.037931034<br />Count: 22 <br /> Percent: 3.8", "count: 0.032758621<br />Category: Taxonomic Classification<br />Prop: 0.032758621<br />Count: 19 <br /> Percent: 3.3", "count: 0.029310345<br />Category: Quality Filtering<br />Prop: 0.029310345<br />Count: 17 <br /> Percent: 2.9", "count: 0.029310345<br />Category: Simulators<br />Prop: 0.029310345<br />Count: 17 <br /> Percent: 2.9", "count: 0.027586207<br />Category: Quality Trimming<br />Prop: 0.027586207<br />Count: 16 <br /> Percent: 2.8", "count: 0.020689655<br />Category: Demultiplexing<br />Prop: 0.020689655<br />Count: 12 <br /> Percent: 2.1", "count: 0.020689655<br />Category: fast5 File Processing<br />Prop: 0.020689655<br />Count: 12 <br /> Percent: 2.1", "count: 0.020689655<br />Category: Scaffolding<br />Prop: 0.020689655<br />Count: 12 <br /> Percent: 2.1", "count: 0.017241379<br />Category: Evaluating Exisiting Methods<br />Prop: 0.017241379<br />Count: 10 <br /> Percent: 1.7", "count: 0.017241379<br />Category: Long Read Overlapping<br />Prop: 0.017241379<br />Count: 10 <br /> Percent: 1.7", "count: 0.015517241<br />Category: Gap Filling<br />Prop: 0.015517241<br />Count: 9 <br /> Percent: 1.6", "count: 0.012068966<br />Category: Suitable For Single Cell Experiments<br />Prop: 0.012068966<br />Count: 7 <br /> Percent: 1.2", "count: 0.005172414<br />Category: Normalisation<br />Prop: 0.005172414<br />Count: 3 <br /> Percent: 0.5", "count: 0.005172414<br />Category: polyA Length Estimation<br />Prop: 0.005172414<br />Count: 3 <br /> Percent: 0.5", "count: 0.000000000<br />Category: Tested On Non Human Data<br />Prop:          NA<br />Count: NA <br /> Percent: NA"],
      "type": "bar",
      "textposition": "none",
      "marker": {
        "autocolorscale": false,
        "color": "rgba(159,199,81,1)",
        "line": {
          "width": 1.88976377952756,
          "color": "transparent"
        }
      },
      "showlegend": false,
      "xaxis": "x",
      "yaxis": "y",
      "hoverinfo": "text",
      "frame": null
    }
  ],
  "layout": {
    "margin": {
      "t": 50,
      "r": 40,
      "b": 90,
      "l": 70
    },
    "font": {
      "color": "rgba(0,0,0,1)",
      "family": "",
      "size": 18.5969281859693
    },
    "title": {
      "text": "<b> Oxford Nanopore focused <\/b>",
      "font": {
        "color": "rgba(0,0,0,1)",
        "family": "",
        "size": 15.9402241594022
      },
      "x": 0,
      "xref": "paper"
    },
    "xaxis": {
      "domain": [0, 1],
      "automargin": true,
      "type": "category",
      "autorange": true,
      "range": [0.4, 31.6],
      "tickmode": "auto",
      "ticktext": ["Error Correction And Polishing", "SNP And Variant Analysis", "Tested On Human Data", "Denovo Assembly", "Transcriptomics", "Alignment", "Analysis Pipelines", "Visualisation", "Availablity Of Test Data", "Quality Checking", "Base Modification Detection", "Generating Consensus Sequence", "Provide Summary Statistics", "Metagenomics", "Basecalling", "Isoform Detection", "Read Quantification", "Taxonomic Classification", "Quality Filtering", "Simulators", "Quality Trimming", "Demultiplexing", "fast5 File Processing", "Scaffolding", "Evaluating Exisiting Methods", "Long Read Overlapping", "Gap Filling", "Suitable For Single Cell Experiments", "Normalisation", "polyA Length Estimation", "Tested On Non Human Data"],
      "tickvals": [1, 2, 3, 4, 5, 6, 7, 8, 9, 10, 11, 12, 13, 14, 15, 16, 17, 18, 19, 20, 21, 22, 23, 24, 25, 26, 27, 28, 29, 30, 31],
      "categoryorder": "array",