{
  "data": [
    {
      "orientation": "v",
      "width": [0.89999999999999991, 0.90000000000000013, 0.90000000000000036, 0.90000000000000036, 0.90000000000000036, 0.90000000000000036, 0.90000000000000036, 0.89999999999999947, 0.89999999999999858, 0.89999999999999858, 0.89999999999999858, 0.89999999999999858, 0.89999999999999858, 0.89999999999999858, 0.89999999999999858, 0.89999999999999858, 0.89999999999999858, 0.89999999999999858, 0.89999999999999858, 0.89999999999999858, 0.89999999999999858, 0.89999999999999858, 0.89999999999999858, 0.89999999999999858, 0.89999999999999858, 0.89999999999999858, 0.89999999999999858, 0.89999999999999858, 0.89999999999999858, 0.89999999999999858, 0.89999999999999858],
      "base": [0, 0, 0, 0, 0, 0, 0, 0, 0, 0, 0, 0, 0, 0, 0, 0, 0, 0, 0, 0, 0, 0, 0, 0, 0, 0, 0, 0, 0, 0, 0],
      "x": ["Availablity Of Test Data", "Tested On Human Data", "SNP And Variant Analysis", "Analysis Pipelines", "Tested On Non Human Data", "Denovo Assembly", "Error Correction And Polishing", "Transcriptomics", "Alignment", "Isoform Detection", "Generating Consensus Sequence", "Visualisation", "Quality Checking", "Metagenomics", "Read Quantification", "Provide Summary Statistics", "Suitable For Single Cell Experiments", "Scaffolding", "Base Modification Detection", "Long Read Overlapping", "Gap Filling", "Taxonomic Classification", "Simulators", "Quality Filtering", "Quality Trimming", "Demultiplexing", "Evaluating Exisiting Methods", "polyA Length Estimation", "Basecalling", "Normalisation", "fast5 File Processing"],
      "y": [0.17669172932330826, 0.17199248120300753, 0.16353383458646617, 0.13345864661654136, 0.13063909774436092, 0.1137218045112782, 0.11278195488721804, 0.1118421052631579, 0.093984962406015032, 0.074248120300751883, 0.073308270676691725, 0.054511278195488719, 0.038533834586466163, 0.035714285714285712, 0.032894736842105261, 0.031954887218045111, 0.03007518796992481, 0.027255639097744359, 0.026315789473684209, 0.022556390977443608, 0.017857142857142856, 0.017857142857142856, 0.015037593984962405, 0.012218045112781954, 0.012218045112781954, 0.0084586466165413529, 0.0075187969924812026, 0.0056390977443609019, 0.0037593984962406013, 0.0037593984962406013, 0.00093984962406015032],
      "text": ["count: 0.1766917293<br />Category: Availablity Of Test Data<br />Prop: 0.1766917293<br />Count: 188 <br /> Percent: 17.7", "count: 0.1719924812<br />Category: Tested On Human Data<br />Prop: 0.1719924812<br />Count: 183 <br /> Percent: 17.2", "count: 0.1635338346<br />Category: SNP And Variant Analysis<br />Prop: 0.1635338346<br />Count: 174 <br /> Percent: 16.4", "count: 0.1334586466<br />Category: Analysis Pipelines<br />Prop: 0.1334586466<br />Count: 142 <br /> Percent: 13.3", "count: 0.1306390977<br />Category: Tested On Non Human Data<br />Prop: 0.1306390977<br />Count: 139 <br /> Percent: 13.1", "count: 0.1137218045<br />Category: Denovo Assembly<br />Prop: 0.1137218045<br />Count: 121 <br /> Percent: 11.4", "count: 0.1127819549<br />Category: Error Correction And Polishing<br />Prop: 0.1127819549<br />Count: 120 <br /> Percent: 11.3", "count: 0.1118421053<br />Category: Transcriptomics<br />Prop: 0.1118421053<br />Count: 119 <br /> Percent: 11.2", "count: 0.0939849624<br />Category: Alignment<br />Prop: 0.0939849624<br />Count: 100 <br /> Percent: 9.4", "count: 0.0742481203<br />Category: Isoform Detection<br />Prop: 0.0742481203<br />Count: 79 <br /> Percent: 7.4", "count: 0.0733082707<br />Category: Generating Consensus Sequence<br />Prop: 0.0733082707<br />Count: 78 <br /> Percent: 7.3", "count: 0.0545112782<br />Category: Visualisation<br />Prop: 0.0545112782<br />Count: 58 <br /> Percent: 5.5", "count: 0.0385338346<br />Category: Quality Checking<br />Prop: 0.0385338346<br />Count: 41 <br /> Percent: 3.9", "count: 0.0357142857<br />Category: Metagenomics<br />Prop: 0.0357142857<br />Count: 38 <br /> Percent: 3.6", "count: 0.0328947368<br />Category: Read Quantification<br />Prop: 0.0328947368<br />Count: 35 <br /> Percent: 3.3", "count: 0.0319548872<br />Category: Provide Summary Statistics<br />Prop: 0.0319548872<br />Count: 34 <br /> Percent: 3.2", "count: 0.0300751880<br />Category: Suitable For Single Cell Experiments<br />Prop: 0.0300751880<br />Count: 32 <br /> Percent: 3", "count: 0.0272556391<br />Category: Scaffolding<br />Prop: 0.0272556391<br />Count: 29 <br /> Percent: 2.7", "count: 0.0263157895<br />Category: Base Modification Detection<br />Prop: 0.0263157895<br />Count: 28 <br /> Percent: 2.6", "count: 0.0225563910<br />Category: Long Read Overlapping<br />Prop: 0.0225563910<br />Count: 24 <br /> Percent: 2.3", "count: 0.0178571429<br />Category: Gap Filling<br />Prop: 0.0178571429<br />Count: 19 <br /> Percent: 1.8", "count: 0.0178571429<br />Category: Taxonomic Classification<br />Prop: 0.0178571429<br />Count: 19 <br /> Percent: 1.8", "count: 0.0150375940<br />Category: Simulators<br />Prop: 0.0150375940<br />Count: 16 <br /> Percent: 1.5", "count: 0.0122180451<br />Category: Quality Filtering<br />Prop: 0.0122180451<br />Count: 13 <br /> Percent: 1.2", "count: 0.0122180451<br />Category: Quality Trimming<br />Prop: 0.0122180451<br />Count: 13 <br /> Percent: 1.2", "count: 0.0084586466<br />Category: Demultiplexing<br />Prop: 0.0084586466<br />Count: 9 <br /> Percent: 0.8", "count: 0.0075187970<br />Category: Evaluating Exisiting Methods<br />Prop: 0.0075187970<br />Count: 8 <br /> Percent: 0.8", "count: 0.0056390977<br />Category: polyA Length Estimation<br />Prop: 0.0056390977<br />Count: 6 <br /> Percent: 0.6", "count: 0.0037593985<br />Category: Basecalling<br />Prop: 0.0037593985<br />Count: 4 <br /> Percent: 0.4", "count: 0.0037593985<br />Category: Normalisation<br />Prop: 0.0037593985<br />Count: 4 <br /> Percent: 0.4", "count: 0.0009398496<br />Category: fast5 File Processing<br />Prop: 0.0009398496<br />Count: 1 <br /> Percent: 0.1"],
      "type": "bar",
      "textposition": "none",
      "marker": {
        "autocolorscale": false,
        "color": "rgba(159,199,81,1)",
        "line": {
          "width": 1.8897637795275593,
          "color": "transparent"
        }
      },
      "showlegend": false,
      "xaxis": "x",
      "yaxis": "y",
      "hoverinfo": "text",
      "frame": null
    }
  ],
  "layout": {
    "margin": {
      "t": 50,
      "r": 40,
      "b": 90,
      "l": 70
    },
    "font": {
      "color": "rgba(0,0,0,1)",
      "family": "",
      "size": 18.596928185969279
    },
    "title": {
      "text": "<b> PacBio focused <\/b>",
      "font": {
        "color": "rgba(0,0,0,1)",
        "family": "",
        "size": 15.940224159402243
      },
      "x": 0,
      "xref": "paper"
    },
    "xaxis": {
      "domain": [0, 1],
      "automargin": true,
      "type": "category",
      "autorange": true,
      "range": [0.40000000000000002, 31.600000000000001],
      "tickmode": "auto",
      "ticktext": ["Availablity Of Test Data", "Tested On Human Data", "SNP And Variant Analysis", "Analysis Pipelines", "Tested On Non Human Data", "Denovo Assembly", "Error Correction And Polishing", "Transcriptomics", "Alignment", "Isoform Detection", "Generating Consensus Sequence", "Visualisation", "Quality Checking", "Metagenomics", "Read Quantification", "Provide Summary Statistics", "Suitable For Single Cell Experiments", "Scaffolding", "Base Modification Detection", "Long Read Overlapping", "Gap Filling", "Taxonomic Classification", "Simulators", "Quality Filtering", "Quality Trimming", "Demultiplexing", "Evaluating Exisiting Methods", "polyA Length Estimation", "Basecalling", "Normalisation", "fast5 File Processing"],
      "tickvals": [1, 2, 3, 4, 5, 6, 7, 8, 9, 10, 11, 12, 13, 14, 15, 16, 17, 18, 19, 20, 21, 22, 23, 24, 25, 26, 27, 28, 29, 30, 31],
      "categoryorder": "array",