{
  "data": [
    {
      "orientation": "v",
      "width": [0.9, 0.9, 0.9, 0.9, 0.9, 0.9, 0.9, 0.899999999999999, 0.899999999999999, 0.899999999999999, 0.899999999999999, 0.899999999999999, 0.899999999999999, 0.899999999999999, 0.899999999999999, 0.899999999999999, 0.899999999999999, 0.899999999999999, 0.899999999999999, 0.899999999999999, 0.899999999999999, 0.899999999999999, 0.899999999999999, 0.899999999999999, 0.899999999999999, 0.899999999999999, 0.899999999999999, 0.899999999999999, 0.899999999999999, 0.899999999999999, 0.899999999999999],
      "base": [0, 0, 0, 0, 0, 0, 0, 0, 0, 0, 0, 0, 0, 0, 0, 0, 0, 0, 0, 0, 0, 0, 0, 0, 0, 0, 0, 0, 0, 0, 0],
      "x": ["Error Correction And Polishing", "Denovo Assembly", "SNP And Variant Analysis", "Alignment", "Tested On Non Human Data", "Transcriptomics", "Tested On Human Data", "Generating Consensus Sequence", "Isoform Detection", "Availablity Of Test Data", "Analysis Pipelines", "Quality Checking", "Metagenomics", "Provide Summary Statistics", "Visualisation", "Taxonomic Classification", "Scaffolding", "Simulators", "Read Quantification", "Gap Filling", "Long Read Overlapping", "Quality Filtering", "Base Modification Detection", "Quality Trimming", "Evaluating Exisiting Methods", "Suitable For Single Cell Experiments", "Basecalling", "Demultiplexing", "fast5 File Processing", "Normalisation", "polyA Length Estimation"],
      "y": [0.148423005565863, 0.12987012987013, 0.11873840445269, 0.098330241187384, 0.0927643784786642, 0.0909090909090909, 0.0834879406307978, 0.0760667903525046, 0.0575139146567718, 0.0556586270871985, 0.0482374768089054, 0.0426716141001855, 0.0333951762523191, 0.0315398886827458, 0.0315398886827458, 0.0241187384044527, 0.0222634508348794, 0.0222634508348794, 0.0204081632653061, 0.0185528756957328, 0.0185528756957328, 0.0185528756957328, 0.0148423005565863, 0.0148423005565863, 0.00927643784786642, 0.00927643784786642, 0.00556586270871985, 0.00556586270871985, 0.00185528756957328, 0.00185528756957328, 0],
      "text": ["count: 0.148423006<br />Category: Error Correction And Polishing<br />Prop: 0.148423006<br />Count: 80 <br /> Percent: 14.8", "count: 0.129870130<br />Category: Denovo Assembly<br />Prop: 0.129870130<br />Count: 70 <br /> Percent: 13", "count: 0.118738404<br />Category: SNP And Variant Analysis<br />Prop: 0.118738404<br />Count: 64 <br /> Percent: 11.9", "count: 0.098330241<br />Category: Alignment<br />Prop: 0.098330241<br />Count: 53 <br /> Percent: 9.8", "count: 0.092764378<br />Category: Tested On Non Human Data<br />Prop: 0.092764378<br />Count: 50 <br /> Percent: 9.3", "count: 0.090909091<br />Category: Transcriptomics<br />Prop: 0.090909091<br />Count: 49 <br /> Percent: 9.1", "count: 0.083487941<br />Category: Tested On Human Data<br />Prop: 0.083487941<br />Count: 45 <br /> Percent: 8.3", "count: 0.076066790<br />Category: Generating Consensus Sequence<br />Prop: 0.076066790<br />Count: 41 <br /> Percent: 7.6", "count: 0.057513915<br />Category: Isoform Detection<br />Prop: 0.057513915<br />Count: 31 <br /> Percent: 5.8", "count: 0.055658627<br />Category: Availablity Of Test Data<br />Prop: 0.055658627<br />Count: 30 <br /> Percent: 5.6", "count: 0.048237477<br />Category: Analysis Pipelines<br />Prop: 0.048237477<br />Count: 26 <br /> Percent: 4.8", "count: 0.042671614<br />Category: Quality Checking<br />Prop: 0.042671614<br />Count: 23 <br /> Percent: 4.3", "count: 0.033395176<br />Category: Metagenomics<br />Prop: 0.033395176<br />Count: 18 <br /> Percent: 3.3", "count: 0.031539889<br />Category: Provide Summary Statistics<br />Prop: 0.031539889<br />Count: 17 <br /> Percent: 3.2", "count: 0.031539889<br />Category: Visualisation<br />Prop: 0.031539889<br />Count: 17 <br /> Percent: 3.2", "count: 0.024118738<br />Category: Taxonomic Classification<br />Prop: 0.024118738<br />Count: 13 <br /> Percent: 2.4", "count: 0.022263451<br />Category: Scaffolding<br />Prop: 0.022263451<br />Count: 12 <br /> Percent: 2.2", "count: 0.022263451<br />Category: Simulators<br />Prop: 0.022263451<br />Count: 12 <br /> Percent: 2.2", "count: 0.020408163<br />Category: Read Quantification<br />Prop: 0.020408163<br />Count: 11 <br /> Percent: 2", "count: 0.018552876<br />Category: Gap Filling<br />Prop: 0.018552876<br />Count: 10 <br /> Percent: 1.9", "count: 0.018552876<br />Category: Long Read Overlapping<br />Prop: 0.018552876<br />Count: 10 <br /> Percent: 1.9", "count: 0.018552876<br />Category: Quality Filtering<br />Prop: 0.018552876<br />Count: 10 <br /> Percent: 1.9", "count: 0.014842301<br />Category: Base Modification Detection<br />Prop: 0.014842301<br />Count: 8 <br /> Percent: 1.5", "count: 0.014842301<br />Category: Quality Trimming<br />Prop: 0.014842301<br />Count: 8 <br /> Percent: 1.5", "count: 0.009276438<br />Category: Evaluating Exisiting Methods<br />Prop: 0.009276438<br />Count: 5 <br /> Percent: 0.9", "count: 0.009276438<br />Category: Suitable For Single Cell Experiments<br />Prop: 0.009276438<br />Count: 5 <br /> Percent: 0.9", "count: 0.005565863<br />Category: Basecalling<br />Prop: 0.005565863<br />Count: 3 <br /> Percent: 0.6", "count: 0.005565863<br />Category: Demultiplexing<br />Prop: 0.005565863<br />Count: 3 <br /> Percent: 0.6", "count: 0.001855288<br />Category: fast5 File Processing<br />Prop: 0.001855288<br />Count: 1 <br /> Percent: 0.2", "count: 0.001855288<br />Category: Normalisation<br />Prop: 0.001855288<br />Count: 1 <br /> Percent: 0.2", "count: 0.000000000<br />Category: polyA Length Estimation<br />Prop: 0.000000000<br />Count: 0 <br /> Percent: 0"],
      "type": "bar",
      "marker": {
        "autocolorscale": false,
        "color": "rgba(159,199,81,1)",
        "line": {
          "width": 1.88976377952756,
          "color": "transparent"
        }
      },
      "showlegend": false,
      "xaxis": "x",
      "yaxis": "y",
      "hoverinfo": "text",
      "frame": null
    }
  ],
  "layout": {
    "margin": {
      "t": 50,
      "r": 40,
      "b": 90,
      "l": 70
    },
    "font": {
      "color": "rgba(0,0,0,1)",
      "family": "",
      "size": 18.5969281859693
    },
    "title": {
      "text": "<b> PacBio focused <\/b>",
      "font": {
        "color": "rgba(0,0,0,1)",
        "family": "",
        "size": 15.9402241594022
      },
      "x": 0,
      "xref": "paper"
    },
    "xaxis": {
      "domain": [0, 1],
      "automargin": true,
      "type": "category",
      "autorange": true,
      "range": [0.4, 31.6],
      "tickmode": "auto",
      "ticktext": ["Error Correction And Polishing", "Denovo Assembly", "SNP And Variant Analysis", "Alignment", "Tested On Non Human Data", "Transcriptomics", "Tested On Human Data", "Generating Consensus Sequence", "Isoform Detection", "Availablity Of Test Data", "Analysis Pipelines", "Quality Checking", "Metagenomics", "Provide Summary Statistics", "Visualisation", "Taxonomic Classification", "Scaffolding", "Simulators", "Read Quantification", "Gap Filling", "Long Read Overlapping", "Quality Filtering", "Base Modification Detection", "Quality Trimming", "Evaluating Exisiting Methods", "Suitable For Single Cell Experiments", "Basecalling", "Demultiplexing", "fast5 File Processing", "Normalisation", "polyA Length Estimation"],
      "tickvals": [1, 2, 3, 4, 5, 6, 7, 8, 9, 10, 11, 12, 13, 14, 15, 16, 17, 18, 19, 20, 21, 22, 23, 24, 25, 26, 27, 28, 29, 30, 31],
      "categoryorder": "array",