{
  "data": [
    {
      "orientation": "v",
      "width": [0.9, 0.9, 0.9, 0.9, 0.9, 0.9, 0.9, 0.899999999999999, 0.899999999999999, 0.899999999999999, 0.899999999999999, 0.899999999999999, 0.899999999999999, 0.899999999999999, 0.899999999999999, 0.899999999999999, 0.899999999999999, 0.899999999999999, 0.899999999999999, 0.899999999999999, 0.899999999999999, 0.899999999999999, 0.899999999999999, 0.899999999999999, 0.899999999999999, 0.899999999999999, 0.899999999999999, 0.899999999999999, 0.899999999999999, 0.899999999999999, 0.899999999999999, 0.900000000000002, 0.900000000000006, 0.900000000000006, 0.900000000000006],
      "base": [0, 0, 0, 0, 0, 0, 0, 0, 0, 0, 0, 0, 0, 0, 0, 0, 0, 0, 0, 0, 0, 0, 0, 0, 0, 0, 0, 0, 0, 0, 0, 0, 0, 0, 0],
      "x": [1, 2, 3, 4, 5, 6, 7, 8, 9, 10, 11, 12, 13, 14, 15, 16, 17, 18, 19, 20, 21, 22, 23, 24, 25, 26, 27, 28, 29, 30, 31, 32, 33, 34, 35],
      "y": [0.207334273624824, 0.197461212976023, 0.194640338504937, 0.188998589562764, 0.166431593794076, 0.160789844851904, 0.157968970380818, 0.146685472496474, 0.141043723554302, 0.105782792665726, 0.104372355430183, 0.0987306064880113, 0.0930888575458392, 0.0916784203102962, 0.0832157968970381, 0.0677009873060649, 0.0634696755994358, 0.0465444287729196, 0.0409026798307475, 0.0338504936530324, 0.0324400564174894, 0.0324400564174894, 0.0324400564174894, 0.0310296191819464, 0.0253878702397743, 0.0253878702397743, 0.0239774330042313, 0.0211565585331453, 0.0155148095909732, 0.0126939351198872, 0.0112834978843441, 0.00705218617771509, 0.00564174894217207, 0.00564174894217207, 0.00423131170662906],
      "text": ["Category: Tested On Non Human Data<br />Count: 147 <br /> Percent: 20.7", "Category: Tested On Human Data<br />Count: 140 <br /> Percent: 19.7", "Category: SNP And Variant Analysis<br />Count: 138 <br /> Percent: 19.5", "Category: Error Correction And Polishing<br />Count: 134 <br /> Percent: 18.9", "Category: Denovo Assembly<br />Count: 118 <br /> Percent: 16.6", "Category: Transcriptomics<br />Count: 114 <br /> Percent: 16.1", "Category: Availablity Of Test Data<br />Count: 112 <br /> Percent: 15.8", "Category: Alignment<br />Count: 104 <br /> Percent: 14.7", "Category: Analysis Pipelines<br />Count: 100 <br /> Percent: 14.1", "Category: Generating Consensus Sequence<br />Count: 75 <br /> Percent: 10.6", "Category: Visualisation<br />Count: 74 <br /> Percent: 10.4", "Category: Base Modification Detection<br />Count: 70 <br /> Percent: 9.9", "Category: Quality Checking<br />Count: 66 <br /> Percent: 9.3", "Category: Provide Summary Statistics<br />Count: 65 <br /> Percent: 9.2", "Category: Isoform Detection<br />Count: 59 <br /> Percent: 8.3", "Category: Basecalling<br />Count: 48 <br /> Percent: 6.8", "Category: Metagenomics<br />Count: 45 <br /> Percent: 6.3", "Category: Scaffolding<br />Count: 33 <br /> Percent: 4.7", "Category: Read Quantification<br />Count: 29 <br /> Percent: 4.1", "Category: Quality Filtering<br />Count: 24 <br /> Percent: 3.4", "Category: Quality Trimming<br />Count: 23 <br /> Percent: 3.2", "Category: Simulators<br />Count: 23 <br /> Percent: 3.2", "Category: Taxonomic Classification<br />Count: 23 <br /> Percent: 3.2", "Category: Demultiplexing<br />Count: 22 <br /> Percent: 3.1", "Category: Gap Filling<br />Count: 18 <br /> Percent: 2.5", "Category: Long Read Overlapping<br />Count: 18 <br /> Percent: 2.5", "Category: fast5 File Processing<br />Count: 17 <br /> Percent: 2.4", "Category: Suitable For Single Cell Experiments<br />Count: 15 <br /> Percent: 2.1", "Category: Evaluating Exisiting Methods<br />Count: 11 <br /> Percent: 1.6", "Category: polyA Length Estimation<br />Count: 9 <br /> Percent: 1.3", "Category: RNAStructure<br />Count: 8 <br /> Percent: 1.1", "Category: Fusion Detection<br />Count: 5 <br /> Percent: 0.7", "Category: Data Structures<br />Count: 4 <br /> Percent: 0.6", "Category: Normalisation<br />Count: 4 <br /> Percent: 0.6", "Category: Coexpression Analysis<br />Count: 3 <br /> Percent: 0.4"],
      "type": "bar",
      "textposition": "none",
      "marker": {
        "autocolorscale": false,
        "color": "rgba(89,115,37,1)",
        "line": {
          "width": 1.88976377952756,
          "color": "transparent"
        }
      },
      "showlegend": false,
      "xaxis": "x",
      "yaxis": "y",
      "hoverinfo": "text",
      "frame": null
    }
  ],
  "layout": {
    "margin": {
      "t": 50,
      "r": 10,
      "b": 200,
      "l": 80
    },
    "font": {
      "color": "rgba(0,0,0,1)",
      "family": "",
      "size": 18.5969281859693
    },
    "title": {
      "text": "<b> Categories <\/b>",
      "font": {
        "color": "rgba(0,0,0,1)",
        "family": "",
        "size": 26.5670402656704
      },
      "x": 0,
      "xref": "paper"
    },
    "xaxis": {
      "domain": [0, 1],
      "automargin": true,
      "type": "linear",
      "autorange": false,
      "range": [0.4, 35.6],
      "tickmode": "array",
      "ticktext": ["Tested On Non Human Data", "Tested On Human Data", "SNP And Variant Analysis", "Error Correction And Polishing", "Denovo Assembly", "Transcriptomics", "Availablity Of Test Data", "Alignment", "Analysis Pipelines", "Generating Consensus Sequence", "Visualisation", "Base Modification Detection", "Quality Checking", "Provide Summary Statistics", "Isoform Detection", "Basecalling", "Metagenomics", "Scaffolding", "Read Quantification", "Quality Filtering", "Quality Trimming", "Simulators", "Taxonomic Classification", "Demultiplexing", "Gap Filling", "Long Read Overlapping", "fast5 File Processing", "Suitable For Single Cell Experiments", "Evaluating Exisiting Methods", "polyA Length Estimation", "RNAStructure", "Fusion Detection", "Data Structures", "Normalisation", "Coexpression Analysis"],
      "tickvals": [1, 2, 3, 4, 5, 6, 7, 8, 9, 10, 11, 12, 13, 14, 15, 16, 17, 18, 19, 20, 21, 22, 23, 24, 25, 26, 27, 28, 29, 30, 31, 32, 33, 34, 35],
      "categoryorder": "array",
      "categoryarray": ["Tested On Non Human Data", "Tested On Human Data", "SNP And Variant Analysis", "Error Correction And Polishing", "Denovo Assembly", "Transcriptomics", "Availablity Of Test Data", "Alignment", "Analysis Pipelines", "Generating Consensus Sequence", "Visualisation", "Base Modification Detection", "Quality Checking", "Provide Summary Statistics", "Isoform Detection", "Basecalling", "Metagenomics", "Scaffolding", "Read Quantification", "Quality Filtering", "Quality Trimming", "Simulators", "Taxonomic Classification", "Demultiplexing", "Gap Filling", "Long Read Overlapping", "fast5 File Processing", "Suitable For Single Cell Experiments", "Evaluating Exisiting Methods", "polyA Length Estimation", "RNAStructure", "Fusion Detection", "Data Structures", "Normalisation", "Coexpression Analysis"],
      "nticks": null,
      "ticks": "outside",
      "tickcolor": "rgba(0,0,0,1)",
      "ticklen": 4.64923204649232,
      "tickwidth": 0.66417600664176,
      "showticklabels": true,
      "tickfont": {
        "color": "rgba(0,0,0,1)",
        "family": "",
        "size": 10.6268161062682
      },
      "tickangle": -60,
      "showline": true,
      "linecolor": "rgba(0,0,0,1)",
      "linewidth": 0.66417600664176,
      "showgrid": false,
      "gridcolor": null,
      "gridwidth": 0,
      "zeroline": false,
      "anchor": "y",
      "title": {
        "text": "",
        "font": {
          "color": null,
          "family": null,
          "size": 0
        }
      },
      "hoverformat": ".2f"
    },
    "yaxis": {
      "domain": [0, 1],
      "automargin": true,
      "type": "linear",
      "autorange": false,
      "range": [-0.0103667136812412, 0.217700987306065],
      "tickmode": "array",
      "ticktext": ["0%", "5%", "10%", "15%", "20%"],
      "tickvals": [0, 0.05, 0.1, 0.15, 0.2],
      "categoryorder": "array",
      "categoryarray": ["0%", "5%", "10%", "15%", "20%"],
      "nticks": null,
      "ticks": "outside",
      "tickcolor": "rgba(0,0,0,1)",