{
  "data": [
    {
      "orientation": "v",
      "width": [0.89999999999999991, 0.90000000000000013, 0.90000000000000036, 0.90000000000000036, 0.90000000000000036, 0.90000000000000036, 0.90000000000000036, 0.89999999999999947, 0.89999999999999858, 0.89999999999999858, 0.89999999999999858, 0.89999999999999858, 0.89999999999999858, 0.89999999999999858, 0.89999999999999858, 0.89999999999999858, 0.89999999999999858, 0.89999999999999858, 0.89999999999999858, 0.89999999999999858, 0.89999999999999858, 0.89999999999999858, 0.89999999999999858, 0.89999999999999858, 0.89999999999999858, 0.89999999999999858, 0.89999999999999858, 0.89999999999999858, 0.89999999999999858, 0.89999999999999858, 0.89999999999999858],
      "base": [0, 0, 0, 0, 0, 0, 0, 0, 0, 0, 0, 0, 0, 0, 0, 0, 0, 0, 0, 0, 0, 0, 0, 0, 0, 0, 0, 0, 0, 0, 0],
      "x": ["Tested On Human Data", "Availability Of Test Data", "Suitable For Single Cell Experiments", "Denovo Assembly", "SNP And Variant Analysis", "Analysis Pipelines", "Transcriptomics", "Quality Checking", "Read Quantification", "Tested On Non Human Data", "Alignment", "Demultiplexing", "Generating Consensus Sequence", "Isoform Detection", "Provide Summary Statistics", "Scaffolding", "Visualisation", "Error Correction And Polishing", "Metagenomics", "Simulators", "Taxonomic Classification", "Evaluating Existing Methods", "Gap Filling", "Long Read Overlapping", "Normalisation", "Quality Filtering", "Quality Trimming", "fast5 File Processing", "Base Modification Detection", "Basecalling", "polyA Length Estimation"],
      "y": [0.026220614828209764, 0.020795660036166366, 0.018987341772151899, 0.015370705244122965, 0.015370705244122965, 0.014466546112115732, 0.014466546112115732, 0.011754068716094032, 0.0090415913200723331, 0.0090415913200723331, 0.0081374321880651, 0.0072332730560578659, 0.0072332730560578659, 0.0072332730560578659, 0.0072332730560578659, 0.0072332730560578659, 0.0072332730560578659, 0.0063291139240506328, 0.003616636528028933, 0.003616636528028933, 0.0027124773960216998, 0.0018083182640144665, 0.0018083182640144665, 0.0018083182640144665, 0.00090415913200723324, 0.00090415913200723324, 0.00090415913200723324, 0.00090415913200723324, 0, 0, 0],
      "text": ["count: 0.0262206148<br />Category: Tested On Human Data<br />Prop: 0.0262206148<br />Count: 29 <br /> Percent: 2.6", "count: 0.0207956600<br />Category: Availability Of Test Data<br />Prop: 0.0207956600<br />Count: 23 <br /> Percent: 2.1", "count: 0.0189873418<br />Category: Suitable For Single Cell Experiments<br />Prop: 0.0189873418<br />Count: 21 <br /> Percent: 1.9", "count: 0.0153707052<br />Category: Denovo Assembly<br />Prop: 0.0153707052<br />Count: 17 <br /> Percent: 1.5", "count: 0.0153707052<br />Category: SNP And Variant Analysis<br />Prop: 0.0153707052<br />Count: 17 <br /> Percent: 1.5", "count: 0.0144665461<br />Category: Analysis Pipelines<br />Prop: 0.0144665461<br />Count: 16 <br /> Percent: 1.4", "count: 0.0144665461<br />Category: Transcriptomics<br />Prop: 0.0144665461<br />Count: 16 <br /> Percent: 1.4", "count: 0.0117540687<br />Category: Quality Checking<br />Prop: 0.0117540687<br />Count: 13 <br /> Percent: 1.2", "count: 0.0090415913<br />Category: Read Quantification<br />Prop: 0.0090415913<br />Count: 10 <br /> Percent: 0.9", "count: 0.0090415913<br />Category: Tested On Non Human Data<br />Prop: 0.0090415913<br />Count: 10 <br /> Percent: 0.9", "count: 0.0081374322<br />Category: Alignment<br />Prop: 0.0081374322<br />Count: 9 <br /> Percent: 0.8", "count: 0.0072332731<br />Category: Demultiplexing<br />Prop: 0.0072332731<br />Count: 8 <br /> Percent: 0.7", "count: 0.0072332731<br />Category: Generating Consensus Sequence<br />Prop: 0.0072332731<br />Count: 8 <br /> Percent: 0.7", "count: 0.0072332731<br />Category: Isoform Detection<br />Prop: 0.0072332731<br />Count: 8 <br /> Percent: 0.7", "count: 0.0072332731<br />Category: Provide Summary Statistics<br />Prop: 0.0072332731<br />Count: 8 <br /> Percent: 0.7", "count: 0.0072332731<br />Category: Scaffolding<br />Prop: 0.0072332731<br />Count: 8 <br /> Percent: 0.7", "count: 0.0072332731<br />Category: Visualisation<br />Prop: 0.0072332731<br />Count: 8 <br /> Percent: 0.7", "count: 0.0063291139<br />Category: Error Correction And Polishing<br />Prop: 0.0063291139<br />Count: 7 <br /> Percent: 0.6", "count: 0.0036166365<br />Category: Metagenomics<br />Prop: 0.0036166365<br />Count: 4 <br /> Percent: 0.4", "count: 0.0036166365<br />Category: Simulators<br />Prop: 0.0036166365<br />Count: 4 <br /> Percent: 0.4", "count: 0.0027124774<br />Category: Taxonomic Classification<br />Prop: 0.0027124774<br />Count: 3 <br /> Percent: 0.3", "count: 0.0018083183<br />Category: Evaluating Existing Methods<br />Prop: 0.0018083183<br />Count: 2 <br /> Percent: 0.2", "count: 0.0018083183<br />Category: Gap Filling<br />Prop: 0.0018083183<br />Count: 2 <br /> Percent: 0.2", "count: 0.0018083183<br />Category: Long Read Overlapping<br />Prop: 0.0018083183<br />Count: 2 <br /> Percent: 0.2", "count: 0.0009041591<br />Category: Normalisation<br />Prop: 0.0009041591<br />Count: 1 <br /> Percent: 0.1", "count: 0.0009041591<br />Category: Quality Filtering<br />Prop: 0.0009041591<br />Count: 1 <br /> Percent: 0.1", "count: 0.0009041591<br />Category: Quality Trimming<br />Prop: 0.0009041591<br />Count: 1 <br /> Percent: 0.1", "count: 0.0009041591<br />Category: fast5 File Processing<br />Prop: 0.0009041591<br />Count: 1 <br /> Percent: 0.1", "count: 0.0000000000<br />Category: Base Modification Detection<br />Prop: 0.0000000000<br />Count: 0 <br /> Percent: 0", "count: 0.0000000000<br />Category: Basecalling<br />Prop: 0.0000000000<br />Count: 0 <br /> Percent: 0", "count: 0.0000000000<br />Category: polyA Length Estimation<br />Prop: 0.0000000000<br />Count: 0 <br /> Percent: 0"],
      "type": "bar",
      "textposition": "none",
      "marker": {
        "autocolorscale": false,
        "color": "rgba(159,199,81,1)",
        "line": {
          "width": 1.8897637795275593,
          "color": "transparent"
        }
      },
      "showlegend": false,
      "xaxis": "x",
      "yaxis": "y",
      "hoverinfo": "text",
      "frame": null
    }
  ],
  "layout": {
    "margin": {
      "t": 50,
      "r": 40,
      "b": 90,
      "l": 70
    },
    "font": {
      "color": "rgba(0,0,0,1)",
      "family": "",
      "size": 18.596928185969279
    },
    "title": {
      "text": "<b> 10X Genomics focused <\/b>",
      "font": {
        "color": "rgba(0,0,0,1)",
        "family": "",
        "size": 15.940224159402243
      },
      "x": 0,
      "xref": "paper"
    },
    "xaxis": {
      "domain": [0, 1],
      "automargin": true,
      "type": "category",
      "autorange": true,
      "range": [0.40000000000000002, 31.600000000000001],
      "tickmode": "auto",
      "ticktext": ["Tested On Human Data", "Availability Of Test Data", "Suitable For Single Cell Experiments", "Denovo Assembly", "SNP And Variant Analysis", "Analysis Pipelines", "Transcriptomics", "Quality Checking", "Read Quantification", "Tested On Non Human Data", "Alignment", "Demultiplexing", "Generating Consensus Sequence", "Isoform Detection", "Provide Summary Statistics", "Scaffolding", "Visualisation", "Error Correction And Polishing", "Metagenomics", "Simulators", "Taxonomic Classification", "Evaluating Existing Methods", "Gap Filling", "Long Read Overlapping", "Normalisation", "Quality Filtering", "Quality Trimming", "fast5 File Processing", "Base Modification Detection", "Basecalling", "polyA Length Estimation"],
      "tickvals": [1, 2, 3, 4, 5, 6, 7, 8, 9, 10, 11, 12, 13, 14, 15, 16, 17, 18, 19, 20, 21, 22, 23, 24, 25, 26, 27, 28, 29, 30, 31],
      "categoryorder": "array",