{
  "data": [
    {
      "orientation": "v",
      "width": [0.9, 0.9, 0.9, 0.9, 0.9, 0.9, 0.9, 0.899999999999999, 0.899999999999999, 0.899999999999999, 0.899999999999999, 0.899999999999999, 0.899999999999999, 0.899999999999999, 0.899999999999999, 0.899999999999999, 0.899999999999999, 0.899999999999999, 0.899999999999999, 0.899999999999999, 0.899999999999999, 0.899999999999999, 0.899999999999999, 0.899999999999999, 0.899999999999999, 0.899999999999999, 0.899999999999999, 0.899999999999999, 0.899999999999999, 0.899999999999999, 0.899999999999999, 0.900000000000002, 0.900000000000006, 0.900000000000006, 0.900000000000006],
      "base": [0, 0, 0, 0, 0, 0, 0, 0, 0, 0, 0, 0, 0, 0, 0, 0, 0, 0, 0, 0, 0, 0, 0, 0, 0, 0, 0, 0, 0, 0, 0, 0, 0, 0, 0],
      "x": [1, 2, 3, 4, 5, 6, 7, 8, 9, 10, 11, 12, 13, 14, 15, 16, 17, 18, 19, 20, 21, 22, 23, 24, 25, 26, 27, 28, 29, 30, 31, 32, 33, 34, 35],
      "y": [0.20578231292517, 0.188775510204082, 0.175170068027211, 0.171768707482993, 0.158163265306122, 0.141156462585034, 0.137755102040816, 0.129251700680272, 0.110544217687075, 0.108843537414966, 0.105442176870748, 0.0952380952380952, 0.0918367346938776, 0.0850340136054422, 0.076530612244898, 0.0697278911564626, 0.0646258503401361, 0.0391156462585034, 0.0391156462585034, 0.0374149659863946, 0.0357142857142857, 0.0340136054421769, 0.0340136054421769, 0.0238095238095238, 0.022108843537415, 0.022108843537415, 0.0204081632653061, 0.0170068027210884, 0.0136054421768707, 0.00850340136054422, 0.00510204081632653, 0.00510204081632653, 0.00510204081632653, 0.00340136054421769, 0.00340136054421769],
      "text": ["Category: Error Correction And Polishing<br />Count: 121 <br /> Percent: 20.6", "Category: SNP And Variant Analysis<br />Count: 111 <br /> Percent: 18.9", "Category: Denovo Assembly<br />Count: 103 <br /> Percent: 17.5", "Category: Tested On Non Human Data<br />Count: 101 <br /> Percent: 17.2", "Category: Tested On Human Data<br />Count: 93 <br /> Percent: 15.8", "Category: Transcriptomics<br />Count: 83 <br /> Percent: 14.1", "Category: Alignment<br />Count: 81 <br /> Percent: 13.8", "Category: Analysis Pipelines<br />Count: 76 <br /> Percent: 12.9", "Category: Availablity Of Test Data<br />Count: 65 <br /> Percent: 11.1", "Category: Generating Consensus Sequence<br />Count: 64 <br /> Percent: 10.9", "Category: Visualisation<br />Count: 62 <br /> Percent: 10.5", "Category: Quality Checking<br />Count: 56 <br /> Percent: 9.5", "Category: Base Modification Detection<br />Count: 54 <br /> Percent: 9.2", "Category: Provide Summary Statistics<br />Count: 50 <br /> Percent: 8.5", "Category: Isoform Detection<br />Count: 45 <br /> Percent: 7.7", "Category: Basecalling<br />Count: 41 <br /> Percent: 7", "Category: Metagenomics<br />Count: 38 <br /> Percent: 6.5", "Category: Read Quantification<br />Count: 23 <br /> Percent: 3.9", "Category: Scaffolding<br />Count: 23 <br /> Percent: 3.9", "Category: Simulators<br />Count: 22 <br /> Percent: 3.7", "Category: Quality Trimming<br />Count: 21 <br /> Percent: 3.6", "Category: Quality Filtering<br />Count: 20 <br /> Percent: 3.4", "Category: Taxonomic Classification<br />Count: 20 <br /> Percent: 3.4", "Category: Demultiplexing<br />Count: 14 <br /> Percent: 2.4", "Category: Gap Filling<br />Count: 13 <br /> Percent: 2.2", "Category: Long Read Overlapping<br />Count: 13 <br /> Percent: 2.2", "Category: fast5 File Processing<br />Count: 12 <br /> Percent: 2", "Category: Evaluating Exisiting Methods<br />Count: 10 <br /> Percent: 1.7", "Category: Suitable For Single Cell Experiments<br />Count: 8 <br /> Percent: 1.4", "Category: RNAStructure<br />Count: 5 <br /> Percent: 0.9", "Category: Data Structures<br />Count: 3 <br /> Percent: 0.5", "Category: Normalisation<br />Count: 3 <br /> Percent: 0.5", "Category: polyA Length Estimation<br />Count: 3 <br /> Percent: 0.5", "Category: Coexpression Analysis<br />Count: 2 <br /> Percent: 0.3", "Category: Fusion Detection<br />Count: 2 <br /> Percent: 0.3"],
      "type": "bar",
      "textposition": "none",
      "marker": {
        "autocolorscale": false,
        "color": "rgba(89,115,37,1)",
        "line": {
          "width": 1.88976377952756,
          "color": "transparent"
        }
      },
      "showlegend": false,
      "xaxis": "x",
      "yaxis": "y",
      "hoverinfo": "text",
      "frame": null
    }
  ],
  "layout": {
    "margin": {
      "t": 50,
      "r": 10,
      "b": 200,
      "l": 80
    },
    "font": {
      "color": "rgba(0,0,0,1)",
      "family": "",
      "size": 18.5969281859693
    },
    "title": {
      "text": "<b> Categories <\/b>",
      "font": {
        "color": "rgba(0,0,0,1)",
        "family": "",
        "size": 26.5670402656704
      },
      "x": 0,
      "xref": "paper"
    },
    "xaxis": {
      "domain": [0, 1],
      "automargin": true,
      "type": "linear",
      "autorange": false,
      "range": [0.4, 35.6],
      "tickmode": "array",
      "ticktext": ["Error Correction And Polishing", "SNP And Variant Analysis", "Denovo Assembly", "Tested On Non Human Data", "Tested On Human Data", "Transcriptomics", "Alignment", "Analysis Pipelines", "Availablity Of Test Data", "Generating Consensus Sequence", "Visualisation", "Quality Checking", "Base Modification Detection", "Provide Summary Statistics", "Isoform Detection", "Basecalling", "Metagenomics", "Read Quantification", "Scaffolding", "Simulators", "Quality Trimming", "Quality Filtering", "Taxonomic Classification", "Demultiplexing", "Gap Filling", "Long Read Overlapping", "fast5 File Processing", "Evaluating Exisiting Methods", "Suitable For Single Cell Experiments", "RNAStructure", "Data Structures", "Normalisation", "polyA Length Estimation", "Coexpression Analysis", "Fusion Detection"],
      "tickvals": [1, 2, 3, 4, 5, 6, 7, 8, 9, 10, 11, 12, 13, 14, 15, 16, 17, 18, 19, 20, 21, 22, 23, 24, 25, 26, 27, 28, 29, 30, 31, 32, 33, 34, 35],
      "categoryorder": "array",
      "categoryarray": ["Error Correction And Polishing", "SNP And Variant Analysis", "Denovo Assembly", "Tested On Non Human Data", "Tested On Human Data", "Transcriptomics", "Alignment", "Analysis Pipelines", "Availablity Of Test Data", "Generating Consensus Sequence", "Visualisation", "Quality Checking", "Base Modification Detection", "Provide Summary Statistics", "Isoform Detection", "Basecalling", "Metagenomics", "Read Quantification", "Scaffolding", "Simulators", "Quality Trimming", "Quality Filtering", "Taxonomic Classification", "Demultiplexing", "Gap Filling", "Long Read Overlapping", "fast5 File Processing", "Evaluating Exisiting Methods", "Suitable For Single Cell Experiments", "RNAStructure", "Data Structures", "Normalisation", "polyA Length Estimation", "Coexpression Analysis", "Fusion Detection"],
      "nticks": null,
      "ticks": "outside",
      "tickcolor": "rgba(0,0,0,1)",
      "ticklen": 4.64923204649232,
      "tickwidth": 0.66417600664176,
      "showticklabels": true,
      "tickfont": {
        "color": "rgba(0,0,0,1)",
        "family": "",
        "size": 10.6268161062682
      },
      "tickangle": -60,
      "showline": true,
      "linecolor": "rgba(0,0,0,1)",
      "linewidth": 0.66417600664176,
      "showgrid": false,
      "gridcolor": null,
      "gridwidth": 0,
      "zeroline": false,
      "anchor": "y",
      "title": {
        "text": "",
        "font": {
          "color": null,
          "family": null,
          "size": 0
        }
      },
      "hoverformat": ".2f"
    },
    "yaxis": {
      "domain": [0, 1],
      "automargin": true,
      "type": "linear",
      "autorange": false,
      "range": [-0.0102891156462585, 0.216071428571429],
      "tickmode": "array",
      "ticktext": ["0.0%", "5.0%", "10.0%", "15.0%", "20.0%"],
      "tickvals": [0, 0.05, 0.1, 0.15, 0.2],
      "categoryorder": "array",
      "categoryarray": ["0.0%", "5.0%", "10.0%", "15.0%", "20.0%"],
      "nticks": null,
      "ticks": "outside",
      "tickcolor": "rgba(0,0,0,1)",