{
  "data": [
    {
      "orientation": "v",
      "width": [0.89999999999999991, 0.90000000000000013, 0.90000000000000036, 0.90000000000000036, 0.90000000000000036, 0.90000000000000036, 0.90000000000000036, 0.89999999999999947, 0.89999999999999858, 0.89999999999999858, 0.89999999999999858, 0.89999999999999858, 0.89999999999999858, 0.89999999999999858, 0.89999999999999858, 0.89999999999999858, 0.89999999999999858, 0.89999999999999858, 0.89999999999999858, 0.89999999999999858, 0.89999999999999858, 0.89999999999999858, 0.89999999999999858, 0.89999999999999858, 0.89999999999999858, 0.89999999999999858, 0.89999999999999858, 0.89999999999999858, 0.89999999999999858, 0.89999999999999858, 0.89999999999999858],
      "base": [0, 0, 0, 0, 0, 0, 0, 0, 0, 0, 0, 0, 0, 0, 0, 0, 0, 0, 0, 0, 0, 0, 0, 0, 0, 0, 0, 0, 0, 0, 0],
      "x": ["Availablity Of Test Data", "Tested On Human Data", "Analysis Pipelines", "Tested On Non Human Data", "SNP And Variant Analysis", "Transcriptomics", "Alignment", "Error Correction And Polishing", "Denovo Assembly", "Base Modification Detection", "Visualisation", "Isoform Detection", "Generating Consensus Sequence", "Quality Checking", "Provide Summary Statistics", "Basecalling", "Metagenomics", "Read Quantification", "Suitable For Single Cell Experiments", "Taxonomic Classification", "fast5 File Processing", "Demultiplexing", "Scaffolding", "Long Read Overlapping", "Simulators", "Quality Filtering", "Quality Trimming", "Gap Filling", "Evaluating Exisiting Methods", "polyA Length Estimation", "Normalisation"],
      "y": [0.24528301886792453, 0.23490566037735849, 0.21226415094339623, 0.18773584905660379, 0.18396226415094338, 0.16320754716981131, 0.13773584905660377, 0.12547169811320755, 0.11603773584905661, 0.10566037735849057, 0.10283018867924529, 0.083962264150943391, 0.076415094339622638, 0.07452830188679245, 0.066037735849056603, 0.064150943396226415, 0.064150943396226415, 0.050943396226415097, 0.038679245283018866, 0.032075471698113207, 0.030188679245283019, 0.028301886792452831, 0.027358490566037737, 0.025471698113207548, 0.024528301886792454, 0.022641509433962263, 0.021698113207547168, 0.017924528301886792, 0.01509433962264151, 0.0084905660377358489, 0.0075471698113207548],
      "text": ["count: 0.245283019<br />Category: Availablity Of Test Data<br />Prop: 0.245283019<br />Count: 260 <br /> Percent: 24.5", "count: 0.234905660<br />Category: Tested On Human Data<br />Prop: 0.234905660<br />Count: 249 <br /> Percent: 23.5", "count: 0.212264151<br />Category: Analysis Pipelines<br />Prop: 0.212264151<br />Count: 225 <br /> Percent: 21.2", "count: 0.187735849<br />Category: Tested On Non Human Data<br />Prop: 0.187735849<br />Count: 199 <br /> Percent: 18.8", "count: 0.183962264<br />Category: SNP And Variant Analysis<br />Prop: 0.183962264<br />Count: 195 <br /> Percent: 18.4", "count: 0.163207547<br />Category: Transcriptomics<br />Prop: 0.163207547<br />Count: 173 <br /> Percent: 16.3", "count: 0.137735849<br />Category: Alignment<br />Prop: 0.137735849<br />Count: 146 <br /> Percent: 13.8", "count: 0.125471698<br />Category: Error Correction And Polishing<br />Prop: 0.125471698<br />Count: 133 <br /> Percent: 12.5", "count: 0.116037736<br />Category: Denovo Assembly<br />Prop: 0.116037736<br />Count: 123 <br /> Percent: 11.6", "count: 0.105660377<br />Category: Base Modification Detection<br />Prop: 0.105660377<br />Count: 112 <br /> Percent: 10.6", "count: 0.102830189<br />Category: Visualisation<br />Prop: 0.102830189<br />Count: 109 <br /> Percent: 10.3", "count: 0.083962264<br />Category: Isoform Detection<br />Prop: 0.083962264<br />Count: 89 <br /> Percent: 8.4", "count: 0.076415094<br />Category: Generating Consensus Sequence<br />Prop: 0.076415094<br />Count: 81 <br /> Percent: 7.6", "count: 0.074528302<br />Category: Quality Checking<br />Prop: 0.074528302<br />Count: 79 <br /> Percent: 7.5", "count: 0.066037736<br />Category: Provide Summary Statistics<br />Prop: 0.066037736<br />Count: 70 <br /> Percent: 6.6", "count: 0.064150943<br />Category: Basecalling<br />Prop: 0.064150943<br />Count: 68 <br /> Percent: 6.4", "count: 0.064150943<br />Category: Metagenomics<br />Prop: 0.064150943<br />Count: 68 <br /> Percent: 6.4", "count: 0.050943396<br />Category: Read Quantification<br />Prop: 0.050943396<br />Count: 54 <br /> Percent: 5.1", "count: 0.038679245<br />Category: Suitable For Single Cell Experiments<br />Prop: 0.038679245<br />Count: 41 <br /> Percent: 3.9", "count: 0.032075472<br />Category: Taxonomic Classification<br />Prop: 0.032075472<br />Count: 34 <br /> Percent: 3.2", "count: 0.030188679<br />Category: fast5 File Processing<br />Prop: 0.030188679<br />Count: 32 <br /> Percent: 3", "count: 0.028301887<br />Category: Demultiplexing<br />Prop: 0.028301887<br />Count: 30 <br /> Percent: 2.8", "count: 0.027358491<br />Category: Scaffolding<br />Prop: 0.027358491<br />Count: 29 <br /> Percent: 2.7", "count: 0.025471698<br />Category: Long Read Overlapping<br />Prop: 0.025471698<br />Count: 27 <br /> Percent: 2.5", "count: 0.024528302<br />Category: Simulators<br />Prop: 0.024528302<br />Count: 26 <br /> Percent: 2.5", "count: 0.022641509<br />Category: Quality Filtering<br />Prop: 0.022641509<br />Count: 24 <br /> Percent: 2.3", "count: 0.021698113<br />Category: Quality Trimming<br />Prop: 0.021698113<br />Count: 23 <br /> Percent: 2.2", "count: 0.017924528<br />Category: Gap Filling<br />Prop: 0.017924528<br />Count: 19 <br /> Percent: 1.8", "count: 0.015094340<br />Category: Evaluating Exisiting Methods<br />Prop: 0.015094340<br />Count: 16 <br /> Percent: 1.5", "count: 0.008490566<br />Category: polyA Length Estimation<br />Prop: 0.008490566<br />Count: 9 <br /> Percent: 0.8", "count: 0.007547170<br />Category: Normalisation<br />Prop: 0.007547170<br />Count: 8 <br /> Percent: 0.8"],
      "type": "bar",
      "textposition": "none",
      "marker": {
        "autocolorscale": false,
        "color": "rgba(159,199,81,1)",
        "line": {
          "width": 1.8897637795275593,
          "color": "transparent"
        }
      },
      "showlegend": false,
      "xaxis": "x",
      "yaxis": "y",
      "hoverinfo": "text",
      "frame": null
    }
  ],
  "layout": {
    "margin": {
      "t": 50,
      "r": 40,
      "b": 90,
      "l": 70
    },
    "font": {
      "color": "rgba(0,0,0,1)",
      "family": "",
      "size": 18.596928185969279
    },
    "title": {
      "text": "<b> Oxford Nanopore focused <\/b>",
      "font": {
        "color": "rgba(0,0,0,1)",
        "family": "",
        "size": 15.940224159402243
      },
      "x": 0,
      "xref": "paper"
    },
    "xaxis": {
      "domain": [0, 1],
      "automargin": true,
      "type": "category",
      "autorange": true,
      "range": [0.40000000000000002, 31.600000000000001],
      "tickmode": "auto",
      "ticktext": ["Availablity Of Test Data", "Tested On Human Data", "Analysis Pipelines", "Tested On Non Human Data", "SNP And Variant Analysis", "Transcriptomics", "Alignment", "Error Correction And Polishing", "Denovo Assembly", "Base Modification Detection", "Visualisation", "Isoform Detection", "Generating Consensus Sequence", "Quality Checking", "Provide Summary Statistics", "Basecalling", "Metagenomics", "Read Quantification", "Suitable For Single Cell Experiments", "Taxonomic Classification", "fast5 File Processing", "Demultiplexing", "Scaffolding", "Long Read Overlapping", "Simulators", "Quality Filtering", "Quality Trimming", "Gap Filling", "Evaluating Exisiting Methods", "polyA Length Estimation", "Normalisation"],
      "tickvals": [1, 2, 3, 4, 5, 6, 7, 8, 9, 10, 11, 12, 13, 14, 15, 16, 17, 18, 19, 20, 21, 22, 23, 24, 25, 26, 27, 28, 29, 30, 31],
      "categoryorder": "array",