{
  "data": [
    {
      "orientation": "v",
      "width": [0.89999999999999991, 0.90000000000000013, 0.90000000000000036, 0.90000000000000036, 0.90000000000000036, 0.90000000000000036, 0.90000000000000036, 0.89999999999999947, 0.89999999999999858, 0.89999999999999858, 0.89999999999999858, 0.89999999999999858, 0.89999999999999858, 0.89999999999999858, 0.89999999999999858, 0.89999999999999858, 0.89999999999999858, 0.89999999999999858, 0.89999999999999858, 0.89999999999999858, 0.89999999999999858, 0.89999999999999858, 0.89999999999999858, 0.89999999999999858, 0.89999999999999858, 0.89999999999999858, 0.89999999999999858, 0.89999999999999858, 0.89999999999999858, 0.89999999999999858, 0.89999999999999858],
      "base": [0, 0, 0, 0, 0, 0, 0, 0, 0, 0, 0, 0, 0, 0, 0, 0, 0, 0, 0, 0, 0, 0, 0, 0, 0, 0, 0, 0, 0, 0, 0],
      "x": ["Availablity Of Test Data", "Tested On Human Data", "Analysis Pipelines", "SNP And Variant Analysis", "Tested On Non Human Data", "Transcriptomics", "Alignment", "Error Correction And Polishing", "Denovo Assembly", "Base Modification Detection", "Visualisation", "Isoform Detection", "Generating Consensus Sequence", "Quality Checking", "Provide Summary Statistics", "Metagenomics", "Basecalling", "Read Quantification", "Suitable For Single Cell Experiments", "Taxonomic Classification", "fast5 File Processing", "Demultiplexing", "Scaffolding", "Simulators", "Long Read Overlapping", "Quality Filtering", "Quality Trimming", "Gap Filling", "Evaluating Exisiting Methods", "polyA Length Estimation", "Normalisation"],
      "y": [0.24144310823311749, 0.23959296947271044, 0.211840888066605, 0.18871415356151711, 0.18686401480111009, 0.16373728029602219, 0.13691026827012026, 0.12303422756706753, 0.1147086031452359, 0.10823311748381129, 0.1036077705827937, 0.085106382978723402, 0.074930619796484743, 0.074005550416281221, 0.0666049953746531, 0.063829787234042548, 0.06290471785383904, 0.050878815911193337, 0.038852913968547641, 0.03145235892691952, 0.02960222016651249, 0.027752081406105456, 0.026827012025901941, 0.025901942645698426, 0.024976873265494911, 0.023126734505087881, 0.021276595744680851, 0.01757631822386679, 0.014801110083256245, 0.0083256244218316375, 0.0074005550416281225],
      "text": ["count: 0.241443108<br />Category: Availablity Of Test Data<br />Prop: 0.241443108<br />Count: 261 <br /> Percent: 24.1", "count: 0.239592969<br />Category: Tested On Human Data<br />Prop: 0.239592969<br />Count: 259 <br /> Percent: 24", "count: 0.211840888<br />Category: Analysis Pipelines<br />Prop: 0.211840888<br />Count: 229 <br /> Percent: 21.2", "count: 0.188714154<br />Category: SNP And Variant Analysis<br />Prop: 0.188714154<br />Count: 204 <br /> Percent: 18.9", "count: 0.186864015<br />Category: Tested On Non Human Data<br />Prop: 0.186864015<br />Count: 202 <br /> Percent: 18.7", "count: 0.163737280<br />Category: Transcriptomics<br />Prop: 0.163737280<br />Count: 177 <br /> Percent: 16.4", "count: 0.136910268<br />Category: Alignment<br />Prop: 0.136910268<br />Count: 148 <br /> Percent: 13.7", "count: 0.123034228<br />Category: Error Correction And Polishing<br />Prop: 0.123034228<br />Count: 133 <br /> Percent: 12.3", "count: 0.114708603<br />Category: Denovo Assembly<br />Prop: 0.114708603<br />Count: 124 <br /> Percent: 11.5", "count: 0.108233117<br />Category: Base Modification Detection<br />Prop: 0.108233117<br />Count: 117 <br /> Percent: 10.8", "count: 0.103607771<br />Category: Visualisation<br />Prop: 0.103607771<br />Count: 112 <br /> Percent: 10.4", "count: 0.085106383<br />Category: Isoform Detection<br />Prop: 0.085106383<br />Count: 92 <br /> Percent: 8.5", "count: 0.074930620<br />Category: Generating Consensus Sequence<br />Prop: 0.074930620<br />Count: 81 <br /> Percent: 7.5", "count: 0.074005550<br />Category: Quality Checking<br />Prop: 0.074005550<br />Count: 80 <br /> Percent: 7.4", "count: 0.066604995<br />Category: Provide Summary Statistics<br />Prop: 0.066604995<br />Count: 72 <br /> Percent: 6.7", "count: 0.063829787<br />Category: Metagenomics<br />Prop: 0.063829787<br />Count: 69 <br /> Percent: 6.4", "count: 0.062904718<br />Category: Basecalling<br />Prop: 0.062904718<br />Count: 68 <br /> Percent: 6.3", "count: 0.050878816<br />Category: Read Quantification<br />Prop: 0.050878816<br />Count: 55 <br /> Percent: 5.1", "count: 0.038852914<br />Category: Suitable For Single Cell Experiments<br />Prop: 0.038852914<br />Count: 42 <br /> Percent: 3.9", "count: 0.031452359<br />Category: Taxonomic Classification<br />Prop: 0.031452359<br />Count: 34 <br /> Percent: 3.1", "count: 0.029602220<br />Category: fast5 File Processing<br />Prop: 0.029602220<br />Count: 32 <br /> Percent: 3", "count: 0.027752081<br />Category: Demultiplexing<br />Prop: 0.027752081<br />Count: 30 <br /> Percent: 2.8", "count: 0.026827012<br />Category: Scaffolding<br />Prop: 0.026827012<br />Count: 29 <br /> Percent: 2.7", "count: 0.025901943<br />Category: Simulators<br />Prop: 0.025901943<br />Count: 28 <br /> Percent: 2.6", "count: 0.024976873<br />Category: Long Read Overlapping<br />Prop: 0.024976873<br />Count: 27 <br /> Percent: 2.5", "count: 0.023126735<br />Category: Quality Filtering<br />Prop: 0.023126735<br />Count: 25 <br /> Percent: 2.3", "count: 0.021276596<br />Category: Quality Trimming<br />Prop: 0.021276596<br />Count: 23 <br /> Percent: 2.1", "count: 0.017576318<br />Category: Gap Filling<br />Prop: 0.017576318<br />Count: 19 <br /> Percent: 1.8", "count: 0.014801110<br />Category: Evaluating Exisiting Methods<br />Prop: 0.014801110<br />Count: 16 <br /> Percent: 1.5", "count: 0.008325624<br />Category: polyA Length Estimation<br />Prop: 0.008325624<br />Count: 9 <br /> Percent: 0.8", "count: 0.007400555<br />Category: Normalisation<br />Prop: 0.007400555<br />Count: 8 <br /> Percent: 0.7"],
      "type": "bar",
      "textposition": "none",
      "marker": {
        "autocolorscale": false,
        "color": "rgba(159,199,81,1)",
        "line": {
          "width": 1.8897637795275593,
          "color": "transparent"
        }
      },
      "showlegend": false,
      "xaxis": "x",
      "yaxis": "y",
      "hoverinfo": "text",
      "frame": null
    }
  ],
  "layout": {
    "margin": {
      "t": 50,
      "r": 40,
      "b": 90,
      "l": 70
    },
    "font": {
      "color": "rgba(0,0,0,1)",
      "family": "",
      "size": 18.596928185969279
    },
    "title": {
      "text": "<b> Oxford Nanopore focused <\/b>",
      "font": {
        "color": "rgba(0,0,0,1)",
        "family": "",
        "size": 15.940224159402243
      },
      "x": 0,
      "xref": "paper"
    },
    "xaxis": {
      "domain": [0, 1],
      "automargin": true,
      "type": "category",
      "autorange": true,
      "range": [0.40000000000000002, 31.600000000000001],
      "tickmode": "auto",
      "ticktext": ["Availablity Of Test Data", "Tested On Human Data", "Analysis Pipelines", "SNP And Variant Analysis", "Tested On Non Human Data", "Transcriptomics", "Alignment", "Error Correction And Polishing", "Denovo Assembly", "Base Modification Detection", "Visualisation", "Isoform Detection", "Generating Consensus Sequence", "Quality Checking", "Provide Summary Statistics", "Metagenomics", "Basecalling", "Read Quantification", "Suitable For Single Cell Experiments", "Taxonomic Classification", "fast5 File Processing", "Demultiplexing", "Scaffolding", "Simulators", "Long Read Overlapping", "Quality Filtering", "Quality Trimming", "Gap Filling", "Evaluating Exisiting Methods", "polyA Length Estimation", "Normalisation"],
      "tickvals": [1, 2, 3, 4, 5, 6, 7, 8, 9, 10, 11, 12, 13, 14, 15, 16, 17, 18, 19, 20, 21, 22, 23, 24, 25, 26, 27, 28, 29, 30, 31],
      "categoryorder": "array",