{
  "data": [
    {
      "orientation": "v",
      "width": [0.89999999999999991, 0.90000000000000013, 0.90000000000000036, 0.90000000000000036, 0.90000000000000036, 0.90000000000000036, 0.90000000000000036, 0.89999999999999947, 0.89999999999999858, 0.89999999999999858, 0.89999999999999858, 0.89999999999999858, 0.89999999999999858, 0.89999999999999858, 0.89999999999999858, 0.89999999999999858, 0.89999999999999858, 0.89999999999999858, 0.89999999999999858, 0.89999999999999858, 0.89999999999999858, 0.89999999999999858, 0.89999999999999858, 0.89999999999999858, 0.89999999999999858, 0.89999999999999858, 0.89999999999999858, 0.89999999999999858, 0.89999999999999858, 0.89999999999999858, 0.89999999999999858],
      "base": [0, 0, 0, 0, 0, 0, 0, 0, 0, 0, 0, 0, 0, 0, 0, 0, 0, 0, 0, 0, 0, 0, 0, 0, 0, 0, 0, 0, 0, 0, 0],
      "x": ["Denovo Assembly", "Quality Checking", "Tested On Human Data", "Tested On Non Human Data", "Error Correction And Polishing", "SNP And Variant Analysis", "Alignment", "Generating Consensus Sequence", "Provide Summary Statistics", "Scaffolding", "Suitable For Single Cell Experiments", "Visualisation", "Analysis Pipelines", "Availablity Of Test Data", "Long Read Overlapping", "Metagenomics", "Taxonomic Classification", "Transcriptomics", "Demultiplexing", "Evaluating Exisiting Methods", "Gap Filling", "Isoform Detection", "Quality Trimming", "Read Quantification", "Base Modification Detection", "Basecalling", "Normalisation", "Quality Filtering", "Simulators", "fast5 File Processing", "polyA Length Estimation"],
      "y": [0.011961722488038277, 0.0071770334928229667, 0.0071770334928229667, 0.0071770334928229667, 0.0059808612440191387, 0.0047846889952153108, 0.0035885167464114833, 0.0035885167464114833, 0.0035885167464114833, 0.0035885167464114833, 0.0035885167464114833, 0.0035885167464114833, 0.0023923444976076554, 0.0023923444976076554, 0.0023923444976076554, 0.0023923444976076554, 0.0023923444976076554, 0.0023923444976076554, 0.0011961722488038277, 0.0011961722488038277, 0.0011961722488038277, 0.0011961722488038277, 0.0011961722488038277, 0.0011961722488038277, 0, 0, 0, 0, 0, 0, 0],
      "text": ["count: 0.011961722<br />Category: Denovo Assembly<br />Prop: 0.011961722<br />Count: 10 <br /> Percent: 1.2", "count: 0.007177033<br />Category: Quality Checking<br />Prop: 0.007177033<br />Count: 6 <br /> Percent: 0.7", "count: 0.007177033<br />Category: Tested On Human Data<br />Prop: 0.007177033<br />Count: 6 <br /> Percent: 0.7", "count: 0.007177033<br />Category: Tested On Non Human Data<br />Prop: 0.007177033<br />Count: 6 <br /> Percent: 0.7", "count: 0.005980861<br />Category: Error Correction And Polishing<br />Prop: 0.005980861<br />Count: 5 <br /> Percent: 0.6", "count: 0.004784689<br />Category: SNP And Variant Analysis<br />Prop: 0.004784689<br />Count: 4 <br /> Percent: 0.5", "count: 0.003588517<br />Category: Alignment<br />Prop: 0.003588517<br />Count: 3 <br /> Percent: 0.4", "count: 0.003588517<br />Category: Generating Consensus Sequence<br />Prop: 0.003588517<br />Count: 3 <br /> Percent: 0.4", "count: 0.003588517<br />Category: Provide Summary Statistics<br />Prop: 0.003588517<br />Count: 3 <br /> Percent: 0.4", "count: 0.003588517<br />Category: Scaffolding<br />Prop: 0.003588517<br />Count: 3 <br /> Percent: 0.4", "count: 0.003588517<br />Category: Suitable For Single Cell Experiments<br />Prop: 0.003588517<br />Count: 3 <br /> Percent: 0.4", "count: 0.003588517<br />Category: Visualisation<br />Prop: 0.003588517<br />Count: 3 <br /> Percent: 0.4", "count: 0.002392344<br />Category: Analysis Pipelines<br />Prop: 0.002392344<br />Count: 2 <br /> Percent: 0.2", "count: 0.002392344<br />Category: Availablity Of Test Data<br />Prop: 0.002392344<br />Count: 2 <br /> Percent: 0.2", "count: 0.002392344<br />Category: Long Read Overlapping<br />Prop: 0.002392344<br />Count: 2 <br /> Percent: 0.2", "count: 0.002392344<br />Category: Metagenomics<br />Prop: 0.002392344<br />Count: 2 <br /> Percent: 0.2", "count: 0.002392344<br />Category: Taxonomic Classification<br />Prop: 0.002392344<br />Count: 2 <br /> Percent: 0.2", "count: 0.002392344<br />Category: Transcriptomics<br />Prop: 0.002392344<br />Count: 2 <br /> Percent: 0.2", "count: 0.001196172<br />Category: Demultiplexing<br />Prop: 0.001196172<br />Count: 1 <br /> Percent: 0.1", "count: 0.001196172<br />Category: Evaluating Exisiting Methods<br />Prop: 0.001196172<br />Count: 1 <br /> Percent: 0.1", "count: 0.001196172<br />Category: Gap Filling<br />Prop: 0.001196172<br />Count: 1 <br /> Percent: 0.1", "count: 0.001196172<br />Category: Isoform Detection<br />Prop: 0.001196172<br />Count: 1 <br /> Percent: 0.1", "count: 0.001196172<br />Category: Quality Trimming<br />Prop: 0.001196172<br />Count: 1 <br /> Percent: 0.1", "count: 0.001196172<br />Category: Read Quantification<br />Prop: 0.001196172<br />Count: 1 <br /> Percent: 0.1", "count: 0.000000000<br />Category: Base Modification Detection<br />Prop: 0.000000000<br />Count: 0 <br /> Percent: 0", "count: 0.000000000<br />Category: Basecalling<br />Prop: 0.000000000<br />Count: 0 <br /> Percent: 0", "count: 0.000000000<br />Category: Normalisation<br />Prop: 0.000000000<br />Count: 0 <br /> Percent: 0", "count: 0.000000000<br />Category: Quality Filtering<br />Prop: 0.000000000<br />Count: 0 <br /> Percent: 0", "count: 0.000000000<br />Category: Simulators<br />Prop: 0.000000000<br />Count: 0 <br /> Percent: 0", "count: 0.000000000<br />Category: fast5 File Processing<br />Prop: 0.000000000<br />Count: 0 <br /> Percent: 0", "count: 0.000000000<br />Category: polyA Length Estimation<br />Prop: 0.000000000<br />Count: 0 <br /> Percent: 0"],
      "type": "bar",
      "textposition": "none",
      "marker": {
        "autocolorscale": false,
        "color": "rgba(159,199,81,1)",
        "line": {
          "width": 1.8897637795275593,
          "color": "transparent"
        }
      },
      "showlegend": false,
      "xaxis": "x",
      "yaxis": "y",
      "hoverinfo": "text",
      "frame": null
    }
  ],
  "layout": {
    "margin": {
      "t": 50,
      "r": 40,
      "b": 90,
      "l": 70
    },
    "font": {
      "color": "rgba(0,0,0,1)",
      "family": "",
      "size": 18.596928185969279
    },
    "title": {
      "text": "<b> Hi-C focused <\/b>",
      "font": {
        "color": "rgba(0,0,0,1)",
        "family": "",
        "size": 15.940224159402243
      },
      "x": 0,
      "xref": "paper"
    },
    "xaxis": {
      "domain": [0, 1],
      "automargin": true,
      "type": "category",
      "autorange": true,
      "range": [0.40000000000000002, 31.600000000000001],
      "tickmode": "auto",
      "ticktext": ["Denovo Assembly", "Quality Checking", "Tested On Human Data", "Tested On Non Human Data", "Error Correction And Polishing", "SNP And Variant Analysis", "Alignment", "Generating Consensus Sequence", "Provide Summary Statistics", "Scaffolding", "Suitable For Single Cell Experiments", "Visualisation", "Analysis Pipelines", "Availablity Of Test Data", "Long Read Overlapping", "Metagenomics", "Taxonomic Classification", "Transcriptomics", "Demultiplexing", "Evaluating Exisiting Methods", "Gap Filling", "Isoform Detection", "Quality Trimming", "Read Quantification", "Base Modification Detection", "Basecalling", "Normalisation", "Quality Filtering", "Simulators", "fast5 File Processing", "polyA Length Estimation"],
      "tickvals": [1, 2, 3, 4, 5, 6, 7, 8, 9, 10, 11, 12, 13, 14, 15, 16, 17, 18, 19, 20, 21, 22, 23, 24, 25, 26, 27, 28, 29, 30, 31],
      "categoryorder": "array",