{
  "data": [
    {
      "orientation": "v",
      "width": [0.9, 0.9, 0.9, 0.9, 0.9, 0.9, 0.9, 0.899999999999999, 0.899999999999999, 0.899999999999999, 0.899999999999999, 0.899999999999999, 0.899999999999999, 0.899999999999999, 0.899999999999999, 0.899999999999999, 0.899999999999999, 0.899999999999999, 0.899999999999999, 0.899999999999999, 0.899999999999999, 0.899999999999999, 0.899999999999999, 0.899999999999999, 0.899999999999999, 0.899999999999999, 0.899999999999999, 0.899999999999999, 0.899999999999999, 0.899999999999999, 0.899999999999999],
      "base": [0, 0, 0, 0, 0, 0, 0, 0, 0, 0, 0, 0, 0, 0, 0, 0, 0, 0, 0, 0, 0, 0, 0, 0, 0, 0, 0, 0, 0, 0, 0],
      "x": ["Error Correction And Polishing", "SNP And Variant Analysis", "Denovo Assembly", "Tested On Non Human Data", "Tested On Human Data", "Alignment", "Transcriptomics", "Availablity Of Test Data", "Generating Consensus Sequence", "Isoform Detection", "Analysis Pipelines", "Quality Checking", "Visualisation", "Metagenomics", "Provide Summary Statistics", "Scaffolding", "Read Quantification", "Gap Filling", "Taxonomic Classification", "Base Modification Detection", "Long Read Overlapping", "Simulators", "Suitable For Single Cell Experiments", "Quality Filtering", "Quality Trimming", "Demultiplexing", "Evaluating Exisiting Methods", "Basecalling", "Normalisation", "fast5 File Processing", "polyA Length Estimation"],
      "y": [0.13953488372093, 0.130232558139535, 0.125581395348837, 0.116279069767442, 0.111627906976744, 0.103875968992248, 0.0945736434108527, 0.0868217054263566, 0.0728682170542636, 0.0589147286821705, 0.0527131782945736, 0.0418604651162791, 0.0387596899224806, 0.0356589147286822, 0.0341085271317829, 0.0294573643410853, 0.027906976744186, 0.0217054263565891, 0.0217054263565891, 0.0186046511627907, 0.0186046511627907, 0.0186046511627907, 0.0170542635658915, 0.0155038759689922, 0.0124031007751938, 0.0108527131782946, 0.00775193798449612, 0.0062015503875969, 0.00310077519379845, 0.00155038759689922, 0],
      "text": ["count: 0.139534884<br />Category: Error Correction And Polishing<br />Prop: 0.139534884<br />Count: 90 <br /> Percent: 14", "count: 0.130232558<br />Category: SNP And Variant Analysis<br />Prop: 0.130232558<br />Count: 84 <br /> Percent: 13", "count: 0.125581395<br />Category: Denovo Assembly<br />Prop: 0.125581395<br />Count: 81 <br /> Percent: 12.6", "count: 0.116279070<br />Category: Tested On Non Human Data<br />Prop: 0.116279070<br />Count: 75 <br /> Percent: 11.6", "count: 0.111627907<br />Category: Tested On Human Data<br />Prop: 0.111627907<br />Count: 72 <br /> Percent: 11.2", "count: 0.103875969<br />Category: Alignment<br />Prop: 0.103875969<br />Count: 67 <br /> Percent: 10.4", "count: 0.094573643<br />Category: Transcriptomics<br />Prop: 0.094573643<br />Count: 61 <br /> Percent: 9.5", "count: 0.086821705<br />Category: Availablity Of Test Data<br />Prop: 0.086821705<br />Count: 56 <br /> Percent: 8.7", "count: 0.072868217<br />Category: Generating Consensus Sequence<br />Prop: 0.072868217<br />Count: 47 <br /> Percent: 7.3", "count: 0.058914729<br />Category: Isoform Detection<br />Prop: 0.058914729<br />Count: 38 <br /> Percent: 5.9", "count: 0.052713178<br />Category: Analysis Pipelines<br />Prop: 0.052713178<br />Count: 34 <br /> Percent: 5.3", "count: 0.041860465<br />Category: Quality Checking<br />Prop: 0.041860465<br />Count: 27 <br /> Percent: 4.2", "count: 0.038759690<br />Category: Visualisation<br />Prop: 0.038759690<br />Count: 25 <br /> Percent: 3.9", "count: 0.035658915<br />Category: Metagenomics<br />Prop: 0.035658915<br />Count: 23 <br /> Percent: 3.6", "count: 0.034108527<br />Category: Provide Summary Statistics<br />Prop: 0.034108527<br />Count: 22 <br /> Percent: 3.4", "count: 0.029457364<br />Category: Scaffolding<br />Prop: 0.029457364<br />Count: 19 <br /> Percent: 2.9", "count: 0.027906977<br />Category: Read Quantification<br />Prop: 0.027906977<br />Count: 18 <br /> Percent: 2.8", "count: 0.021705426<br />Category: Gap Filling<br />Prop: 0.021705426<br />Count: 14 <br /> Percent: 2.2", "count: 0.021705426<br />Category: Taxonomic Classification<br />Prop: 0.021705426<br />Count: 14 <br /> Percent: 2.2", "count: 0.018604651<br />Category: Base Modification Detection<br />Prop: 0.018604651<br />Count: 12 <br /> Percent: 1.9", "count: 0.018604651<br />Category: Long Read Overlapping<br />Prop: 0.018604651<br />Count: 12 <br /> Percent: 1.9", "count: 0.018604651<br />Category: Simulators<br />Prop: 0.018604651<br />Count: 12 <br /> Percent: 1.9", "count: 0.017054264<br />Category: Suitable For Single Cell Experiments<br />Prop: 0.017054264<br />Count: 11 <br /> Percent: 1.7", "count: 0.015503876<br />Category: Quality Filtering<br />Prop: 0.015503876<br />Count: 10 <br /> Percent: 1.6", "count: 0.012403101<br />Category: Quality Trimming<br />Prop: 0.012403101<br />Count: 8 <br /> Percent: 1.2", "count: 0.010852713<br />Category: Demultiplexing<br />Prop: 0.010852713<br />Count: 7 <br /> Percent: 1.1", "count: 0.007751938<br />Category: Evaluating Exisiting Methods<br />Prop: 0.007751938<br />Count: 5 <br /> Percent: 0.8", "count: 0.006201550<br />Category: Basecalling<br />Prop: 0.006201550<br />Count: 4 <br /> Percent: 0.6", "count: 0.003100775<br />Category: Normalisation<br />Prop: 0.003100775<br />Count: 2 <br /> Percent: 0.3", "count: 0.001550388<br />Category: fast5 File Processing<br />Prop: 0.001550388<br />Count: 1 <br /> Percent: 0.2", "count: 0.000000000<br />Category: polyA Length Estimation<br />Prop: 0.000000000<br />Count: 0 <br /> Percent: 0"],
      "type": "bar",
      "textposition": "none",
      "marker": {
        "autocolorscale": false,
        "color": "rgba(159,199,81,1)",
        "line": {
          "width": 1.88976377952756,
          "color": "transparent"
        }
      },
      "showlegend": false,
      "xaxis": "x",
      "yaxis": "y",
      "hoverinfo": "text",
      "frame": null
    }
  ],
  "layout": {
    "margin": {
      "t": 50,
      "r": 40,
      "b": 90,
      "l": 70
    },
    "font": {
      "color": "rgba(0,0,0,1)",
      "family": "",
      "size": 18.5969281859693
    },
    "title": {
      "text": "<b> PacBio focused <\/b>",
      "font": {
        "color": "rgba(0,0,0,1)",
        "family": "",
        "size": 15.9402241594022
      },
      "x": 0,
      "xref": "paper"
    },
    "xaxis": {
      "domain": [0, 1],
      "automargin": true,
      "type": "category",
      "autorange": true,
      "range": [0.4, 31.6],
      "tickmode": "auto",
      "ticktext": ["Error Correction And Polishing", "SNP And Variant Analysis", "Denovo Assembly", "Tested On Non Human Data", "Tested On Human Data", "Alignment", "Transcriptomics", "Availablity Of Test Data", "Generating Consensus Sequence", "Isoform Detection", "Analysis Pipelines", "Quality Checking", "Visualisation", "Metagenomics", "Provide Summary Statistics", "Scaffolding", "Read Quantification", "Gap Filling", "Taxonomic Classification", "Base Modification Detection", "Long Read Overlapping", "Simulators", "Suitable For Single Cell Experiments", "Quality Filtering", "Quality Trimming", "Demultiplexing", "Evaluating Exisiting Methods", "Basecalling", "Normalisation", "fast5 File Processing", "polyA Length Estimation"],
      "tickvals": [1, 2, 3, 4, 5, 6, 7, 8, 9, 10, 11, 12, 13, 14, 15, 16, 17, 18, 19, 20, 21, 22, 23, 24, 25, 26, 27, 28, 29, 30, 31],
      "categoryorder": "array",