{
  "data": [
    {
      "orientation": "v",
      "width": [0.9, 0.9, 0.9, 0.9, 0.9, 0.9, 0.9, 0.899999999999999, 0.899999999999999, 0.899999999999999, 0.899999999999999, 0.899999999999999, 0.899999999999999, 0.899999999999999, 0.899999999999999, 0.899999999999999, 0.899999999999999, 0.899999999999999, 0.899999999999999, 0.899999999999999, 0.899999999999999, 0.899999999999999, 0.899999999999999, 0.899999999999999, 0.899999999999999, 0.899999999999999, 0.899999999999999, 0.899999999999999, 0.899999999999999, 0.899999999999999, 0.899999999999999],
      "base": [0, 0, 0, 0, 0, 0, 0, 0, 0, 0, 0, 0, 0, 0, 0, 0, 0, 0, 0, 0, 0, 0, 0, 0, 0, 0, 0, 0, 0, 0, 0],
      "x": ["Error Correction And Polishing", "Tested On Non Human Data", "Denovo Assembly", "SNP And Variant Analysis", "Analysis Pipelines", "Transcriptomics", "Alignment", "Quality Checking", "Tested On Human Data", "Visualisation", "Provide Summary Statistics", "Basecalling", "Availablity Of Test Data", "Base Modification Detection", "Generating Consensus Sequence", "Isoform Detection", "Metagenomics", "Simulators", "Taxonomic Classification", "Quality Filtering", "Quality Trimming", "fast5 File Processing", "Read Quantification", "Evaluating Exisiting Methods", "Gap Filling", "Long Read Overlapping", "Demultiplexing", "Scaffolding", "Suitable For Single Cell Experiments", "polyA Length Estimation", "Normalisation"],
      "y": [0.155982905982906, 0.123931623931624, 0.121794871794872, 0.117521367521368, 0.104700854700855, 0.102564102564103, 0.10042735042735, 0.094017094017094, 0.094017094017094, 0.094017094017094, 0.0790598290598291, 0.0683760683760684, 0.0662393162393162, 0.0641025641025641, 0.061965811965812, 0.0534188034188034, 0.0534188034188034, 0.0341880341880342, 0.032051282051282, 0.0277777777777778, 0.0277777777777778, 0.0235042735042735, 0.0235042735042735, 0.0213675213675214, 0.0192307692307692, 0.0192307692307692, 0.0170940170940171, 0.0128205128205128, 0.00854700854700855, 0.00641025641025641, 0.00427350427350427],
      "text": ["count: 0.155982906<br />Category: Error Correction And Polishing<br />Prop: 0.155982906<br />Count: 73 <br /> Percent: 15.6", "count: 0.123931624<br />Category: Tested On Non Human Data<br />Prop: 0.123931624<br />Count: 58 <br /> Percent: 12.4", "count: 0.121794872<br />Category: Denovo Assembly<br />Prop: 0.121794872<br />Count: 57 <br /> Percent: 12.2", "count: 0.117521368<br />Category: SNP And Variant Analysis<br />Prop: 0.117521368<br />Count: 55 <br /> Percent: 11.8", "count: 0.104700855<br />Category: Analysis Pipelines<br />Prop: 0.104700855<br />Count: 49 <br /> Percent: 10.5", "count: 0.102564103<br />Category: Transcriptomics<br />Prop: 0.102564103<br />Count: 48 <br /> Percent: 10.3", "count: 0.100427350<br />Category: Alignment<br />Prop: 0.100427350<br />Count: 47 <br /> Percent: 10", "count: 0.094017094<br />Category: Quality Checking<br />Prop: 0.094017094<br />Count: 44 <br /> Percent: 9.4", "count: 0.094017094<br />Category: Tested On Human Data<br />Prop: 0.094017094<br />Count: 44 <br /> Percent: 9.4", "count: 0.094017094<br />Category: Visualisation<br />Prop: 0.094017094<br />Count: 44 <br /> Percent: 9.4", "count: 0.079059829<br />Category: Provide Summary Statistics<br />Prop: 0.079059829<br />Count: 37 <br /> Percent: 7.9", "count: 0.068376068<br />Category: Basecalling<br />Prop: 0.068376068<br />Count: 32 <br /> Percent: 6.8", "count: 0.066239316<br />Category: Availablity Of Test Data<br />Prop: 0.066239316<br />Count: 31 <br /> Percent: 6.6", "count: 0.064102564<br />Category: Base Modification Detection<br />Prop: 0.064102564<br />Count: 30 <br /> Percent: 6.4", "count: 0.061965812<br />Category: Generating Consensus Sequence<br />Prop: 0.061965812<br />Count: 29 <br /> Percent: 6.2", "count: 0.053418803<br />Category: Isoform Detection<br />Prop: 0.053418803<br />Count: 25 <br /> Percent: 5.3", "count: 0.053418803<br />Category: Metagenomics<br />Prop: 0.053418803<br />Count: 25 <br /> Percent: 5.3", "count: 0.034188034<br />Category: Simulators<br />Prop: 0.034188034<br />Count: 16 <br /> Percent: 3.4", "count: 0.032051282<br />Category: Taxonomic Classification<br />Prop: 0.032051282<br />Count: 15 <br /> Percent: 3.2", "count: 0.027777778<br />Category: Quality Filtering<br />Prop: 0.027777778<br />Count: 13 <br /> Percent: 2.8", "count: 0.027777778<br />Category: Quality Trimming<br />Prop: 0.027777778<br />Count: 13 <br /> Percent: 2.8", "count: 0.023504274<br />Category: fast5 File Processing<br />Prop: 0.023504274<br />Count: 11 <br /> Percent: 2.4", "count: 0.023504274<br />Category: Read Quantification<br />Prop: 0.023504274<br />Count: 11 <br /> Percent: 2.4", "count: 0.021367521<br />Category: Evaluating Exisiting Methods<br />Prop: 0.021367521<br />Count: 10 <br /> Percent: 2.1", "count: 0.019230769<br />Category: Gap Filling<br />Prop: 0.019230769<br />Count: 9 <br /> Percent: 1.9", "count: 0.019230769<br />Category: Long Read Overlapping<br />Prop: 0.019230769<br />Count: 9 <br /> Percent: 1.9", "count: 0.017094017<br />Category: Demultiplexing<br />Prop: 0.017094017<br />Count: 8 <br /> Percent: 1.7", "count: 0.012820513<br />Category: Scaffolding<br />Prop: 0.012820513<br />Count: 6 <br /> Percent: 1.3", "count: 0.008547009<br />Category: Suitable For Single Cell Experiments<br />Prop: 0.008547009<br />Count: 4 <br /> Percent: 0.9", "count: 0.006410256<br />Category: polyA Length Estimation<br />Prop: 0.006410256<br />Count: 3 <br /> Percent: 0.6", "count: 0.004273504<br />Category: Normalisation<br />Prop: 0.004273504<br />Count: 2 <br /> Percent: 0.4"],
      "type": "bar",
      "marker": {
        "autocolorscale": false,
        "color": "rgba(159,199,81,1)",
        "line": {
          "width": 1.88976377952756,
          "color": "transparent"
        }
      },
      "showlegend": false,
      "xaxis": "x",
      "yaxis": "y",
      "hoverinfo": "text",
      "frame": null
    }
  ],
  "layout": {
    "margin": {
      "t": 50,
      "r": 40,
      "b": 90,
      "l": 70
    },
    "font": {
      "color": "rgba(0,0,0,1)",
      "family": "",
      "size": 18.5969281859693
    },
    "title": {
      "text": "<b> Oxford Nanopore focused <\/b>",
      "font": {
        "color": "rgba(0,0,0,1)",
        "family": "",
        "size": 15.9402241594022
      },
      "x": 0,
      "xref": "paper"
    },
    "xaxis": {
      "domain": [0, 1],
      "automargin": true,
      "type": "category",
      "autorange": true,
      "range": [0.4, 31.6],
      "tickmode": "auto",
      "ticktext": ["Error Correction And Polishing", "Tested On Non Human Data", "Denovo Assembly", "SNP And Variant Analysis", "Analysis Pipelines", "Transcriptomics", "Alignment", "Quality Checking", "Tested On Human Data", "Visualisation", "Provide Summary Statistics", "Basecalling", "Availablity Of Test Data", "Base Modification Detection", "Generating Consensus Sequence", "Isoform Detection", "Metagenomics", "Simulators", "Taxonomic Classification", "Quality Filtering", "Quality Trimming", "fast5 File Processing", "Read Quantification", "Evaluating Exisiting Methods", "Gap Filling", "Long Read Overlapping", "Demultiplexing", "Scaffolding", "Suitable For Single Cell Experiments", "polyA Length Estimation", "Normalisation"],
      "tickvals": [1, 2, 3, 4, 5, 6, 7, 8, 9, 10, 11, 12, 13, 14, 15, 16, 17, 18, 19, 20, 21, 22, 23, 24, 25, 26, 27, 28, 29, 30, 31],
      "categoryorder": "array",