{
  "data": [
    {
      "orientation": "v",
      "width": [0.9, 0.9, 0.9, 0.9, 0.9, 0.9, 0.9, 0.899999999999999, 0.899999999999999, 0.899999999999999, 0.899999999999999, 0.899999999999999, 0.899999999999999, 0.899999999999999, 0.899999999999999, 0.899999999999999, 0.899999999999999, 0.899999999999999, 0.899999999999999, 0.899999999999999, 0.899999999999999, 0.899999999999999, 0.899999999999999, 0.899999999999999, 0.899999999999999, 0.899999999999999, 0.899999999999999, 0.899999999999999, 0.899999999999999, 0.899999999999999, 0.899999999999999, 0.900000000000002, 0.900000000000006, 0.900000000000006, 0.900000000000006],
      "base": [0, 0, 0, 0, 0, 0, 0, 0, 0, 0, 0, 0, 0, 0, 0, 0, 0, 0, 0, 0, 0, 0, 0, 0, 0, 0, 0, 0, 0, 0, 0, 0, 0, 0, 0],
      "x": [1, 2, 3, 4, 5, 6, 7, 8, 9, 10, 11, 12, 13, 14, 15, 16, 17, 18, 19, 20, 21, 22, 23, 24, 25, 26, 27, 28, 29, 30, 31, 32, 33, 34, 35],
      "y": [0.218543046357616, 0.215894039735099, 0.20794701986755, 0.193377483443709, 0.184105960264901, 0.162913907284768, 0.158940397350993, 0.152317880794702, 0.152317880794702, 0.11523178807947, 0.107284768211921, 0.0980132450331126, 0.0940397350993377, 0.0927152317880795, 0.0900662251655629, 0.0688741721854305, 0.0635761589403974, 0.0463576158940397, 0.0437086092715232, 0.0317880794701987, 0.0317880794701987, 0.0317880794701987, 0.0317880794701987, 0.0304635761589404, 0.0278145695364238, 0.0278145695364238, 0.0251655629139073, 0.023841059602649, 0.0172185430463576, 0.0132450331125828, 0.0119205298013245, 0.00662251655629139, 0.00662251655629139, 0.00529801324503311, 0.00397350993377483],
      "text": ["Category: Tested On Human Data<br />Count: 165 <br /> Percent: 21.9", "Category: Tested On Non Human Data<br />Count: 163 <br /> Percent: 21.6", "Category: SNP And Variant Analysis<br />Count: 157 <br /> Percent: 20.8", "Category: Availablity Of Test Data<br />Count: 146 <br /> Percent: 19.3", "Category: Error Correction And Polishing<br />Count: 139 <br /> Percent: 18.4", "Category: Denovo Assembly<br />Count: 123 <br /> Percent: 16.3", "Category: Transcriptomics<br />Count: 120 <br /> Percent: 15.9", "Category: Alignment<br />Count: 115 <br /> Percent: 15.2", "Category: Analysis Pipelines<br />Count: 115 <br /> Percent: 15.2", "Category: Visualisation<br />Count: 87 <br /> Percent: 11.5", "Category: Generating Consensus Sequence<br />Count: 81 <br /> Percent: 10.7", "Category: Base Modification Detection<br />Count: 74 <br /> Percent: 9.8", "Category: Provide Summary Statistics<br />Count: 71 <br /> Percent: 9.4", "Category: Isoform Detection<br />Count: 70 <br /> Percent: 9.3", "Category: Quality Checking<br />Count: 68 <br /> Percent: 9", "Category: Basecalling<br />Count: 52 <br /> Percent: 6.9", "Category: Metagenomics<br />Count: 48 <br /> Percent: 6.4", "Category: Scaffolding<br />Count: 35 <br /> Percent: 4.6", "Category: Read Quantification<br />Count: 33 <br /> Percent: 4.4", "Category: Demultiplexing<br />Count: 24 <br /> Percent: 3.2", "Category: Quality Filtering<br />Count: 24 <br /> Percent: 3.2", "Category: Quality Trimming<br />Count: 24 <br /> Percent: 3.2", "Category: Simulators<br />Count: 24 <br /> Percent: 3.2", "Category: Taxonomic Classification<br />Count: 23 <br /> Percent: 3", "Category: Long Read Overlapping<br />Count: 21 <br /> Percent: 2.8", "Category: fast5 File Processing<br />Count: 21 <br /> Percent: 2.8", "Category: Gap Filling<br />Count: 19 <br /> Percent: 2.5", "Category: Suitable For Single Cell Experiments<br />Count: 18 <br /> Percent: 2.4", "Category: Evaluating Exisiting Methods<br />Count: 13 <br /> Percent: 1.7", "Category: RNAStructure<br />Count: 10 <br /> Percent: 1.3", "Category: polyA Length Estimation<br />Count: 9 <br /> Percent: 1.2", "Category: Data Structures<br />Count: 5 <br /> Percent: 0.7", "Category: Fusion Detection<br />Count: 5 <br /> Percent: 0.7", "Category: Normalisation<br />Count: 4 <br /> Percent: 0.5", "Category: Coexpression Analysis<br />Count: 3 <br /> Percent: 0.4"],
      "type": "bar",
      "textposition": "none",
      "marker": {
        "autocolorscale": false,
        "color": "rgba(89,115,37,1)",
        "line": {
          "width": 1.88976377952756,
          "color": "transparent"
        }
      },
      "showlegend": false,
      "xaxis": "x",
      "yaxis": "y",
      "hoverinfo": "text",
      "frame": null
    }
  ],
  "layout": {
    "margin": {
      "t": 50,
      "r": 10,
      "b": 200,
      "l": 80
    },
    "font": {
      "color": "rgba(0,0,0,1)",
      "family": "",
      "size": 18.5969281859693
    },
    "title": {
      "text": "<b> Categories <\/b>",
      "font": {
        "color": "rgba(0,0,0,1)",
        "family": "",
        "size": 26.5670402656704
      },
      "x": 0,
      "xref": "paper"
    },
    "xaxis": {
      "domain": [0, 1],
      "automargin": true,
      "type": "linear",
      "autorange": false,
      "range": [0.4, 35.6],
      "tickmode": "array",
      "ticktext": ["Tested On Human Data", "Tested On Non Human Data", "SNP And Variant Analysis", "Availablity Of Test Data", "Error Correction And Polishing", "Denovo Assembly", "Transcriptomics", "Alignment", "Analysis Pipelines", "Visualisation", "Generating Consensus Sequence", "Base Modification Detection", "Provide Summary Statistics", "Isoform Detection", "Quality Checking", "Basecalling", "Metagenomics", "Scaffolding", "Read Quantification", "Demultiplexing", "Quality Filtering", "Quality Trimming", "Simulators", "Taxonomic Classification", "Long Read Overlapping", "fast5 File Processing", "Gap Filling", "Suitable For Single Cell Experiments", "Evaluating Exisiting Methods", "RNAStructure", "polyA Length Estimation", "Data Structures", "Fusion Detection", "Normalisation", "Coexpression Analysis"],
      "tickvals": [1, 2, 3, 4, 5, 6, 7, 8, 9, 10, 11, 12, 13, 14, 15, 16, 17, 18, 19, 20, 21, 22, 23, 24, 25, 26, 27, 28, 29, 30, 31, 32, 33, 34, 35],
      "categoryorder": "array",
      "categoryarray": ["Tested On Human Data", "Tested On Non Human Data", "SNP And Variant Analysis", "Availablity Of Test Data", "Error Correction And Polishing", "Denovo Assembly", "Transcriptomics", "Alignment", "Analysis Pipelines", "Visualisation", "Generating Consensus Sequence", "Base Modification Detection", "Provide Summary Statistics", "Isoform Detection", "Quality Checking", "Basecalling", "Metagenomics", "Scaffolding", "Read Quantification", "Demultiplexing", "Quality Filtering", "Quality Trimming", "Simulators", "Taxonomic Classification", "Long Read Overlapping", "fast5 File Processing", "Gap Filling", "Suitable For Single Cell Experiments", "Evaluating Exisiting Methods", "RNAStructure", "polyA Length Estimation", "Data Structures", "Fusion Detection", "Normalisation", "Coexpression Analysis"],
      "nticks": null,
      "ticks": "outside",
      "tickcolor": "rgba(0,0,0,1)",
      "ticklen": 4.64923204649232,
      "tickwidth": 0.66417600664176,
      "showticklabels": true,
      "tickfont": {
        "color": "rgba(0,0,0,1)",
        "family": "",
        "size": 10.6268161062682
      },
      "tickangle": -60,
      "showline": true,
      "linecolor": "rgba(0,0,0,1)",
      "linewidth": 0.66417600664176,
      "showgrid": false,
      "gridcolor": null,
      "gridwidth": 0,
      "zeroline": false,
      "anchor": "y",
      "title": {
        "text": "",
        "font": {
          "color": null,
          "family": null,
          "size": 0
        }
      },
      "hoverformat": ".2f"
    },
    "yaxis": {
      "domain": [0, 1],
      "automargin": true,
      "type": "linear",
      "autorange": false,
      "range": [-0.0109271523178808, 0.229470198675497],
      "tickmode": "array",
      "ticktext": ["0%", "5%", "10%", "15%", "20%"],
      "tickvals": [0, 0.05, 0.1, 0.15, 0.2],
      "categoryorder": "array",
      "categoryarray": ["0%", "5%", "10%", "15%", "20%"],
      "nticks": null,
      "ticks": "outside",
      "tickcolor": "rgba(0,0,0,1)",