{
  "data": [
    {
      "orientation": "v",
      "width": [0.89999999999999991, 0.90000000000000013, 0.90000000000000036, 0.90000000000000036, 0.90000000000000036, 0.90000000000000036, 0.90000000000000036, 0.89999999999999947, 0.89999999999999858, 0.89999999999999858, 0.89999999999999858, 0.89999999999999858, 0.89999999999999858, 0.89999999999999858, 0.89999999999999858, 0.89999999999999858, 0.89999999999999858, 0.89999999999999858, 0.89999999999999858, 0.89999999999999858, 0.89999999999999858, 0.89999999999999858, 0.89999999999999858, 0.89999999999999858, 0.89999999999999858, 0.89999999999999858, 0.89999999999999858, 0.89999999999999858, 0.89999999999999858, 0.89999999999999858, 0.89999999999999858],
      "base": [0, 0, 0, 0, 0, 0, 0, 0, 0, 0, 0, 0, 0, 0, 0, 0, 0, 0, 0, 0, 0, 0, 0, 0, 0, 0, 0, 0, 0, 0, 0],
      "x": ["Availablity Of Test Data", "Tested On Human Data", "SNP And Variant Analysis", "Analysis Pipelines", "Tested On Non Human Data", "Error Correction And Polishing", "Denovo Assembly", "Transcriptomics", "Alignment", "Generating Consensus Sequence", "Isoform Detection", "Visualisation", "Quality Checking", "Metagenomics", "Read Quantification", "Provide Summary Statistics", "Suitable For Single Cell Experiments", "Base Modification Detection", "Scaffolding", "Long Read Overlapping", "Taxonomic Classification", "Gap Filling", "Simulators", "Quality Filtering", "Quality Trimming", "Demultiplexing", "Evaluating Exisiting Methods", "polyA Length Estimation", "Basecalling", "Normalisation", "fast5 File Processing"],
      "y": [0.17511961722488037, 0.16937799043062202, 0.16267942583732056, 0.13492822966507176, 0.1320574162679426, 0.11387559808612441, 0.11196172248803828, 0.11100478468899522, 0.094736842105263161, 0.073684210526315783, 0.072727272727272724, 0.053588516746411484, 0.039234449760765552, 0.034449760765550237, 0.033492822966507178, 0.031578947368421054, 0.029665071770334929, 0.026794258373205742, 0.026794258373205742, 0.021052631578947368, 0.018181818181818181, 0.017224880382775119, 0.014354066985645933, 0.012440191387559809, 0.012440191387559809, 0.0086124401913875593, 0.0076555023923444978, 0.0057416267942583732, 0.0038277511961722489, 0.0038277511961722489, 0.00095693779904306223],
      "text": ["count: 0.1751196172<br />Category: Availablity Of Test Data<br />Prop: 0.1751196172<br />Count: 183 <br /> Percent: 17.5", "count: 0.1693779904<br />Category: Tested On Human Data<br />Prop: 0.1693779904<br />Count: 177 <br /> Percent: 16.9", "count: 0.1626794258<br />Category: SNP And Variant Analysis<br />Prop: 0.1626794258<br />Count: 170 <br /> Percent: 16.3", "count: 0.1349282297<br />Category: Analysis Pipelines<br />Prop: 0.1349282297<br />Count: 141 <br /> Percent: 13.5", "count: 0.1320574163<br />Category: Tested On Non Human Data<br />Prop: 0.1320574163<br />Count: 138 <br /> Percent: 13.2", "count: 0.1138755981<br />Category: Error Correction And Polishing<br />Prop: 0.1138755981<br />Count: 119 <br /> Percent: 11.4", "count: 0.1119617225<br />Category: Denovo Assembly<br />Prop: 0.1119617225<br />Count: 117 <br /> Percent: 11.2", "count: 0.1110047847<br />Category: Transcriptomics<br />Prop: 0.1110047847<br />Count: 116 <br /> Percent: 11.1", "count: 0.0947368421<br />Category: Alignment<br />Prop: 0.0947368421<br />Count: 99 <br /> Percent: 9.5", "count: 0.0736842105<br />Category: Generating Consensus Sequence<br />Prop: 0.0736842105<br />Count: 77 <br /> Percent: 7.4", "count: 0.0727272727<br />Category: Isoform Detection<br />Prop: 0.0727272727<br />Count: 76 <br /> Percent: 7.3", "count: 0.0535885167<br />Category: Visualisation<br />Prop: 0.0535885167<br />Count: 56 <br /> Percent: 5.4", "count: 0.0392344498<br />Category: Quality Checking<br />Prop: 0.0392344498<br />Count: 41 <br /> Percent: 3.9", "count: 0.0344497608<br />Category: Metagenomics<br />Prop: 0.0344497608<br />Count: 36 <br /> Percent: 3.4", "count: 0.0334928230<br />Category: Read Quantification<br />Prop: 0.0334928230<br />Count: 35 <br /> Percent: 3.3", "count: 0.0315789474<br />Category: Provide Summary Statistics<br />Prop: 0.0315789474<br />Count: 33 <br /> Percent: 3.2", "count: 0.0296650718<br />Category: Suitable For Single Cell Experiments<br />Prop: 0.0296650718<br />Count: 31 <br /> Percent: 3", "count: 0.0267942584<br />Category: Base Modification Detection<br />Prop: 0.0267942584<br />Count: 28 <br /> Percent: 2.7", "count: 0.0267942584<br />Category: Scaffolding<br />Prop: 0.0267942584<br />Count: 28 <br /> Percent: 2.7", "count: 0.0210526316<br />Category: Long Read Overlapping<br />Prop: 0.0210526316<br />Count: 22 <br /> Percent: 2.1", "count: 0.0181818182<br />Category: Taxonomic Classification<br />Prop: 0.0181818182<br />Count: 19 <br /> Percent: 1.8", "count: 0.0172248804<br />Category: Gap Filling<br />Prop: 0.0172248804<br />Count: 18 <br /> Percent: 1.7", "count: 0.0143540670<br />Category: Simulators<br />Prop: 0.0143540670<br />Count: 15 <br /> Percent: 1.4", "count: 0.0124401914<br />Category: Quality Filtering<br />Prop: 0.0124401914<br />Count: 13 <br /> Percent: 1.2", "count: 0.0124401914<br />Category: Quality Trimming<br />Prop: 0.0124401914<br />Count: 13 <br /> Percent: 1.2", "count: 0.0086124402<br />Category: Demultiplexing<br />Prop: 0.0086124402<br />Count: 9 <br /> Percent: 0.9", "count: 0.0076555024<br />Category: Evaluating Exisiting Methods<br />Prop: 0.0076555024<br />Count: 8 <br /> Percent: 0.8", "count: 0.0057416268<br />Category: polyA Length Estimation<br />Prop: 0.0057416268<br />Count: 6 <br /> Percent: 0.6", "count: 0.0038277512<br />Category: Basecalling<br />Prop: 0.0038277512<br />Count: 4 <br /> Percent: 0.4", "count: 0.0038277512<br />Category: Normalisation<br />Prop: 0.0038277512<br />Count: 4 <br /> Percent: 0.4", "count: 0.0009569378<br />Category: fast5 File Processing<br />Prop: 0.0009569378<br />Count: 1 <br /> Percent: 0.1"],
      "type": "bar",
      "textposition": "none",
      "marker": {
        "autocolorscale": false,
        "color": "rgba(159,199,81,1)",
        "line": {
          "width": 1.8897637795275593,
          "color": "transparent"
        }
      },
      "showlegend": false,
      "xaxis": "x",
      "yaxis": "y",
      "hoverinfo": "text",
      "frame": null
    }
  ],
  "layout": {
    "margin": {
      "t": 50,
      "r": 40,
      "b": 90,
      "l": 70
    },
    "font": {
      "color": "rgba(0,0,0,1)",
      "family": "",
      "size": 18.596928185969279
    },
    "title": {
      "text": "<b> PacBio focused <\/b>",
      "font": {
        "color": "rgba(0,0,0,1)",
        "family": "",
        "size": 15.940224159402243
      },
      "x": 0,
      "xref": "paper"
    },
    "xaxis": {
      "domain": [0, 1],
      "automargin": true,
      "type": "category",
      "autorange": true,
      "range": [0.40000000000000002, 31.600000000000001],
      "tickmode": "auto",
      "ticktext": ["Availablity Of Test Data", "Tested On Human Data", "SNP And Variant Analysis", "Analysis Pipelines", "Tested On Non Human Data", "Error Correction And Polishing", "Denovo Assembly", "Transcriptomics", "Alignment", "Generating Consensus Sequence", "Isoform Detection", "Visualisation", "Quality Checking", "Metagenomics", "Read Quantification", "Provide Summary Statistics", "Suitable For Single Cell Experiments", "Base Modification Detection", "Scaffolding", "Long Read Overlapping", "Taxonomic Classification", "Gap Filling", "Simulators", "Quality Filtering", "Quality Trimming", "Demultiplexing", "Evaluating Exisiting Methods", "polyA Length Estimation", "Basecalling", "Normalisation", "fast5 File Processing"],
      "tickvals": [1, 2, 3, 4, 5, 6, 7, 8, 9, 10, 11, 12, 13, 14, 15, 16, 17, 18, 19, 20, 21, 22, 23, 24, 25, 26, 27, 28, 29, 30, 31],
      "categoryorder": "array",