{
  "data": [
    {
      "orientation": "v",
      "width": [0.89999999999999991, 0.90000000000000013, 0.90000000000000036, 0.90000000000000036, 0.90000000000000036, 0.90000000000000036, 0.90000000000000036, 0.89999999999999947, 0.89999999999999858, 0.89999999999999858, 0.89999999999999858, 0.89999999999999858, 0.89999999999999858, 0.89999999999999858, 0.89999999999999858, 0.89999999999999858, 0.89999999999999858, 0.89999999999999858, 0.89999999999999858, 0.89999999999999858, 0.89999999999999858, 0.89999999999999858, 0.89999999999999858, 0.89999999999999858, 0.89999999999999858, 0.89999999999999858, 0.89999999999999858, 0.89999999999999858, 0.89999999999999858, 0.89999999999999858, 0.89999999999999858],
      "base": [0, 0, 0, 0, 0, 0, 0, 0, 0, 0, 0, 0, 0, 0, 0, 0, 0, 0, 0, 0, 0, 0, 0, 0, 0, 0, 0, 0, 0, 0, 0],
      "x": ["Tested On Human Data", "Availability Of Test Data", "Analysis Pipelines", "Tested On Non Human Data", "SNP And Variant Analysis", "Transcriptomics", "Alignment", "Error Correction And Polishing", "Denovo Assembly", "Base Modification Detection", "Visualisation", "Isoform Detection", "Provide Summary Statistics", "Generating Consensus Sequence", "Quality Checking", "Metagenomics", "Basecalling", "Read Quantification", "Suitable For Single Cell Experiments", "fast5 File Processing", "Taxonomic Classification", "Demultiplexing", "Quality Filtering", "Scaffolding", "Simulators", "Long Read Overlapping", "Quality Trimming", "Gap Filling", "Evaluating Existing Methods", "Normalisation", "polyA Length Estimation"],
      "y": [0.25361010830324909, 0.25090252707581229, 0.21389891696750901, 0.2003610108303249, 0.18953068592057762, 0.17148014440433212, 0.13718411552346571, 0.12184115523465704, 0.11371841155234658, 0.11281588447653429, 0.1092057761732852, 0.087545126353790609, 0.077617328519855602, 0.075812274368231042, 0.075812274368231042, 0.064981949458483748, 0.062274368231046928, 0.054151624548736461, 0.042418772563176894, 0.032490974729241874, 0.031588447653429601, 0.029783393501805054, 0.026173285198555957, 0.026173285198555957, 0.026173285198555957, 0.024368231046931407, 0.021660649819494584, 0.01895306859205776, 0.01444043321299639, 0.0090252707581227436, 0.0081227436823104685],
      "text": ["count: 0.253610108<br />Category: Tested On Human Data<br />Prop: 0.253610108<br />Count: 281 <br /> Percent: 25.4", "count: 0.250902527<br />Category: Availability Of Test Data<br />Prop: 0.250902527<br />Count: 278 <br /> Percent: 25.1", "count: 0.213898917<br />Category: Analysis Pipelines<br />Prop: 0.213898917<br />Count: 237 <br /> Percent: 21.4", "count: 0.200361011<br />Category: Tested On Non Human Data<br />Prop: 0.200361011<br />Count: 222 <br /> Percent: 20", "count: 0.189530686<br />Category: SNP And Variant Analysis<br />Prop: 0.189530686<br />Count: 210 <br /> Percent: 19", "count: 0.171480144<br />Category: Transcriptomics<br />Prop: 0.171480144<br />Count: 190 <br /> Percent: 17.1", "count: 0.137184116<br />Category: Alignment<br />Prop: 0.137184116<br />Count: 152 <br /> Percent: 13.7", "count: 0.121841155<br />Category: Error Correction And Polishing<br />Prop: 0.121841155<br />Count: 135 <br /> Percent: 12.2", "count: 0.113718412<br />Category: Denovo Assembly<br />Prop: 0.113718412<br />Count: 126 <br /> Percent: 11.4", "count: 0.112815884<br />Category: Base Modification Detection<br />Prop: 0.112815884<br />Count: 125 <br /> Percent: 11.3", "count: 0.109205776<br />Category: Visualisation<br />Prop: 0.109205776<br />Count: 121 <br /> Percent: 10.9", "count: 0.087545126<br />Category: Isoform Detection<br />Prop: 0.087545126<br />Count: 97 <br /> Percent: 8.8", "count: 0.077617329<br />Category: Provide Summary Statistics<br />Prop: 0.077617329<br />Count: 86 <br /> Percent: 7.8", "count: 0.075812274<br />Category: Generating Consensus Sequence<br />Prop: 0.075812274<br />Count: 84 <br /> Percent: 7.6", "count: 0.075812274<br />Category: Quality Checking<br />Prop: 0.075812274<br />Count: 84 <br /> Percent: 7.6", "count: 0.064981949<br />Category: Metagenomics<br />Prop: 0.064981949<br />Count: 72 <br /> Percent: 6.5", "count: 0.062274368<br />Category: Basecalling<br />Prop: 0.062274368<br />Count: 69 <br /> Percent: 6.2", "count: 0.054151625<br />Category: Read Quantification<br />Prop: 0.054151625<br />Count: 60 <br /> Percent: 5.4", "count: 0.042418773<br />Category: Suitable For Single Cell Experiments<br />Prop: 0.042418773<br />Count: 47 <br /> Percent: 4.2", "count: 0.032490975<br />Category: fast5 File Processing<br />Prop: 0.032490975<br />Count: 36 <br /> Percent: 3.2", "count: 0.031588448<br />Category: Taxonomic Classification<br />Prop: 0.031588448<br />Count: 35 <br /> Percent: 3.2", "count: 0.029783394<br />Category: Demultiplexing<br />Prop: 0.029783394<br />Count: 33 <br /> Percent: 3", "count: 0.026173285<br />Category: Quality Filtering<br />Prop: 0.026173285<br />Count: 29 <br /> Percent: 2.6", "count: 0.026173285<br />Category: Scaffolding<br />Prop: 0.026173285<br />Count: 29 <br /> Percent: 2.6", "count: 0.026173285<br />Category: Simulators<br />Prop: 0.026173285<br />Count: 29 <br /> Percent: 2.6", "count: 0.024368231<br />Category: Long Read Overlapping<br />Prop: 0.024368231<br />Count: 27 <br /> Percent: 2.4", "count: 0.021660650<br />Category: Quality Trimming<br />Prop: 0.021660650<br />Count: 24 <br /> Percent: 2.2", "count: 0.018953069<br />Category: Gap Filling<br />Prop: 0.018953069<br />Count: 21 <br /> Percent: 1.9", "count: 0.014440433<br />Category: Evaluating Existing Methods<br />Prop: 0.014440433<br />Count: 16 <br /> Percent: 1.4", "count: 0.009025271<br />Category: Normalisation<br />Prop: 0.009025271<br />Count: 10 <br /> Percent: 0.9", "count: 0.008122744<br />Category: polyA Length Estimation<br />Prop: 0.008122744<br />Count: 9 <br /> Percent: 0.8"],
      "type": "bar",
      "textposition": "none",
      "marker": {
        "autocolorscale": false,
        "color": "rgba(159,199,81,1)",
        "line": {
          "width": 1.8897637795275593,
          "color": "transparent"
        }
      },
      "showlegend": false,
      "xaxis": "x",
      "yaxis": "y",
      "hoverinfo": "text",
      "frame": null
    }
  ],
  "layout": {
    "margin": {
      "t": 50,
      "r": 40,
      "b": 90,
      "l": 70
    },
    "font": {
      "color": "rgba(0,0,0,1)",
      "family": "",
      "size": 18.596928185969279
    },
    "title": {
      "text": "<b> Oxford Nanopore focused <\/b>",
      "font": {
        "color": "rgba(0,0,0,1)",
        "family": "",
        "size": 15.940224159402243
      },
      "x": 0,
      "xref": "paper"
    },
    "xaxis": {
      "domain": [0, 1],
      "automargin": true,
      "type": "category",
      "autorange": true,
      "range": [0.40000000000000002, 31.600000000000001],
      "tickmode": "auto",
      "ticktext": ["Tested On Human Data", "Availability Of Test Data", "Analysis Pipelines", "Tested On Non Human Data", "SNP And Variant Analysis", "Transcriptomics", "Alignment", "Error Correction And Polishing", "Denovo Assembly", "Base Modification Detection", "Visualisation", "Isoform Detection", "Provide Summary Statistics", "Generating Consensus Sequence", "Quality Checking", "Metagenomics", "Basecalling", "Read Quantification", "Suitable For Single Cell Experiments", "fast5 File Processing", "Taxonomic Classification", "Demultiplexing", "Quality Filtering", "Scaffolding", "Simulators", "Long Read Overlapping", "Quality Trimming", "Gap Filling", "Evaluating Existing Methods", "Normalisation", "polyA Length Estimation"],
      "tickvals": [1, 2, 3, 4, 5, 6, 7, 8, 9, 10, 11, 12, 13, 14, 15, 16, 17, 18, 19, 20, 21, 22, 23, 24, 25, 26, 27, 28, 29, 30, 31],
      "categoryorder": "array",