{
  "data": [
    {
      "orientation": "v",
      "width": [0.9, 0.9, 0.9, 0.9, 0.9, 0.9, 0.9, 0.899999999999999, 0.899999999999999, 0.899999999999999, 0.899999999999999, 0.899999999999999, 0.899999999999999, 0.899999999999999, 0.899999999999999, 0.899999999999999, 0.899999999999999, 0.899999999999999, 0.899999999999999, 0.899999999999999, 0.899999999999999, 0.899999999999999, 0.899999999999999, 0.899999999999999, 0.899999999999999, 0.899999999999999, 0.899999999999999, 0.899999999999999, 0.899999999999999, 0.899999999999999, 0.899999999999999, 0.900000000000002],
      "base": [0, 0, 0, 0, 0, 0, 0, 0, 0, 0, 0, 0, 0, 0, 0, 0, 0, 0, 0, 0, 0, 0, 0, 0, 0, 0, 0, 0, 0, 0, 0, 0],
      "x": [1, 2, 3, 4, 5, 6, 7, 8, 9, 10, 11, 12, 13, 14, 15, 16, 17, 18, 19, 20, 21, 22, 23, 24, 25, 26, 27, 28, 29, 30, 31, 32],
      "y": [0.207739307535642, 0.173116089613035, 0.160896130346232, 0.15071283095723, 0.132382892057026, 0.124236252545825, 0.120162932790224, 0.116089613034623, 0.103869653767821, 0.09979633401222, 0.0977596741344195, 0.0916496945010183, 0.0794297352342159, 0.0773930753564155, 0.0773930753564155, 0.0773930753564155, 0.0610997963340122, 0.0427698574338086, 0.0386965376782077, 0.0366598778004073, 0.0346232179226069, 0.0325865580448065, 0.0264765784114053, 0.0244399185336049, 0.0244399185336049, 0.0224032586558045, 0.0224032586558045, 0.0203665987780041, 0.0122199592668024, 0.010183299389002, 0.00610997963340122, 0.00407331975560081],
      "text": ["Category: Error Correction And Polishing<br />Count: 102 <br /> Percent: 20.8", "Category: Denovo Assembly<br />Count: 85 <br /> Percent: 17.3", "Category: SNP And Variant Analysis<br />Count: 79 <br /> Percent: 16.1", "Category: Tested On Non Human Data<br />Count: 74 <br /> Percent: 15.1", "Category: Transcriptomics<br />Count: 65 <br /> Percent: 13.2", "Category: Alignment<br />Count: 61 <br /> Percent: 12.4", "Category: Analysis Pipelines<br />Count: 59 <br /> Percent: 12", "Category: Tested On Human Data<br />Count: 57 <br /> Percent: 11.6", "Category: Visualisation<br />Count: 51 <br /> Percent: 10.4", "Category: Quality Checking<br />Count: 49 <br /> Percent: 10", "Category: Generating Consensus Sequence<br />Count: 48 <br /> Percent: 9.8", "Category: Provide Summary Statistics<br />Count: 45 <br /> Percent: 9.2", "Category: Base Modification Detection<br />Count: 39 <br /> Percent: 7.9", "Category: Availablity Of Test Data<br />Count: 38 <br /> Percent: 7.7", "Category: Basecalling<br />Count: 38 <br /> Percent: 7.7", "Category: Isoform Detection<br />Count: 38 <br /> Percent: 7.7", "Category: Metagenomics<br />Count: 30 <br /> Percent: 6.1", "Category: Simulators<br />Count: 21 <br /> Percent: 4.3", "Category: Quality Trimming<br />Count: 19 <br /> Percent: 3.9", "Category: Taxonomic Classification<br />Count: 18 <br /> Percent: 3.7", "Category: Scaffolding<br />Count: 17 <br /> Percent: 3.5", "Category: Quality Filtering<br />Count: 16 <br /> Percent: 3.3", "Category: Long Read Overlapping<br />Count: 13 <br /> Percent: 2.6", "Category: Gap Filling<br />Count: 12 <br /> Percent: 2.4", "Category: Read Quantification<br />Count: 12 <br /> Percent: 2.4", "Category: Demultiplexing<br />Count: 11 <br /> Percent: 2.2", "Category: fast5 File Processing<br />Count: 11 <br /> Percent: 2.2", "Category: Evaluating Exisiting Methods<br />Count: 10 <br /> Percent: 2", "Category: Suitable For Single Cell Experiments<br />Count: 6 <br /> Percent: 1.2", "Category: RNAStructure<br />Count: 5 <br /> Percent: 1", "Category: polyA Length Estimation<br />Count: 3 <br /> Percent: 0.6", "Category: Normalisation<br />Count: 2 <br /> Percent: 0.4"],
      "type": "bar",
      "marker": {
        "autocolorscale": false,
        "color": "rgba(89,115,37,1)",
        "line": {
          "width": 1.88976377952756,
          "color": "transparent"
        }
      },
      "showlegend": false,
      "xaxis": "x",
      "yaxis": "y",
      "hoverinfo": "text",
      "frame": null
    }
  ],
  "layout": {
    "margin": {
      "t": 50,
      "r": 10,
      "b": 200,
      "l": 80
    },
    "font": {
      "color": "rgba(0,0,0,1)",
      "family": "",
      "size": 18.5969281859693
    },
    "title": {
      "text": "<b> Categories <\/b>",
      "font": {
        "color": "rgba(0,0,0,1)",
        "family": "",
        "size": 26.5670402656704
      },
      "x": 0,
      "xref": "paper"
    },
    "xaxis": {
      "domain": [0, 1],
      "automargin": true,
      "type": "linear",
      "autorange": false,
      "range": [0.4, 32.6],
      "tickmode": "array",
      "ticktext": ["Error Correction And Polishing", "Denovo Assembly", "SNP And Variant Analysis", "Tested On Non Human Data", "Transcriptomics", "Alignment", "Analysis Pipelines", "Tested On Human Data", "Visualisation", "Quality Checking", "Generating Consensus Sequence", "Provide Summary Statistics", "Base Modification Detection", "Availablity Of Test Data", "Basecalling", "Isoform Detection", "Metagenomics", "Simulators", "Quality Trimming", "Taxonomic Classification", "Scaffolding", "Quality Filtering", "Long Read Overlapping", "Gap Filling", "Read Quantification", "Demultiplexing", "fast5 File Processing", "Evaluating Exisiting Methods", "Suitable For Single Cell Experiments", "RNAStructure", "polyA Length Estimation", "Normalisation"],
      "tickvals": [1, 2, 3, 4, 5, 6, 7, 8, 9, 10, 11, 12, 13, 14, 15, 16, 17, 18, 19, 20, 21, 22, 23, 24, 25, 26, 27, 28, 29, 30, 31, 32],
      "categoryorder": "array",
      "categoryarray": ["Error Correction And Polishing", "Denovo Assembly", "SNP And Variant Analysis", "Tested On Non Human Data", "Transcriptomics", "Alignment", "Analysis Pipelines", "Tested On Human Data", "Visualisation", "Quality Checking", "Generating Consensus Sequence", "Provide Summary Statistics", "Base Modification Detection", "Availablity Of Test Data", "Basecalling", "Isoform Detection", "Metagenomics", "Simulators", "Quality Trimming", "Taxonomic Classification", "Scaffolding", "Quality Filtering", "Long Read Overlapping", "Gap Filling", "Read Quantification", "Demultiplexing", "fast5 File Processing", "Evaluating Exisiting Methods", "Suitable For Single Cell Experiments", "RNAStructure", "polyA Length Estimation", "Normalisation"],
      "nticks": null,
      "ticks": "outside",
      "tickcolor": "rgba(0,0,0,1)",
      "ticklen": 4.64923204649232,
      "tickwidth": 0.66417600664176,
      "showticklabels": true,
      "tickfont": {
        "color": "rgba(0,0,0,1)",
        "family": "",
        "size": 10.6268161062682
      },
      "tickangle": -60,
      "showline": true,
      "linecolor": "rgba(0,0,0,1)",
      "linewidth": 0.66417600664176,
      "showgrid": false,
      "gridcolor": null,
      "gridwidth": 0,
      "zeroline": false,
      "anchor": "y",
      "title": {
        "text": "",
        "font": {
          "color": null,
          "family": null,
          "size": 0
        }
      },
      "hoverformat": ".2f"
    },
    "yaxis": {
      "domain": [0, 1],
      "automargin": true,
      "type": "linear",
      "autorange": false,
      "range": [-0.0103869653767821, 0.218126272912424],
      "tickmode": "array",
      "ticktext": ["0.0%", "5.0%", "10.0%", "15.0%", "20.0%"],
      "tickvals": [0, 0.05, 0.1, 0.15, 0.2],
      "categoryorder": "array",
      "categoryarray": ["0.0%", "5.0%", "10.0%", "15.0%", "20.0%"],
      "nticks": null,
      "ticks": "outside",
      "tickcolor": "rgba(0,0,0,1)",
      "ticklen": 4.64923204649232,
      "tickwidth": 0.66417600664176,
      "showticklabels": true,
      "tickfont": {
        "color": "rgba(0,0,0,1)",
        "family": "",
        "size": 13.2835201328352
      },
      "tickangle": -0,
      "showline": true,
      "linecolor": "rgba(0,0,0,1)",
      "linewidth": 0.66417600664176,
      "showgrid": false,
      "gridcolor": null,
      "gridwidth": 0,
      "zeroline": false,
      "anchor": "x",
      "title": {
        "text": "Percentage of tools",