{
  "data": [
    {
      "orientation": "v",
      "width": [0.9, 0.9, 0.9, 0.9, 0.9, 0.9, 0.9, 0.899999999999999, 0.899999999999999, 0.899999999999999, 0.899999999999999, 0.899999999999999, 0.899999999999999, 0.899999999999999, 0.899999999999999, 0.899999999999999, 0.899999999999999, 0.899999999999999, 0.899999999999999, 0.899999999999999, 0.899999999999999, 0.899999999999999, 0.899999999999999, 0.899999999999999, 0.899999999999999, 0.899999999999999, 0.899999999999999, 0.899999999999999, 0.899999999999999, 0.899999999999999, 0.899999999999999],
      "base": [0, 0, 0, 0, 0, 0, 0, 0, 0, 0, 0, 0, 0, 0, 0, 0, 0, 0, 0, 0, 0, 0, 0, 0, 0, 0, 0, 0, 0, 0, 0],
      "x": ["Error Correction And Polishing", "Denovo Assembly", "SNP And Variant Analysis", "Tested On Non Human Data", "Alignment", "Transcriptomics", "Generating Consensus Sequence", "Tested On Human Data", "Availablity Of Test Data", "Isoform Detection", "Analysis Pipelines", "Quality Checking", "Visualisation", "Provide Summary Statistics", "Metagenomics", "Simulators", "Taxonomic Classification", "Quality Filtering", "Gap Filling", "Long Read Overlapping", "Quality Trimming", "Scaffolding", "Base Modification Detection", "Read Quantification", "Evaluating Exisiting Methods", "Suitable For Single Cell Experiments", "Basecalling", "Demultiplexing", "fast5 File Processing", "Normalisation", "polyA Length Estimation"],
      "y": [0.148401826484018, 0.125570776255708, 0.105022831050228, 0.0936073059360731, 0.0799086757990868, 0.0776255707762557, 0.0707762557077626, 0.0639269406392694, 0.0593607305936073, 0.0570776255707763, 0.045662100456621, 0.045662100456621, 0.0365296803652968, 0.0342465753424658, 0.0296803652968037, 0.0273972602739726, 0.0251141552511416, 0.0205479452054795, 0.0182648401826484, 0.0182648401826484, 0.0182648401826484, 0.0182648401826484, 0.0159817351598174, 0.0136986301369863, 0.0114155251141553, 0.0091324200913242, 0.00684931506849315, 0.0045662100456621, 0.00228310502283105, 0.00228310502283105, 0],
      "text": ["count: 0.148401826<br />Category: Error Correction And Polishing<br />Prop: 0.148401826<br />Count: 65 <br /> Percent: 14.8", "count: 0.125570776<br />Category: Denovo Assembly<br />Prop: 0.125570776<br />Count: 55 <br /> Percent: 12.6", "count: 0.105022831<br />Category: SNP And Variant Analysis<br />Prop: 0.105022831<br />Count: 46 <br /> Percent: 10.5", "count: 0.093607306<br />Category: Tested On Non Human Data<br />Prop: 0.093607306<br />Count: 41 <br /> Percent: 9.4", "count: 0.079908676<br />Category: Alignment<br />Prop: 0.079908676<br />Count: 35 <br /> Percent: 8", "count: 0.077625571<br />Category: Transcriptomics<br />Prop: 0.077625571<br />Count: 34 <br /> Percent: 7.8", "count: 0.070776256<br />Category: Generating Consensus Sequence<br />Prop: 0.070776256<br />Count: 31 <br /> Percent: 7.1", "count: 0.063926941<br />Category: Tested On Human Data<br />Prop: 0.063926941<br />Count: 28 <br /> Percent: 6.4", "count: 0.059360731<br />Category: Availablity Of Test Data<br />Prop: 0.059360731<br />Count: 26 <br /> Percent: 5.9", "count: 0.057077626<br />Category: Isoform Detection<br />Prop: 0.057077626<br />Count: 25 <br /> Percent: 5.7", "count: 0.045662100<br />Category: Analysis Pipelines<br />Prop: 0.045662100<br />Count: 20 <br /> Percent: 4.6", "count: 0.045662100<br />Category: Quality Checking<br />Prop: 0.045662100<br />Count: 20 <br /> Percent: 4.6", "count: 0.036529680<br />Category: Visualisation<br />Prop: 0.036529680<br />Count: 16 <br /> Percent: 3.7", "count: 0.034246575<br />Category: Provide Summary Statistics<br />Prop: 0.034246575<br />Count: 15 <br /> Percent: 3.4", "count: 0.029680365<br />Category: Metagenomics<br />Prop: 0.029680365<br />Count: 13 <br /> Percent: 3", "count: 0.027397260<br />Category: Simulators<br />Prop: 0.027397260<br />Count: 12 <br /> Percent: 2.7", "count: 0.025114155<br />Category: Taxonomic Classification<br />Prop: 0.025114155<br />Count: 11 <br /> Percent: 2.5", "count: 0.020547945<br />Category: Quality Filtering<br />Prop: 0.020547945<br />Count: 9 <br /> Percent: 2.1", "count: 0.018264840<br />Category: Gap Filling<br />Prop: 0.018264840<br />Count: 8 <br /> Percent: 1.8", "count: 0.018264840<br />Category: Long Read Overlapping<br />Prop: 0.018264840<br />Count: 8 <br /> Percent: 1.8", "count: 0.018264840<br />Category: Quality Trimming<br />Prop: 0.018264840<br />Count: 8 <br /> Percent: 1.8", "count: 0.018264840<br />Category: Scaffolding<br />Prop: 0.018264840<br />Count: 8 <br /> Percent: 1.8", "count: 0.015981735<br />Category: Base Modification Detection<br />Prop: 0.015981735<br />Count: 7 <br /> Percent: 1.6", "count: 0.013698630<br />Category: Read Quantification<br />Prop: 0.013698630<br />Count: 6 <br /> Percent: 1.4", "count: 0.011415525<br />Category: Evaluating Exisiting Methods<br />Prop: 0.011415525<br />Count: 5 <br /> Percent: 1.1", "count: 0.009132420<br />Category: Suitable For Single Cell Experiments<br />Prop: 0.009132420<br />Count: 4 <br /> Percent: 0.9", "count: 0.006849315<br />Category: Basecalling<br />Prop: 0.006849315<br />Count: 3 <br /> Percent: 0.7", "count: 0.004566210<br />Category: Demultiplexing<br />Prop: 0.004566210<br />Count: 2 <br /> Percent: 0.5", "count: 0.002283105<br />Category: fast5 File Processing<br />Prop: 0.002283105<br />Count: 1 <br /> Percent: 0.2", "count: 0.002283105<br />Category: Normalisation<br />Prop: 0.002283105<br />Count: 1 <br /> Percent: 0.2", "count: 0.000000000<br />Category: polyA Length Estimation<br />Prop: 0.000000000<br />Count: 0 <br /> Percent: 0"],
      "type": "bar",
      "marker": {
        "autocolorscale": false,
        "color": "rgba(159,199,81,1)",
        "line": {
          "width": 1.88976377952756,
          "color": "transparent"
        }
      },
      "showlegend": false,
      "xaxis": "x",
      "yaxis": "y",
      "hoverinfo": "text",
      "frame": null
    }
  ],
  "layout": {
    "margin": {
      "t": 50,
      "r": 40,
      "b": 90,
      "l": 70
    },
    "font": {
      "color": "rgba(0,0,0,1)",
      "family": "",
      "size": 18.5969281859693
    },
    "title": {
      "text": "<b> PacBio focused <\/b>",
      "font": {
        "color": "rgba(0,0,0,1)",
        "family": "",
        "size": 15.9402241594022
      },
      "x": 0,
      "xref": "paper"
    },
    "xaxis": {
      "domain": [0, 1],
      "automargin": true,
      "type": "category",
      "autorange": true,
      "range": [0.4, 31.6],
      "tickmode": "auto",
      "ticktext": ["Error Correction And Polishing", "Denovo Assembly", "SNP And Variant Analysis", "Tested On Non Human Data", "Alignment", "Transcriptomics", "Generating Consensus Sequence", "Tested On Human Data", "Availablity Of Test Data", "Isoform Detection", "Analysis Pipelines", "Quality Checking", "Visualisation", "Provide Summary Statistics", "Metagenomics", "Simulators", "Taxonomic Classification", "Quality Filtering", "Gap Filling", "Long Read Overlapping", "Quality Trimming", "Scaffolding", "Base Modification Detection", "Read Quantification", "Evaluating Exisiting Methods", "Suitable For Single Cell Experiments", "Basecalling", "Demultiplexing", "fast5 File Processing", "Normalisation", "polyA Length Estimation"],
      "tickvals": [1, 2, 3, 4, 5, 6, 7, 8, 9, 10, 11, 12, 13, 14, 15, 16, 17, 18, 19, 20, 21, 22, 23, 24, 25, 26, 27, 28, 29, 30, 31],
      "categoryorder": "array",