{
  "data": [
    {
      "orientation": "v",
      "width": [0.9, 0.9, 0.9, 0.9, 0.9, 0.9, 0.9, 0.899999999999999, 0.899999999999999, 0.899999999999999, 0.899999999999999, 0.899999999999999, 0.899999999999999, 0.899999999999999, 0.899999999999999, 0.899999999999999, 0.899999999999999, 0.899999999999999, 0.899999999999999, 0.899999999999999, 0.899999999999999, 0.899999999999999, 0.899999999999999, 0.899999999999999, 0.899999999999999, 0.899999999999999, 0.899999999999999, 0.899999999999999, 0.899999999999999, 0.899999999999999, 0.899999999999999],
      "base": [0, 0, 0, 0, 0, 0, 0, 0, 0, 0, 0, 0, 0, 0, 0, 0, 0, 0, 0, 0, 0, 0, 0, 0, 0, 0, 0, 0, 0, 0, 0],
      "x": ["Denovo Assembly", "Tested On Human Data", "Quality Checking", "Scaffolding", "Error Correction And Polishing", "Generating Consensus Sequence", "Provide Summary Statistics", "SNP And Variant Analysis", "Tested On Non Human Data", "Alignment", "Availablity Of Test Data", "Suitable For Single Cell Experiments", "Evaluating Exisiting Methods", "Gap Filling", "Long Read Overlapping", "Metagenomics", "Quality Trimming", "Simulators", "Taxonomic Classification", "Visualisation", "Analysis Pipelines", "Basecalling", "Base Modification Detection", "Demultiplexing", "fast5 File Processing", "Isoform Detection", "Normalisation", "polyA Length Estimation", "Quality Filtering", "Read Quantification", "Transcriptomics"],
      "y": [0.0256959314775161, 0.012847965738758, 0.0107066381156317, 0.0107066381156317, 0.00856531049250535, 0.00642398286937901, 0.00642398286937901, 0.00642398286937901, 0.00642398286937901, 0.00428265524625268, 0.00428265524625268, 0.00428265524625268, 0.00214132762312634, 0.00214132762312634, 0.00214132762312634, 0.00214132762312634, 0.00214132762312634, 0.00214132762312634, 0.00214132762312634, 0.00214132762312634, 0, 0, 0, 0, 0, 0, 0, 0, 0, 0, 0],
      "text": ["count: 0.025695931<br />Category: Denovo Assembly<br />Prop: 0.025695931<br />Count: 12 <br /> Percent: 2.6", "count: 0.012847966<br />Category: Tested On Human Data<br />Prop: 0.012847966<br />Count: 6 <br /> Percent: 1.3", "count: 0.010706638<br />Category: Quality Checking<br />Prop: 0.010706638<br />Count: 5 <br /> Percent: 1.1", "count: 0.010706638<br />Category: Scaffolding<br />Prop: 0.010706638<br />Count: 5 <br /> Percent: 1.1", "count: 0.008565310<br />Category: Error Correction And Polishing<br />Prop: 0.008565310<br />Count: 4 <br /> Percent: 0.9", "count: 0.006423983<br />Category: Generating Consensus Sequence<br />Prop: 0.006423983<br />Count: 3 <br /> Percent: 0.6", "count: 0.006423983<br />Category: Provide Summary Statistics<br />Prop: 0.006423983<br />Count: 3 <br /> Percent: 0.6", "count: 0.006423983<br />Category: SNP And Variant Analysis<br />Prop: 0.006423983<br />Count: 3 <br /> Percent: 0.6", "count: 0.006423983<br />Category: Tested On Non Human Data<br />Prop: 0.006423983<br />Count: 3 <br /> Percent: 0.6", "count: 0.004282655<br />Category: Alignment<br />Prop: 0.004282655<br />Count: 2 <br /> Percent: 0.4", "count: 0.004282655<br />Category: Availablity Of Test Data<br />Prop: 0.004282655<br />Count: 2 <br /> Percent: 0.4", "count: 0.004282655<br />Category: Suitable For Single Cell Experiments<br />Prop: 0.004282655<br />Count: 2 <br /> Percent: 0.4", "count: 0.002141328<br />Category: Evaluating Exisiting Methods<br />Prop: 0.002141328<br />Count: 1 <br /> Percent: 0.2", "count: 0.002141328<br />Category: Gap Filling<br />Prop: 0.002141328<br />Count: 1 <br /> Percent: 0.2", "count: 0.002141328<br />Category: Long Read Overlapping<br />Prop: 0.002141328<br />Count: 1 <br /> Percent: 0.2", "count: 0.002141328<br />Category: Metagenomics<br />Prop: 0.002141328<br />Count: 1 <br /> Percent: 0.2", "count: 0.002141328<br />Category: Quality Trimming<br />Prop: 0.002141328<br />Count: 1 <br /> Percent: 0.2", "count: 0.002141328<br />Category: Simulators<br />Prop: 0.002141328<br />Count: 1 <br /> Percent: 0.2", "count: 0.002141328<br />Category: Taxonomic Classification<br />Prop: 0.002141328<br />Count: 1 <br /> Percent: 0.2", "count: 0.002141328<br />Category: Visualisation<br />Prop: 0.002141328<br />Count: 1 <br /> Percent: 0.2", "count: 0.000000000<br />Category: Analysis Pipelines<br />Prop: 0.000000000<br />Count: 0 <br /> Percent: 0", "count: 0.000000000<br />Category: Basecalling<br />Prop: 0.000000000<br />Count: 0 <br /> Percent: 0", "count: 0.000000000<br />Category: Base Modification Detection<br />Prop: 0.000000000<br />Count: 0 <br /> Percent: 0", "count: 0.000000000<br />Category: Demultiplexing<br />Prop: 0.000000000<br />Count: 0 <br /> Percent: 0", "count: 0.000000000<br />Category: fast5 File Processing<br />Prop: 0.000000000<br />Count: 0 <br /> Percent: 0", "count: 0.000000000<br />Category: Isoform Detection<br />Prop: 0.000000000<br />Count: 0 <br /> Percent: 0", "count: 0.000000000<br />Category: Normalisation<br />Prop: 0.000000000<br />Count: 0 <br /> Percent: 0", "count: 0.000000000<br />Category: polyA Length Estimation<br />Prop: 0.000000000<br />Count: 0 <br /> Percent: 0", "count: 0.000000000<br />Category: Quality Filtering<br />Prop: 0.000000000<br />Count: 0 <br /> Percent: 0", "count: 0.000000000<br />Category: Read Quantification<br />Prop: 0.000000000<br />Count: 0 <br /> Percent: 0", "count: 0.000000000<br />Category: Transcriptomics<br />Prop: 0.000000000<br />Count: 0 <br /> Percent: 0"],
      "type": "bar",
      "marker": {
        "autocolorscale": false,
        "color": "rgba(159,199,81,1)",
        "line": {
          "width": 1.88976377952756,
          "color": "transparent"
        }
      },
      "showlegend": false,
      "xaxis": "x",
      "yaxis": "y",
      "hoverinfo": "text",
      "frame": null
    }
  ],
  "layout": {
    "margin": {
      "t": 50,
      "r": 40,
      "b": 90,
      "l": 70
    },
    "font": {
      "color": "rgba(0,0,0,1)",
      "family": "",
      "size": 18.5969281859693
    },
    "title": {
      "text": "<b> 10X Genomics focused <\/b>",
      "font": {
        "color": "rgba(0,0,0,1)",
        "family": "",
        "size": 15.9402241594022
      },
      "x": 0,
      "xref": "paper"
    },
    "xaxis": {
      "domain": [0, 1],
      "automargin": true,
      "type": "category",
      "autorange": true,
      "range": [0.4, 31.6],
      "tickmode": "auto",
      "ticktext": ["Denovo Assembly", "Tested On Human Data", "Quality Checking", "Scaffolding", "Error Correction And Polishing", "Generating Consensus Sequence", "Provide Summary Statistics", "SNP And Variant Analysis", "Tested On Non Human Data", "Alignment", "Availablity Of Test Data", "Suitable For Single Cell Experiments", "Evaluating Exisiting Methods", "Gap Filling", "Long Read Overlapping", "Metagenomics", "Quality Trimming", "Simulators", "Taxonomic Classification", "Visualisation", "Analysis Pipelines", "Basecalling", "Base Modification Detection", "Demultiplexing", "fast5 File Processing", "Isoform Detection", "Normalisation", "polyA Length Estimation", "Quality Filtering", "Read Quantification", "Transcriptomics"],
      "tickvals": [1, 2, 3, 4, 5, 6, 7, 8, 9, 10, 11, 12, 13, 14, 15, 16, 17, 18, 19, 20, 21, 22, 23, 24, 25, 26, 27, 28, 29, 30, 31],
      "categoryorder": "array",
      "categoryarray": ["Denovo Assembly", "Tested On Human Data", "Quality Checking", "Scaffolding", "Error Correction And Polishing", "Generating Consensus Sequence", "Provide Summary Statistics", "SNP And Variant Analysis", "Tested On Non Human Data", "Alignment", "Availablity Of Test Data", "Suitable For Single Cell Experiments", "Evaluating Exisiting Methods", "Gap Filling", "Long Read Overlapping", "Metagenomics", "Quality Trimming", "Simulators", "Taxonomic Classification", "Visualisation", "Analysis Pipelines", "Basecalling", "Base Modification Detection", "Demultiplexing", "fast5 File Processing", "Isoform Detection", "Normalisation", "polyA Length Estimation", "Quality Filtering", "Read Quantification", "Transcriptomics"],
      "nticks": null,