{
  "data": [
    {
      "orientation": "v",
      "width": [0.89999999999999991, 0.90000000000000013, 0.90000000000000036, 0.90000000000000036, 0.90000000000000036, 0.90000000000000036, 0.90000000000000036, 0.89999999999999947, 0.89999999999999858, 0.89999999999999858, 0.89999999999999858, 0.89999999999999858, 0.89999999999999858, 0.89999999999999858, 0.89999999999999858, 0.89999999999999858, 0.89999999999999858, 0.89999999999999858, 0.89999999999999858, 0.89999999999999858, 0.89999999999999858, 0.89999999999999858, 0.89999999999999858, 0.89999999999999858, 0.89999999999999858, 0.89999999999999858, 0.89999999999999858, 0.89999999999999858, 0.89999999999999858, 0.89999999999999858, 0.89999999999999858, 0.90000000000000213, 0.90000000000000568, 0.90000000000000568, 0.90000000000000568],
      "base": [0, 0, 0, 0, 0, 0, 0, 0, 0, 0, 0, 0, 0, 0, 0, 0, 0, 0, 0, 0, 0, 0, 0, 0, 0, 0, 0, 0, 0, 0, 0, 0, 0, 0, 0],
      "x": [1, 2, 3, 4, 5, 6, 7, 8, 9, 10, 11, 12, 13, 14, 15, 16, 17, 18, 19, 20, 21, 22, 23, 24, 25, 26, 27, 28, 29, 30, 31, 32, 33, 34, 35],
      "y": [0.29497716894977166, 0.28949771689497716, 0.25114155251141551, 0.23013698630136986, 0.22922374429223744, 0.19086757990867581, 0.15799086757990868, 0.15342465753424658, 0.15068493150684931, 0.13150684931506848, 0.11872146118721461, 0.10410958904109589, 0.1004566210045662, 0.087671232876712329, 0.083105022831050229, 0.069406392694063929, 0.067579908675799091, 0.056621004566210047, 0.046575342465753428, 0.03744292237442922, 0.036529680365296802, 0.03287671232876712, 0.03287671232876712, 0.031963470319634701, 0.029223744292237442, 0.029223744292237442, 0.027397260273972601, 0.022831050228310501, 0.01643835616438356, 0.01643835616438356, 0.015525114155251141, 0.010045662100456621, 0.010045662100456621, 0.006392694063926941, 0.0045662100456621002],
      "text": ["Category: Tested On Human Data<br />Count: 323 <br /> Percent: 29.5", "Category: Availability Of Test Data<br />Count: 317 <br /> Percent: 28.9", "Category: Analysis Pipelines<br />Count: 275 <br /> Percent: 25.1", "Category: SNP And Variant Analysis<br />Count: 252 <br /> Percent: 23", "Category: Tested On Non Human Data<br />Count: 251 <br /> Percent: 22.9", "Category: Transcriptomics<br />Count: 209 <br /> Percent: 19.1", "Category: Alignment<br />Count: 173 <br /> Percent: 15.8", "Category: Error Correction And Polishing<br />Count: 168 <br /> Percent: 15.3", "Category: Denovo Assembly<br />Count: 165 <br /> Percent: 15.1", "Category: Base Modification Detection<br />Count: 144 <br /> Percent: 13.2", "Category: Visualisation<br />Count: 130 <br /> Percent: 11.9", "Category: Isoform Detection<br />Count: 114 <br /> Percent: 10.4", "Category: Generating Consensus Sequence<br />Count: 110 <br /> Percent: 10", "Category: Provide Summary Statistics<br />Count: 96 <br /> Percent: 8.8", "Category: Quality Checking<br />Count: 91 <br /> Percent: 8.3", "Category: Metagenomics<br />Count: 76 <br /> Percent: 6.9", "Category: Basecalling<br />Count: 74 <br /> Percent: 6.8", "Category: Read Quantification<br />Count: 62 <br /> Percent: 5.7", "Category: Suitable For Single Cell Experiments<br />Count: 51 <br /> Percent: 4.7", "Category: Scaffolding<br />Count: 41 <br /> Percent: 3.7", "Category: Demultiplexing<br />Count: 40 <br /> Percent: 3.7", "Category: Taxonomic Classification<br />Count: 36 <br /> Percent: 3.3", "Category: fast5 File Processing<br />Count: 36 <br /> Percent: 3.3", "Category: Simulators<br />Count: 35 <br /> Percent: 3.2", "Category: Long Read Overlapping<br />Count: 32 <br /> Percent: 2.9", "Category: Quality Filtering<br />Count: 32 <br /> Percent: 2.9", "Category: Quality Trimming<br />Count: 30 <br /> Percent: 2.7", "Category: Gap Filling<br />Count: 25 <br /> Percent: 2.3", "Category: Evaluating Existing Methods<br />Count: 18 <br /> Percent: 1.6", "Category: Fusion Detection<br />Count: 18 <br /> Percent: 1.6", "Category: RNAStructure<br />Count: 17 <br /> Percent: 1.6", "Category: Normalisation<br />Count: 11 <br /> Percent: 1", "Category: polyA Length Estimation<br />Count: 11 <br /> Percent: 1", "Category: Data Structures<br />Count: 7 <br /> Percent: 0.6", "Category: Coexpression Analysis<br />Count: 5 <br /> Percent: 0.5"],
      "type": "bar",
      "textposition": "none",
      "marker": {
        "autocolorscale": false,
        "color": "rgba(89,115,37,1)",
        "line": {
          "width": 1.8897637795275593,
          "color": "transparent"
        }
      },
      "showlegend": false,
      "xaxis": "x",
      "yaxis": "y",
      "hoverinfo": "text",
      "frame": null
    }
  ],
  "layout": {
    "margin": {
      "t": 50,
      "r": 10,
      "b": 200,
      "l": 80
    },
    "font": {
      "color": "rgba(0,0,0,1)",
      "family": "",
      "size": 18.596928185969279
    },
    "title": {
      "text": "<b> Categories <\/b>",
      "font": {
        "color": "rgba(0,0,0,1)",
        "family": "",
        "size": 26.567040265670396
      },
      "x": 0,
      "xref": "paper"
    },
    "xaxis": {
      "domain": [0, 1],
      "automargin": true,
      "type": "linear",
      "autorange": false,
      "range": [0.40000000000000002, 35.600000000000001],
      "tickmode": "array",
      "ticktext": ["Tested On Human Data", "Availability Of Test Data", "Analysis Pipelines", "SNP And Variant Analysis", "Tested On Non Human Data", "Transcriptomics", "Alignment", "Error Correction And Polishing", "Denovo Assembly", "Base Modification Detection", "Visualisation", "Isoform Detection", "Generating Consensus Sequence", "Provide Summary Statistics", "Quality Checking", "Metagenomics", "Basecalling", "Read Quantification", "Suitable For Single Cell Experiments", "Scaffolding", "Demultiplexing", "Taxonomic Classification", "fast5 File Processing", "Simulators", "Long Read Overlapping", "Quality Filtering", "Quality Trimming", "Gap Filling", "Evaluating Existing Methods", "Fusion Detection", "RNAStructure", "Normalisation", "polyA Length Estimation", "Data Structures", "Coexpression Analysis"],
      "tickvals": [1, 2, 2.9999999999999996, 4, 5, 6, 7, 8, 9, 10, 11, 12, 13, 14, 15, 16, 17, 18, 19, 20, 21, 22, 23.000000000000004, 24, 25, 26, 27, 28, 29, 29.999999999999996, 31, 32, 33, 34, 35],
      "categoryorder": "array",
      "categoryarray": ["Tested On Human Data", "Availability Of Test Data", "Analysis Pipelines", "SNP And Variant Analysis", "Tested On Non Human Data", "Transcriptomics", "Alignment", "Error Correction And Polishing", "Denovo Assembly", "Base Modification Detection", "Visualisation", "Isoform Detection", "Generating Consensus Sequence", "Provide Summary Statistics", "Quality Checking", "Metagenomics", "Basecalling", "Read Quantification", "Suitable For Single Cell Experiments", "Scaffolding", "Demultiplexing", "Taxonomic Classification", "fast5 File Processing", "Simulators", "Long Read Overlapping", "Quality Filtering", "Quality Trimming", "Gap Filling", "Evaluating Existing Methods", "Fusion Detection", "RNAStructure", "Normalisation", "polyA Length Estimation", "Data Structures", "Coexpression Analysis"],
      "nticks": null,
      "ticks": "outside",
      "tickcolor": "rgba(0,0,0,1)",
      "ticklen": 4.6492320464923198,
      "tickwidth": 0.66417600664176002,
      "showticklabels": true,
      "tickfont": {
        "color": "rgba(0,0,0,1)",
        "family": "",
        "size": 10.62681610626816
      },
      "tickangle": -60,
      "showline": true,
      "linecolor": "rgba(0,0,0,1)",
      "linewidth": 0.66417600664176002,
      "showgrid": false,
      "gridcolor": null,
      "gridwidth": 0,
      "zeroline": false,
      "anchor": "y",
      "title": {
        "text": "",
        "font": {
          "color": null,
          "family": null,
          "size": 0
        }
      },
      "hoverformat": ".2f"
    },
    "yaxis": {
      "domain": [0, 1],
      "automargin": true,
      "type": "linear",
      "autorange": false,