{
  "data": [
    {
      "orientation": "v",
      "width": [0.9, 0.9, 0.9, 0.9, 0.9, 0.9, 0.9, 0.899999999999999, 0.899999999999999, 0.899999999999999, 0.899999999999999, 0.899999999999999, 0.899999999999999, 0.899999999999999, 0.899999999999999, 0.899999999999999, 0.899999999999999, 0.899999999999999, 0.899999999999999, 0.899999999999999, 0.899999999999999, 0.899999999999999, 0.899999999999999, 0.899999999999999, 0.899999999999999, 0.899999999999999, 0.899999999999999, 0.899999999999999, 0.899999999999999, 0.899999999999999, 0.899999999999999],
      "base": [0, 0, 0, 0, 0, 0, 0, 0, 0, 0, 0, 0, 0, 0, 0, 0, 0, 0, 0, 0, 0, 0, 0, 0, 0, 0, 0, 0, 0, 0, 0],
      "x": ["Error Correction And Polishing", "SNP And Variant Analysis", "Tested On Non Human Data", "Tested On Human Data", "Denovo Assembly", "Alignment", "Analysis Pipelines", "Transcriptomics", "Visualisation", "Availablity Of Test Data", "Quality Checking", "Base Modification Detection", "Provide Summary Statistics", "Generating Consensus Sequence", "Metagenomics", "Basecalling", "Isoform Detection", "Read Quantification", "Taxonomic Classification", "Quality Filtering", "Simulators", "Quality Trimming", "Scaffolding", "Demultiplexing", "fast5 File Processing", "Gap Filling", "Evaluating Exisiting Methods", "Long Read Overlapping", "Suitable For Single Cell Experiments", "Normalisation", "polyA Length Estimation"],
      "y": [0.156302521008403, 0.147899159663866, 0.146218487394958, 0.139495798319328, 0.126050420168067, 0.115966386554622, 0.114285714285714, 0.114285714285714, 0.0957983193277311, 0.0890756302521008, 0.0857142857142857, 0.0789915966386555, 0.0756302521008403, 0.0739495798319328, 0.0638655462184874, 0.0621848739495798, 0.0588235294117647, 0.0369747899159664, 0.0319327731092437, 0.0285714285714286, 0.0285714285714286, 0.026890756302521, 0.0235294117647059, 0.0201680672268908, 0.0201680672268908, 0.0184873949579832, 0.0168067226890756, 0.0168067226890756, 0.0117647058823529, 0.00504201680672269, 0.00504201680672269],
      "text": ["count: 0.156302521<br />Category: Error Correction And Polishing<br />Prop: 0.156302521<br />Count: 93 <br /> Percent: 15.6", "count: 0.147899160<br />Category: SNP And Variant Analysis<br />Prop: 0.147899160<br />Count: 88 <br /> Percent: 14.8", "count: 0.146218487<br />Category: Tested On Non Human Data<br />Prop: 0.146218487<br />Count: 87 <br /> Percent: 14.6", "count: 0.139495798<br />Category: Tested On Human Data<br />Prop: 0.139495798<br />Count: 83 <br /> Percent: 13.9", "count: 0.126050420<br />Category: Denovo Assembly<br />Prop: 0.126050420<br />Count: 75 <br /> Percent: 12.6", "count: 0.115966387<br />Category: Alignment<br />Prop: 0.115966387<br />Count: 69 <br /> Percent: 11.6", "count: 0.114285714<br />Category: Analysis Pipelines<br />Prop: 0.114285714<br />Count: 68 <br /> Percent: 11.4", "count: 0.114285714<br />Category: Transcriptomics<br />Prop: 0.114285714<br />Count: 68 <br /> Percent: 11.4", "count: 0.095798319<br />Category: Visualisation<br />Prop: 0.095798319<br />Count: 57 <br /> Percent: 9.6", "count: 0.089075630<br />Category: Availablity Of Test Data<br />Prop: 0.089075630<br />Count: 53 <br /> Percent: 8.9", "count: 0.085714286<br />Category: Quality Checking<br />Prop: 0.085714286<br />Count: 51 <br /> Percent: 8.6", "count: 0.078991597<br />Category: Base Modification Detection<br />Prop: 0.078991597<br />Count: 47 <br /> Percent: 7.9", "count: 0.075630252<br />Category: Provide Summary Statistics<br />Prop: 0.075630252<br />Count: 45 <br /> Percent: 7.6", "count: 0.073949580<br />Category: Generating Consensus Sequence<br />Prop: 0.073949580<br />Count: 44 <br /> Percent: 7.4", "count: 0.063865546<br />Category: Metagenomics<br />Prop: 0.063865546<br />Count: 38 <br /> Percent: 6.4", "count: 0.062184874<br />Category: Basecalling<br />Prop: 0.062184874<br />Count: 37 <br /> Percent: 6.2", "count: 0.058823529<br />Category: Isoform Detection<br />Prop: 0.058823529<br />Count: 35 <br /> Percent: 5.9", "count: 0.036974790<br />Category: Read Quantification<br />Prop: 0.036974790<br />Count: 22 <br /> Percent: 3.7", "count: 0.031932773<br />Category: Taxonomic Classification<br />Prop: 0.031932773<br />Count: 19 <br /> Percent: 3.2", "count: 0.028571429<br />Category: Quality Filtering<br />Prop: 0.028571429<br />Count: 17 <br /> Percent: 2.9", "count: 0.028571429<br />Category: Simulators<br />Prop: 0.028571429<br />Count: 17 <br /> Percent: 2.9", "count: 0.026890756<br />Category: Quality Trimming<br />Prop: 0.026890756<br />Count: 16 <br /> Percent: 2.7", "count: 0.023529412<br />Category: Scaffolding<br />Prop: 0.023529412<br />Count: 14 <br /> Percent: 2.4", "count: 0.020168067<br />Category: Demultiplexing<br />Prop: 0.020168067<br />Count: 12 <br /> Percent: 2", "count: 0.020168067<br />Category: fast5 File Processing<br />Prop: 0.020168067<br />Count: 12 <br /> Percent: 2", "count: 0.018487395<br />Category: Gap Filling<br />Prop: 0.018487395<br />Count: 11 <br /> Percent: 1.8", "count: 0.016806723<br />Category: Evaluating Exisiting Methods<br />Prop: 0.016806723<br />Count: 10 <br /> Percent: 1.7", "count: 0.016806723<br />Category: Long Read Overlapping<br />Prop: 0.016806723<br />Count: 10 <br /> Percent: 1.7", "count: 0.011764706<br />Category: Suitable For Single Cell Experiments<br />Prop: 0.011764706<br />Count: 7 <br /> Percent: 1.2", "count: 0.005042017<br />Category: Normalisation<br />Prop: 0.005042017<br />Count: 3 <br /> Percent: 0.5", "count: 0.005042017<br />Category: polyA Length Estimation<br />Prop: 0.005042017<br />Count: 3 <br /> Percent: 0.5"],
      "type": "bar",
      "textposition": "none",
      "marker": {
        "autocolorscale": false,
        "color": "rgba(159,199,81,1)",
        "line": {
          "width": 1.88976377952756,
          "color": "transparent"
        }
      },
      "showlegend": false,
      "xaxis": "x",
      "yaxis": "y",
      "hoverinfo": "text",
      "frame": null
    }
  ],
  "layout": {
    "margin": {
      "t": 50,
      "r": 40,
      "b": 90,
      "l": 70
    },
    "font": {
      "color": "rgba(0,0,0,1)",
      "family": "",
      "size": 18.5969281859693
    },
    "title": {
      "text": "<b> Oxford Nanopore focused <\/b>",
      "font": {
        "color": "rgba(0,0,0,1)",
        "family": "",
        "size": 15.9402241594022
      },
      "x": 0,
      "xref": "paper"
    },
    "xaxis": {
      "domain": [0, 1],
      "automargin": true,
      "type": "category",
      "autorange": true,
      "range": [0.4, 31.6],
      "tickmode": "auto",
      "ticktext": ["Error Correction And Polishing", "SNP And Variant Analysis", "Tested On Non Human Data", "Tested On Human Data", "Denovo Assembly", "Alignment", "Analysis Pipelines", "Transcriptomics", "Visualisation", "Availablity Of Test Data", "Quality Checking", "Base Modification Detection", "Provide Summary Statistics", "Generating Consensus Sequence", "Metagenomics", "Basecalling", "Isoform Detection", "Read Quantification", "Taxonomic Classification", "Quality Filtering", "Simulators", "Quality Trimming", "Scaffolding", "Demultiplexing", "fast5 File Processing", "Gap Filling", "Evaluating Exisiting Methods", "Long Read Overlapping", "Suitable For Single Cell Experiments", "Normalisation", "polyA Length Estimation"],
      "tickvals": [1, 2, 3, 4, 5, 6, 7, 8, 9, 10, 11, 12, 13, 14, 15, 16, 17, 18, 19, 20, 21, 22, 23, 24, 25, 26, 27, 28, 29, 30, 31],
      "categoryorder": "array",