{
  "data": [
    {
      "orientation": "v",
      "width": [0.9, 0.9, 0.9, 0.9, 0.9, 0.9, 0.9, 0.899999999999999, 0.899999999999999, 0.899999999999999, 0.899999999999999, 0.899999999999999, 0.899999999999999, 0.899999999999999, 0.899999999999999, 0.899999999999999, 0.899999999999999, 0.899999999999999, 0.899999999999999, 0.899999999999999, 0.899999999999999, 0.899999999999999, 0.899999999999999, 0.899999999999999, 0.899999999999999, 0.899999999999999, 0.899999999999999, 0.899999999999999, 0.899999999999999, 0.899999999999999, 0.899999999999999],
      "base": [0, 0, 0, 0, 0, 0, 0, 0, 0, 0, 0, 0, 0, 0, 0, 0, 0, 0, 0, 0, 0, 0, 0, 0, 0, 0, 0, 0, 0, 0, 0],
      "x": ["Error Correction And Polishing", "Tested On Non Human Data", "Denovo Assembly", "SNP And Variant Analysis", "Analysis Pipelines", "Transcriptomics", "Alignment", "Tested On Human Data", "Visualisation", "Quality Checking", "Provide Summary Statistics", "Basecalling", "Availablity Of Test Data", "Base Modification Detection", "Generating Consensus Sequence", "Metagenomics", "Isoform Detection", "Simulators", "Taxonomic Classification", "Quality Trimming", "Quality Filtering", "fast5 File Processing", "Read Quantification", "Evaluating Exisiting Methods", "Demultiplexing", "Long Read Overlapping", "Gap Filling", "Scaffolding", "Suitable For Single Cell Experiments", "polyA Length Estimation", "Normalisation"],
      "y": [0.156903765690377, 0.125523012552301, 0.121338912133891, 0.121338912133891, 0.106694560669456, 0.104602510460251, 0.100418410041841, 0.100418410041841, 0.096234309623431, 0.0920502092050209, 0.0815899581589958, 0.0732217573221757, 0.0648535564853557, 0.0648535564853557, 0.0627615062761506, 0.0543933054393305, 0.0523012552301255, 0.0334728033472803, 0.0334728033472803, 0.0292887029288703, 0.0271966527196653, 0.0230125523012552, 0.0230125523012552, 0.0209205020920502, 0.0188284518828452, 0.0188284518828452, 0.0167364016736402, 0.0146443514644351, 0.00836820083682008, 0.00627615062761506, 0.00418410041841004],
      "text": ["count: 0.156903766<br />Category: Error Correction And Polishing<br />Prop: 0.156903766<br />Count: 75 <br /> Percent: 15.7", "count: 0.125523013<br />Category: Tested On Non Human Data<br />Prop: 0.125523013<br />Count: 60 <br /> Percent: 12.6", "count: 0.121338912<br />Category: Denovo Assembly<br />Prop: 0.121338912<br />Count: 58 <br /> Percent: 12.1", "count: 0.121338912<br />Category: SNP And Variant Analysis<br />Prop: 0.121338912<br />Count: 58 <br /> Percent: 12.1", "count: 0.106694561<br />Category: Analysis Pipelines<br />Prop: 0.106694561<br />Count: 51 <br /> Percent: 10.7", "count: 0.104602510<br />Category: Transcriptomics<br />Prop: 0.104602510<br />Count: 50 <br /> Percent: 10.5", "count: 0.100418410<br />Category: Alignment<br />Prop: 0.100418410<br />Count: 48 <br /> Percent: 10", "count: 0.100418410<br />Category: Tested On Human Data<br />Prop: 0.100418410<br />Count: 48 <br /> Percent: 10", "count: 0.096234310<br />Category: Visualisation<br />Prop: 0.096234310<br />Count: 46 <br /> Percent: 9.6", "count: 0.092050209<br />Category: Quality Checking<br />Prop: 0.092050209<br />Count: 44 <br /> Percent: 9.2", "count: 0.081589958<br />Category: Provide Summary Statistics<br />Prop: 0.081589958<br />Count: 39 <br /> Percent: 8.2", "count: 0.073221757<br />Category: Basecalling<br />Prop: 0.073221757<br />Count: 35 <br /> Percent: 7.3", "count: 0.064853556<br />Category: Availablity Of Test Data<br />Prop: 0.064853556<br />Count: 31 <br /> Percent: 6.5", "count: 0.064853556<br />Category: Base Modification Detection<br />Prop: 0.064853556<br />Count: 31 <br /> Percent: 6.5", "count: 0.062761506<br />Category: Generating Consensus Sequence<br />Prop: 0.062761506<br />Count: 30 <br /> Percent: 6.3", "count: 0.054393305<br />Category: Metagenomics<br />Prop: 0.054393305<br />Count: 26 <br /> Percent: 5.4", "count: 0.052301255<br />Category: Isoform Detection<br />Prop: 0.052301255<br />Count: 25 <br /> Percent: 5.2", "count: 0.033472803<br />Category: Simulators<br />Prop: 0.033472803<br />Count: 16 <br /> Percent: 3.3", "count: 0.033472803<br />Category: Taxonomic Classification<br />Prop: 0.033472803<br />Count: 16 <br /> Percent: 3.3", "count: 0.029288703<br />Category: Quality Trimming<br />Prop: 0.029288703<br />Count: 14 <br /> Percent: 2.9", "count: 0.027196653<br />Category: Quality Filtering<br />Prop: 0.027196653<br />Count: 13 <br /> Percent: 2.7", "count: 0.023012552<br />Category: fast5 File Processing<br />Prop: 0.023012552<br />Count: 11 <br /> Percent: 2.3", "count: 0.023012552<br />Category: Read Quantification<br />Prop: 0.023012552<br />Count: 11 <br /> Percent: 2.3", "count: 0.020920502<br />Category: Evaluating Exisiting Methods<br />Prop: 0.020920502<br />Count: 10 <br /> Percent: 2.1", "count: 0.018828452<br />Category: Demultiplexing<br />Prop: 0.018828452<br />Count: 9 <br /> Percent: 1.9", "count: 0.018828452<br />Category: Long Read Overlapping<br />Prop: 0.018828452<br />Count: 9 <br /> Percent: 1.9", "count: 0.016736402<br />Category: Gap Filling<br />Prop: 0.016736402<br />Count: 8 <br /> Percent: 1.7", "count: 0.014644351<br />Category: Scaffolding<br />Prop: 0.014644351<br />Count: 7 <br /> Percent: 1.5", "count: 0.008368201<br />Category: Suitable For Single Cell Experiments<br />Prop: 0.008368201<br />Count: 4 <br /> Percent: 0.8", "count: 0.006276151<br />Category: polyA Length Estimation<br />Prop: 0.006276151<br />Count: 3 <br /> Percent: 0.6", "count: 0.004184100<br />Category: Normalisation<br />Prop: 0.004184100<br />Count: 2 <br /> Percent: 0.4"],
      "type": "bar",
      "marker": {
        "autocolorscale": false,
        "color": "rgba(159,199,81,1)",
        "line": {
          "width": 1.88976377952756,
          "color": "transparent"
        }
      },
      "showlegend": false,
      "xaxis": "x",
      "yaxis": "y",
      "hoverinfo": "text",
      "frame": null
    }
  ],
  "layout": {
    "margin": {
      "t": 50,
      "r": 40,
      "b": 90,
      "l": 70
    },
    "font": {
      "color": "rgba(0,0,0,1)",
      "family": "",
      "size": 18.5969281859693
    },
    "title": {
      "text": "<b> Oxford Nanopore focused <\/b>",
      "font": {
        "color": "rgba(0,0,0,1)",
        "family": "",
        "size": 15.9402241594022
      },
      "x": 0,
      "xref": "paper"
    },
    "xaxis": {
      "domain": [0, 1],
      "automargin": true,
      "type": "category",
      "autorange": true,
      "range": [0.4, 31.6],
      "tickmode": "auto",
      "ticktext": ["Error Correction And Polishing", "Tested On Non Human Data", "Denovo Assembly", "SNP And Variant Analysis", "Analysis Pipelines", "Transcriptomics", "Alignment", "Tested On Human Data", "Visualisation", "Quality Checking", "Provide Summary Statistics", "Basecalling", "Availablity Of Test Data", "Base Modification Detection", "Generating Consensus Sequence", "Metagenomics", "Isoform Detection", "Simulators", "Taxonomic Classification", "Quality Trimming", "Quality Filtering", "fast5 File Processing", "Read Quantification", "Evaluating Exisiting Methods", "Demultiplexing", "Long Read Overlapping", "Gap Filling", "Scaffolding", "Suitable For Single Cell Experiments", "polyA Length Estimation", "Normalisation"],
      "tickvals": [1, 2, 3, 4, 5, 6, 7, 8, 9, 10, 11, 12, 13, 14, 15, 16, 17, 18, 19, 20, 21, 22, 23, 24, 25, 26, 27, 28, 29, 30, 31],
      "categoryorder": "array",