{
  "data": [
    {
      "orientation": "v",
      "width": [0.89999999999999991, 0.90000000000000013, 0.90000000000000036, 0.90000000000000036, 0.90000000000000036, 0.90000000000000036, 0.90000000000000036, 0.89999999999999947, 0.89999999999999858, 0.89999999999999858, 0.89999999999999858, 0.89999999999999858, 0.89999999999999858, 0.89999999999999858, 0.89999999999999858, 0.89999999999999858, 0.89999999999999858, 0.89999999999999858, 0.89999999999999858, 0.89999999999999858, 0.89999999999999858, 0.89999999999999858, 0.89999999999999858, 0.89999999999999858, 0.89999999999999858, 0.89999999999999858, 0.89999999999999858, 0.89999999999999858, 0.89999999999999858, 0.89999999999999858, 0.89999999999999858],
      "base": [0, 0, 0, 0, 0, 0, 0, 0, 0, 0, 0, 0, 0, 0, 0, 0, 0, 0, 0, 0, 0, 0, 0, 0, 0, 0, 0, 0, 0, 0, 0],
      "x": ["Tested On Human Data", "Availability Of Test Data", "SNP And Variant Analysis", "Analysis Pipelines", "Tested On Non Human Data", "Transcriptomics", "Denovo Assembly", "Error Correction And Polishing", "Alignment", "Isoform Detection", "Generating Consensus Sequence", "Visualisation", "Quality Checking", "Provide Summary Statistics", "Metagenomics", "Read Quantification", "Suitable For Single Cell Experiments", "Base Modification Detection", "Scaffolding", "Long Read Overlapping", "Gap Filling", "Taxonomic Classification", "Quality Filtering", "Simulators", "Quality Trimming", "Demultiplexing", "Evaluating Existing Methods", "polyA Length Estimation", "Basecalling", "Normalisation", "fast5 File Processing"],
      "y": [0.17834394904458598, 0.17743403093721566, 0.16469517743403095, 0.13557779799818018, 0.13284804367606914, 0.11464968152866242, 0.11282984531392175, 0.1091901728844404, 0.092811646951774338, 0.075523202911737947, 0.072793448589626927, 0.059144676979071886, 0.040036396724294813, 0.037306642402183801, 0.034576888080072796, 0.033666969972702458, 0.033666969972702458, 0.031847133757961783, 0.026387625113739762, 0.021838034576888082, 0.017288444040036398, 0.017288444040036398, 0.014558689717925387, 0.014558689717925387, 0.011828935395814377, 0.0090991810737033659, 0.0072793448589626936, 0.0054595086442220204, 0.004549590536851683, 0.004549590536851683, 0.0009099181073703367],
      "text": ["count: 0.1783439490<br />Category: Tested On Human Data<br />Prop: 0.1783439490<br />Count: 196 <br /> Percent: 17.8", "count: 0.1774340309<br />Category: Availability Of Test Data<br />Prop: 0.1774340309<br />Count: 195 <br /> Percent: 17.7", "count: 0.1646951774<br />Category: SNP And Variant Analysis<br />Prop: 0.1646951774<br />Count: 181 <br /> Percent: 16.5", "count: 0.1355777980<br />Category: Analysis Pipelines<br />Prop: 0.1355777980<br />Count: 149 <br /> Percent: 13.6", "count: 0.1328480437<br />Category: Tested On Non Human Data<br />Prop: 0.1328480437<br />Count: 146 <br /> Percent: 13.3", "count: 0.1146496815<br />Category: Transcriptomics<br />Prop: 0.1146496815<br />Count: 126 <br /> Percent: 11.5", "count: 0.1128298453<br />Category: Denovo Assembly<br />Prop: 0.1128298453<br />Count: 124 <br /> Percent: 11.3", "count: 0.1091901729<br />Category: Error Correction And Polishing<br />Prop: 0.1091901729<br />Count: 120 <br /> Percent: 10.9", "count: 0.0928116470<br />Category: Alignment<br />Prop: 0.0928116470<br />Count: 102 <br /> Percent: 9.3", "count: 0.0755232029<br />Category: Isoform Detection<br />Prop: 0.0755232029<br />Count: 83 <br /> Percent: 7.6", "count: 0.0727934486<br />Category: Generating Consensus Sequence<br />Prop: 0.0727934486<br />Count: 80 <br /> Percent: 7.3", "count: 0.0591446770<br />Category: Visualisation<br />Prop: 0.0591446770<br />Count: 65 <br /> Percent: 5.9", "count: 0.0400363967<br />Category: Quality Checking<br />Prop: 0.0400363967<br />Count: 44 <br /> Percent: 4", "count: 0.0373066424<br />Category: Provide Summary Statistics<br />Prop: 0.0373066424<br />Count: 41 <br /> Percent: 3.7", "count: 0.0345768881<br />Category: Metagenomics<br />Prop: 0.0345768881<br />Count: 38 <br /> Percent: 3.5", "count: 0.0336669700<br />Category: Read Quantification<br />Prop: 0.0336669700<br />Count: 37 <br /> Percent: 3.4", "count: 0.0336669700<br />Category: Suitable For Single Cell Experiments<br />Prop: 0.0336669700<br />Count: 37 <br /> Percent: 3.4", "count: 0.0318471338<br />Category: Base Modification Detection<br />Prop: 0.0318471338<br />Count: 35 <br /> Percent: 3.2", "count: 0.0263876251<br />Category: Scaffolding<br />Prop: 0.0263876251<br />Count: 29 <br /> Percent: 2.6", "count: 0.0218380346<br />Category: Long Read Overlapping<br />Prop: 0.0218380346<br />Count: 24 <br /> Percent: 2.2", "count: 0.0172884440<br />Category: Gap Filling<br />Prop: 0.0172884440<br />Count: 19 <br /> Percent: 1.7", "count: 0.0172884440<br />Category: Taxonomic Classification<br />Prop: 0.0172884440<br />Count: 19 <br /> Percent: 1.7", "count: 0.0145586897<br />Category: Quality Filtering<br />Prop: 0.0145586897<br />Count: 16 <br /> Percent: 1.5", "count: 0.0145586897<br />Category: Simulators<br />Prop: 0.0145586897<br />Count: 16 <br /> Percent: 1.5", "count: 0.0118289354<br />Category: Quality Trimming<br />Prop: 0.0118289354<br />Count: 13 <br /> Percent: 1.2", "count: 0.0090991811<br />Category: Demultiplexing<br />Prop: 0.0090991811<br />Count: 10 <br /> Percent: 0.9", "count: 0.0072793449<br />Category: Evaluating Existing Methods<br />Prop: 0.0072793449<br />Count: 8 <br /> Percent: 0.7", "count: 0.0054595086<br />Category: polyA Length Estimation<br />Prop: 0.0054595086<br />Count: 6 <br /> Percent: 0.5", "count: 0.0045495905<br />Category: Basecalling<br />Prop: 0.0045495905<br />Count: 5 <br /> Percent: 0.5", "count: 0.0045495905<br />Category: Normalisation<br />Prop: 0.0045495905<br />Count: 5 <br /> Percent: 0.5", "count: 0.0009099181<br />Category: fast5 File Processing<br />Prop: 0.0009099181<br />Count: 1 <br /> Percent: 0.1"],
      "type": "bar",
      "textposition": "none",
      "marker": {
        "autocolorscale": false,
        "color": "rgba(159,199,81,1)",
        "line": {
          "width": 1.8897637795275593,
          "color": "transparent"
        }
      },
      "showlegend": false,
      "xaxis": "x",
      "yaxis": "y",
      "hoverinfo": "text",
      "frame": null
    }
  ],
  "layout": {
    "margin": {
      "t": 50,
      "r": 40,
      "b": 90,
      "l": 70
    },
    "font": {
      "color": "rgba(0,0,0,1)",
      "family": "",
      "size": 18.596928185969279
    },
    "title": {
      "text": "<b> PacBio focused <\/b>",
      "font": {
        "color": "rgba(0,0,0,1)",
        "family": "",
        "size": 15.940224159402243
      },
      "x": 0,
      "xref": "paper"
    },
    "xaxis": {
      "domain": [0, 1],
      "automargin": true,
      "type": "category",
      "autorange": true,
      "range": [0.40000000000000002, 31.600000000000001],
      "tickmode": "auto",
      "ticktext": ["Tested On Human Data", "Availability Of Test Data", "SNP And Variant Analysis", "Analysis Pipelines", "Tested On Non Human Data", "Transcriptomics", "Denovo Assembly", "Error Correction And Polishing", "Alignment", "Isoform Detection", "Generating Consensus Sequence", "Visualisation", "Quality Checking", "Provide Summary Statistics", "Metagenomics", "Read Quantification", "Suitable For Single Cell Experiments", "Base Modification Detection", "Scaffolding", "Long Read Overlapping", "Gap Filling", "Taxonomic Classification", "Quality Filtering", "Simulators", "Quality Trimming", "Demultiplexing", "Evaluating Existing Methods", "polyA Length Estimation", "Basecalling", "Normalisation", "fast5 File Processing"],
      "tickvals": [1, 2, 3, 4, 5, 6, 7, 8, 9, 10, 11, 12, 13, 14, 15, 16, 17, 18, 19, 20, 21, 22, 23, 24, 25, 26, 27, 28, 29, 30, 31],
      "categoryorder": "array",