{
  "data": [
    {
      "orientation": "v",
      "width": [0.9, 0.9, 0.9, 0.9, 0.9, 0.9, 0.9, 0.899999999999999, 0.899999999999999, 0.899999999999999, 0.899999999999999, 0.899999999999999, 0.899999999999999, 0.899999999999999, 0.899999999999999, 0.899999999999999, 0.899999999999999, 0.899999999999999, 0.899999999999999, 0.899999999999999, 0.899999999999999, 0.899999999999999, 0.899999999999999, 0.899999999999999, 0.899999999999999, 0.899999999999999, 0.899999999999999, 0.899999999999999, 0.899999999999999, 0.899999999999999, 0.899999999999999, 0.900000000000002, 0.900000000000006, 0.900000000000006, 0.900000000000006],
      "base": [0, 0, 0, 0, 0, 0, 0, 0, 0, 0, 0, 0, 0, 0, 0, 0, 0, 0, 0, 0, 0, 0, 0, 0, 0, 0, 0, 0, 0, 0, 0, 0, 0, 0, 0],
      "x": [1, 2, 3, 4, 5, 6, 7, 8, 9, 10, 11, 12, 13, 14, 15, 16, 17, 18, 19, 20, 21, 22, 23, 24, 25, 26, 27, 28, 29, 30, 31, 32, 33, 34, 35],
      "y": [0.200652528548124, 0.185970636215334, 0.172920065252855, 0.164763458401305, 0.154975530179445, 0.140293637846656, 0.135399673735726, 0.132137030995106, 0.106035889070147, 0.106035889070147, 0.102773246329527, 0.0946166394779772, 0.0897226753670473, 0.0848287112561175, 0.0750407830342577, 0.0701468189233279, 0.066884176182708, 0.0440456769983687, 0.0407830342577488, 0.0358890701468189, 0.034257748776509, 0.034257748776509, 0.034257748776509, 0.0261011419249592, 0.0261011419249592, 0.0212071778140294, 0.0195758564437194, 0.0179445350734095, 0.0163132137030995, 0.0130505709624796, 0.0065252854812398, 0.0065252854812398, 0.00489396411092985, 0.00489396411092985, 0.00489396411092985],
      "text": ["Category: Error Correction And Polishing<br />Count: 123 <br /> Percent: 20.1", "Category: SNP And Variant Analysis<br />Count: 114 <br /> Percent: 18.6", "Category: Denovo Assembly<br />Count: 106 <br /> Percent: 17.3", "Category: Tested On Non Human Data<br />Count: 101 <br /> Percent: 16.5", "Category: Tested On Human Data<br />Count: 95 <br /> Percent: 15.5", "Category: Transcriptomics<br />Count: 86 <br /> Percent: 14", "Category: Alignment<br />Count: 83 <br /> Percent: 13.5", "Category: Analysis Pipelines<br />Count: 81 <br /> Percent: 13.2", "Category: Availablity Of Test Data<br />Count: 65 <br /> Percent: 10.6", "Category: Visualisation<br />Count: 65 <br /> Percent: 10.6", "Category: Generating Consensus Sequence<br />Count: 63 <br /> Percent: 10.3", "Category: Quality Checking<br />Count: 58 <br /> Percent: 9.5", "Category: Base Modification Detection<br />Count: 55 <br /> Percent: 9", "Category: Provide Summary Statistics<br />Count: 52 <br /> Percent: 8.5", "Category: Isoform Detection<br />Count: 46 <br /> Percent: 7.5", "Category: Basecalling<br />Count: 43 <br /> Percent: 7", "Category: Metagenomics<br />Count: 41 <br /> Percent: 6.7", "Category: Scaffolding<br />Count: 27 <br /> Percent: 4.4", "Category: Read Quantification<br />Count: 25 <br /> Percent: 4.1", "Category: Simulators<br />Count: 22 <br /> Percent: 3.6", "Category: Quality Filtering<br />Count: 21 <br /> Percent: 3.4", "Category: Quality Trimming<br />Count: 21 <br /> Percent: 3.4", "Category: Taxonomic Classification<br />Count: 21 <br /> Percent: 3.4", "Category: Demultiplexing<br />Count: 16 <br /> Percent: 2.6", "Category: Gap Filling<br />Count: 16 <br /> Percent: 2.6", "Category: Long Read Overlapping<br />Count: 13 <br /> Percent: 2.1", "Category: fast5 File Processing<br />Count: 12 <br /> Percent: 2", "Category: Evaluating Exisiting Methods<br />Count: 11 <br /> Percent: 1.8", "Category: Suitable For Single Cell Experiments<br />Count: 10 <br /> Percent: 1.6", "Category: RNAStructure<br />Count: 8 <br /> Percent: 1.3", "Category: Data Structures<br />Count: 4 <br /> Percent: 0.7", "Category: Fusion Detection<br />Count: 4 <br /> Percent: 0.7", "Category: Coexpression Analysis<br />Count: 3 <br /> Percent: 0.5", "Category: Normalisation<br />Count: 3 <br /> Percent: 0.5", "Category: polyA Length Estimation<br />Count: 3 <br /> Percent: 0.5"],
      "type": "bar",
      "textposition": "none",
      "marker": {
        "autocolorscale": false,
        "color": "rgba(89,115,37,1)",
        "line": {
          "width": 1.88976377952756,
          "color": "transparent"
        }
      },
      "showlegend": false,
      "xaxis": "x",
      "yaxis": "y",
      "hoverinfo": "text",
      "frame": null
    }
  ],
  "layout": {
    "margin": {
      "t": 50,
      "r": 10,
      "b": 200,
      "l": 80
    },
    "font": {
      "color": "rgba(0,0,0,1)",
      "family": "",
      "size": 18.5969281859693
    },
    "title": {
      "text": "<b> Categories <\/b>",
      "font": {
        "color": "rgba(0,0,0,1)",
        "family": "",
        "size": 26.5670402656704
      },
      "x": 0,
      "xref": "paper"
    },
    "xaxis": {
      "domain": [0, 1],
      "automargin": true,
      "type": "linear",
      "autorange": false,
      "range": [0.4, 35.6],
      "tickmode": "array",
      "ticktext": ["Error Correction And Polishing", "SNP And Variant Analysis", "Denovo Assembly", "Tested On Non Human Data", "Tested On Human Data", "Transcriptomics", "Alignment", "Analysis Pipelines", "Availablity Of Test Data", "Visualisation", "Generating Consensus Sequence", "Quality Checking", "Base Modification Detection", "Provide Summary Statistics", "Isoform Detection", "Basecalling", "Metagenomics", "Scaffolding", "Read Quantification", "Simulators", "Quality Filtering", "Quality Trimming", "Taxonomic Classification", "Demultiplexing", "Gap Filling", "Long Read Overlapping", "fast5 File Processing", "Evaluating Exisiting Methods", "Suitable For Single Cell Experiments", "RNAStructure", "Data Structures", "Fusion Detection", "Coexpression Analysis", "Normalisation", "polyA Length Estimation"],
      "tickvals": [1, 2, 3, 4, 5, 6, 7, 8, 9, 10, 11, 12, 13, 14, 15, 16, 17, 18, 19, 20, 21, 22, 23, 24, 25, 26, 27, 28, 29, 30, 31, 32, 33, 34, 35],
      "categoryorder": "array",
      "categoryarray": ["Error Correction And Polishing", "SNP And Variant Analysis", "Denovo Assembly", "Tested On Non Human Data", "Tested On Human Data", "Transcriptomics", "Alignment", "Analysis Pipelines", "Availablity Of Test Data", "Visualisation", "Generating Consensus Sequence", "Quality Checking", "Base Modification Detection", "Provide Summary Statistics", "Isoform Detection", "Basecalling", "Metagenomics", "Scaffolding", "Read Quantification", "Simulators", "Quality Filtering", "Quality Trimming", "Taxonomic Classification", "Demultiplexing", "Gap Filling", "Long Read Overlapping", "fast5 File Processing", "Evaluating Exisiting Methods", "Suitable For Single Cell Experiments", "RNAStructure", "Data Structures", "Fusion Detection", "Coexpression Analysis", "Normalisation", "polyA Length Estimation"],
      "nticks": null,
      "ticks": "outside",
      "tickcolor": "rgba(0,0,0,1)",
      "ticklen": 4.64923204649232,
      "tickwidth": 0.66417600664176,
      "showticklabels": true,
      "tickfont": {
        "color": "rgba(0,0,0,1)",
        "family": "",
        "size": 10.6268161062682
      },
      "tickangle": -60,
      "showline": true,
      "linecolor": "rgba(0,0,0,1)",
      "linewidth": 0.66417600664176,
      "showgrid": false,
      "gridcolor": null,
      "gridwidth": 0,
      "zeroline": false,
      "anchor": "y",
      "title": {
        "text": "",
        "font": {
          "color": null,
          "family": null,
          "size": 0
        }
      },
      "hoverformat": ".2f"
    },
    "yaxis": {
      "domain": [0, 1],
      "automargin": true,
      "type": "linear",
      "autorange": false,
      "range": [-0.0100326264274062, 0.21068515497553],
      "tickmode": "array",
      "ticktext": ["0.0%", "5.0%", "10.0%", "15.0%", "20.0%"],
      "tickvals": [0, 0.05, 0.1, 0.15, 0.2],
      "categoryorder": "array",
      "categoryarray": ["0.0%", "5.0%", "10.0%", "15.0%", "20.0%"],
      "nticks": null,
      "ticks": "outside",
      "tickcolor": "rgba(0,0,0,1)",