{
  "data": [
    {
      "orientation": "v",
      "width": [0.89999999999999991, 0.90000000000000013, 0.90000000000000036, 0.90000000000000036, 0.90000000000000036, 0.90000000000000036, 0.90000000000000036, 0.89999999999999947, 0.89999999999999858, 0.89999999999999858, 0.89999999999999858, 0.89999999999999858, 0.89999999999999858, 0.89999999999999858, 0.89999999999999858, 0.89999999999999858, 0.89999999999999858, 0.89999999999999858, 0.89999999999999858, 0.89999999999999858, 0.89999999999999858, 0.89999999999999858, 0.89999999999999858, 0.89999999999999858, 0.89999999999999858, 0.89999999999999858, 0.89999999999999858, 0.89999999999999858, 0.89999999999999858, 0.89999999999999858, 0.89999999999999858],
      "base": [0, 0, 0, 0, 0, 0, 0, 0, 0, 0, 0, 0, 0, 0, 0, 0, 0, 0, 0, 0, 0, 0, 0, 0, 0, 0, 0, 0, 0, 0, 0],
      "x": ["Tested On Human Data", "Availability Of Test Data", "Analysis Pipelines", "Tested On Non Human Data", "SNP And Variant Analysis", "Transcriptomics", "Alignment", "Error Correction And Polishing", "Denovo Assembly", "Base Modification Detection", "Visualisation", "Isoform Detection", "Quality Checking", "Generating Consensus Sequence", "Provide Summary Statistics", "Metagenomics", "Basecalling", "Read Quantification", "Suitable For Single Cell Experiments", "Taxonomic Classification", "fast5 File Processing", "Demultiplexing", "Scaffolding", "Simulators", "Long Read Overlapping", "Quality Filtering", "Quality Trimming", "Gap Filling", "Evaluating Existing Methods", "Normalisation", "polyA Length Estimation"],
      "y": [0.24794895168641751, 0.24521422060164083, 0.21330902461257975, 0.19598906107566089, 0.18869644484958978, 0.16681859617137648, 0.13764813126709208, 0.12215132178669097, 0.11485870556061988, 0.11030082041932543, 0.10756608933454877, 0.086599817684594349, 0.076572470373746579, 0.075660893345487687, 0.071103008204193255, 0.065633546034639931, 0.062898814949863269, 0.053783044667274384, 0.041932543299908843, 0.031905195989061073, 0.0300820419325433, 0.029170464904284411, 0.026435733819507749, 0.026435733819507749, 0.024612579762989972, 0.024612579762989972, 0.02187784867821331, 0.019143117593436645, 0.014585232452142206, 0.0091157702825888781, 0.0082041932543299913],
      "text": ["count: 0.247948952<br />Category: Tested On Human Data<br />Prop: 0.247948952<br />Count: 272 <br /> Percent: 24.8", "count: 0.245214221<br />Category: Availability Of Test Data<br />Prop: 0.245214221<br />Count: 269 <br /> Percent: 24.5", "count: 0.213309025<br />Category: Analysis Pipelines<br />Prop: 0.213309025<br />Count: 234 <br /> Percent: 21.3", "count: 0.195989061<br />Category: Tested On Non Human Data<br />Prop: 0.195989061<br />Count: 215 <br /> Percent: 19.6", "count: 0.188696445<br />Category: SNP And Variant Analysis<br />Prop: 0.188696445<br />Count: 207 <br /> Percent: 18.9", "count: 0.166818596<br />Category: Transcriptomics<br />Prop: 0.166818596<br />Count: 183 <br /> Percent: 16.7", "count: 0.137648131<br />Category: Alignment<br />Prop: 0.137648131<br />Count: 151 <br /> Percent: 13.8", "count: 0.122151322<br />Category: Error Correction And Polishing<br />Prop: 0.122151322<br />Count: 134 <br /> Percent: 12.2", "count: 0.114858706<br />Category: Denovo Assembly<br />Prop: 0.114858706<br />Count: 126 <br /> Percent: 11.5", "count: 0.110300820<br />Category: Base Modification Detection<br />Prop: 0.110300820<br />Count: 121 <br /> Percent: 11", "count: 0.107566089<br />Category: Visualisation<br />Prop: 0.107566089<br />Count: 118 <br /> Percent: 10.8", "count: 0.086599818<br />Category: Isoform Detection<br />Prop: 0.086599818<br />Count: 95 <br /> Percent: 8.7", "count: 0.076572470<br />Category: Quality Checking<br />Prop: 0.076572470<br />Count: 84 <br /> Percent: 7.7", "count: 0.075660893<br />Category: Generating Consensus Sequence<br />Prop: 0.075660893<br />Count: 83 <br /> Percent: 7.6", "count: 0.071103008<br />Category: Provide Summary Statistics<br />Prop: 0.071103008<br />Count: 78 <br /> Percent: 7.1", "count: 0.065633546<br />Category: Metagenomics<br />Prop: 0.065633546<br />Count: 72 <br /> Percent: 6.6", "count: 0.062898815<br />Category: Basecalling<br />Prop: 0.062898815<br />Count: 69 <br /> Percent: 6.3", "count: 0.053783045<br />Category: Read Quantification<br />Prop: 0.053783045<br />Count: 59 <br /> Percent: 5.4", "count: 0.041932543<br />Category: Suitable For Single Cell Experiments<br />Prop: 0.041932543<br />Count: 46 <br /> Percent: 4.2", "count: 0.031905196<br />Category: Taxonomic Classification<br />Prop: 0.031905196<br />Count: 35 <br /> Percent: 3.2", "count: 0.030082042<br />Category: fast5 File Processing<br />Prop: 0.030082042<br />Count: 33 <br /> Percent: 3", "count: 0.029170465<br />Category: Demultiplexing<br />Prop: 0.029170465<br />Count: 32 <br /> Percent: 2.9", "count: 0.026435734<br />Category: Scaffolding<br />Prop: 0.026435734<br />Count: 29 <br /> Percent: 2.6", "count: 0.026435734<br />Category: Simulators<br />Prop: 0.026435734<br />Count: 29 <br /> Percent: 2.6", "count: 0.024612580<br />Category: Long Read Overlapping<br />Prop: 0.024612580<br />Count: 27 <br /> Percent: 2.5", "count: 0.024612580<br />Category: Quality Filtering<br />Prop: 0.024612580<br />Count: 27 <br /> Percent: 2.5", "count: 0.021877849<br />Category: Quality Trimming<br />Prop: 0.021877849<br />Count: 24 <br /> Percent: 2.2", "count: 0.019143118<br />Category: Gap Filling<br />Prop: 0.019143118<br />Count: 21 <br /> Percent: 1.9", "count: 0.014585232<br />Category: Evaluating Existing Methods<br />Prop: 0.014585232<br />Count: 16 <br /> Percent: 1.5", "count: 0.009115770<br />Category: Normalisation<br />Prop: 0.009115770<br />Count: 10 <br /> Percent: 0.9", "count: 0.008204193<br />Category: polyA Length Estimation<br />Prop: 0.008204193<br />Count: 9 <br /> Percent: 0.8"],
      "type": "bar",
      "textposition": "none",
      "marker": {
        "autocolorscale": false,
        "color": "rgba(159,199,81,1)",
        "line": {
          "width": 1.8897637795275593,
          "color": "transparent"
        }
      },
      "showlegend": false,
      "xaxis": "x",
      "yaxis": "y",
      "hoverinfo": "text",
      "frame": null
    }
  ],
  "layout": {
    "margin": {
      "t": 50,
      "r": 40,
      "b": 90,
      "l": 70
    },
    "font": {
      "color": "rgba(0,0,0,1)",
      "family": "",
      "size": 18.596928185969279
    },
    "title": {
      "text": "<b> Oxford Nanopore focused <\/b>",
      "font": {
        "color": "rgba(0,0,0,1)",
        "family": "",
        "size": 15.940224159402243
      },
      "x": 0,
      "xref": "paper"
    },
    "xaxis": {
      "domain": [0, 1],
      "automargin": true,
      "type": "category",
      "autorange": true,
      "range": [0.40000000000000002, 31.600000000000001],
      "tickmode": "auto",
      "ticktext": ["Tested On Human Data", "Availability Of Test Data", "Analysis Pipelines", "Tested On Non Human Data", "SNP And Variant Analysis", "Transcriptomics", "Alignment", "Error Correction And Polishing", "Denovo Assembly", "Base Modification Detection", "Visualisation", "Isoform Detection", "Quality Checking", "Generating Consensus Sequence", "Provide Summary Statistics", "Metagenomics", "Basecalling", "Read Quantification", "Suitable For Single Cell Experiments", "Taxonomic Classification", "fast5 File Processing", "Demultiplexing", "Scaffolding", "Simulators", "Long Read Overlapping", "Quality Filtering", "Quality Trimming", "Gap Filling", "Evaluating Existing Methods", "Normalisation", "polyA Length Estimation"],
      "tickvals": [1, 2, 3, 4, 5, 6, 7, 8, 9, 10, 11, 12, 13, 14, 15, 16, 17, 18, 19, 20, 21, 22, 23, 24, 25, 26, 27, 28, 29, 30, 31],
      "categoryorder": "array",