{
  "data": [
    {
      "orientation": "v",
      "width": [0.9, 0.9, 0.9, 0.9, 0.9, 0.9, 0.9, 0.899999999999999, 0.899999999999999, 0.899999999999999, 0.899999999999999, 0.899999999999999, 0.899999999999999, 0.899999999999999, 0.899999999999999, 0.899999999999999, 0.899999999999999, 0.899999999999999, 0.899999999999999, 0.899999999999999, 0.899999999999999, 0.899999999999999, 0.899999999999999, 0.899999999999999, 0.899999999999999, 0.899999999999999, 0.899999999999999, 0.899999999999999, 0.899999999999999, 0.899999999999999, 0.899999999999999, 0.900000000000002, 0.900000000000006, 0.900000000000006, 0.900000000000006],
      "base": [0, 0, 0, 0, 0, 0, 0, 0, 0, 0, 0, 0, 0, 0, 0, 0, 0, 0, 0, 0, 0, 0, 0, 0, 0, 0, 0, 0, 0, 0, 0, 0, 0, 0, 0],
      "x": [1, 2, 3, 4, 5, 6, 7, 8, 9, 10, 11, 12, 13, 14, 15, 16, 17, 18, 19, 20, 21, 22, 23, 24, 25, 26, 27, 28, 29, 30, 31, 32, 33, 34, 35],
      "y": [0.205992509363296, 0.174157303370787, 0.172284644194757, 0.155430711610487, 0.144194756554307, 0.136704119850187, 0.131086142322097, 0.123595505617978, 0.102996254681648, 0.102996254681648, 0.099250936329588, 0.0880149812734082, 0.0880149812734082, 0.0786516853932584, 0.0749063670411985, 0.0730337078651685, 0.0617977528089888, 0.0411985018726592, 0.0393258426966292, 0.0374531835205993, 0.0355805243445693, 0.0318352059925094, 0.0318352059925094, 0.0243445692883895, 0.0243445692883895, 0.0224719101123595, 0.0205992509363296, 0.0187265917602996, 0.0149812734082397, 0.00936329588014981, 0.00561797752808989, 0.00374531835205993, 0.00374531835205993, 0.00187265917602996, 0.00187265917602996],
      "text": ["Category: Error Correction And Polishing<br />Count: 110 <br /> Percent: 20.6", "Category: Denovo Assembly<br />Count: 93 <br /> Percent: 17.4", "Category: SNP And Variant Analysis<br />Count: 92 <br /> Percent: 17.2", "Category: Tested On Non Human Data<br />Count: 83 <br /> Percent: 15.5", "Category: Transcriptomics<br />Count: 77 <br /> Percent: 14.4", "Category: Alignment<br />Count: 73 <br /> Percent: 13.7", "Category: Tested On Human Data<br />Count: 70 <br /> Percent: 13.1", "Category: Analysis Pipelines<br />Count: 66 <br /> Percent: 12.4", "Category: Generating Consensus Sequence<br />Count: 55 <br /> Percent: 10.3", "Category: Visualisation<br />Count: 55 <br /> Percent: 10.3", "Category: Quality Checking<br />Count: 53 <br /> Percent: 9.9", "Category: Base Modification Detection<br />Count: 47 <br /> Percent: 8.8", "Category: Provide Summary Statistics<br />Count: 47 <br /> Percent: 8.8", "Category: Availablity Of Test Data<br />Count: 42 <br /> Percent: 7.9", "Category: Isoform Detection<br />Count: 40 <br /> Percent: 7.5", "Category: Basecalling<br />Count: 39 <br /> Percent: 7.3", "Category: Metagenomics<br />Count: 33 <br /> Percent: 6.2", "Category: Simulators<br />Count: 22 <br /> Percent: 4.1", "Category: Quality Trimming<br />Count: 21 <br /> Percent: 3.9", "Category: Scaffolding<br />Count: 20 <br /> Percent: 3.7", "Category: Taxonomic Classification<br />Count: 19 <br /> Percent: 3.6", "Category: Quality Filtering<br />Count: 17 <br /> Percent: 3.2", "Category: Read Quantification<br />Count: 17 <br /> Percent: 3.2", "Category: Gap Filling<br />Count: 13 <br /> Percent: 2.4", "Category: Long Read Overlapping<br />Count: 13 <br /> Percent: 2.4", "Category: Demultiplexing<br />Count: 12 <br /> Percent: 2.2", "Category: fast5 File Processing<br />Count: 11 <br /> Percent: 2.1", "Category: Evaluating Exisiting Methods<br />Count: 10 <br /> Percent: 1.9", "Category: Suitable For Single Cell Experiments<br />Count: 8 <br /> Percent: 1.5", "Category: RNAStructure<br />Count: 5 <br /> Percent: 0.9", "Category: polyA Length Estimation<br />Count: 3 <br /> Percent: 0.6", "Category: Fusion Detection<br />Count: 2 <br /> Percent: 0.4", "Category: Normalisation<br />Count: 2 <br /> Percent: 0.4", "Category: Alternative Splicing Detection<br />Count: 1 <br /> Percent: 0.2", "Category: Coexpression Analysis<br />Count: 1 <br /> Percent: 0.2"],
      "type": "bar",
      "marker": {
        "autocolorscale": false,
        "color": "rgba(89,115,37,1)",
        "line": {
          "width": 1.88976377952756,
          "color": "transparent"
        }
      },
      "showlegend": false,
      "xaxis": "x",
      "yaxis": "y",
      "hoverinfo": "text",
      "frame": null
    }
  ],
  "layout": {
    "margin": {
      "t": 50,
      "r": 10,
      "b": 200,
      "l": 80
    },
    "font": {
      "color": "rgba(0,0,0,1)",
      "family": "",
      "size": 18.5969281859693
    },
    "title": {
      "text": "<b> Categories <\/b>",
      "font": {
        "color": "rgba(0,0,0,1)",
        "family": "",
        "size": 26.5670402656704
      },
      "x": 0,
      "xref": "paper"
    },
    "xaxis": {
      "domain": [0, 1],
      "automargin": true,
      "type": "linear",
      "autorange": false,
      "range": [0.4, 35.6],
      "tickmode": "array",
      "ticktext": ["Error Correction And Polishing", "Denovo Assembly", "SNP And Variant Analysis", "Tested On Non Human Data", "Transcriptomics", "Alignment", "Tested On Human Data", "Analysis Pipelines", "Generating Consensus Sequence", "Visualisation", "Quality Checking", "Base Modification Detection", "Provide Summary Statistics", "Availablity Of Test Data", "Isoform Detection", "Basecalling", "Metagenomics", "Simulators", "Quality Trimming", "Scaffolding", "Taxonomic Classification", "Quality Filtering", "Read Quantification", "Gap Filling", "Long Read Overlapping", "Demultiplexing", "fast5 File Processing", "Evaluating Exisiting Methods", "Suitable For Single Cell Experiments", "RNAStructure", "polyA Length Estimation", "Fusion Detection", "Normalisation", "Alternative Splicing Detection", "Coexpression Analysis"],
      "tickvals": [1, 2, 3, 4, 5, 6, 7, 8, 9, 10, 11, 12, 13, 14, 15, 16, 17, 18, 19, 20, 21, 22, 23, 24, 25, 26, 27, 28, 29, 30, 31, 32, 33, 34, 35],
      "categoryorder": "array",
      "categoryarray": ["Error Correction And Polishing", "Denovo Assembly", "SNP And Variant Analysis", "Tested On Non Human Data", "Transcriptomics", "Alignment", "Tested On Human Data", "Analysis Pipelines", "Generating Consensus Sequence", "Visualisation", "Quality Checking", "Base Modification Detection", "Provide Summary Statistics", "Availablity Of Test Data", "Isoform Detection", "Basecalling", "Metagenomics", "Simulators", "Quality Trimming", "Scaffolding", "Taxonomic Classification", "Quality Filtering", "Read Quantification", "Gap Filling", "Long Read Overlapping", "Demultiplexing", "fast5 File Processing", "Evaluating Exisiting Methods", "Suitable For Single Cell Experiments", "RNAStructure", "polyA Length Estimation", "Fusion Detection", "Normalisation", "Alternative Splicing Detection", "Coexpression Analysis"],
      "nticks": null,
      "ticks": "outside",
      "tickcolor": "rgba(0,0,0,1)",
      "ticklen": 4.64923204649232,
      "tickwidth": 0.66417600664176,
      "showticklabels": true,
      "tickfont": {
        "color": "rgba(0,0,0,1)",
        "family": "",
        "size": 10.6268161062682
      },
      "tickangle": -60,
      "showline": true,
      "linecolor": "rgba(0,0,0,1)",
      "linewidth": 0.66417600664176,
      "showgrid": false,
      "gridcolor": null,
      "gridwidth": 0,
      "zeroline": false,
      "anchor": "y",
      "title": {
        "text": "",
        "font": {
          "color": null,
          "family": null,
          "size": 0
        }
      },
      "hoverformat": ".2f"
    },
    "yaxis": {
      "domain": [0, 1],
      "automargin": true,
      "type": "linear",
      "autorange": false,
      "range": [-0.0102996254681648, 0.216292134831461],
      "tickmode": "array",
      "ticktext": ["0.0%", "5.0%", "10.0%", "15.0%", "20.0%"],
      "tickvals": [0, 0.05, 0.1, 0.15, 0.2],
      "categoryorder": "array",
      "categoryarray": ["0.0%", "5.0%", "10.0%", "15.0%", "20.0%"],
      "nticks": null,
      "ticks": "outside",
      "tickcolor": "rgba(0,0,0,1)",