{
  "data": [
    {
      "orientation": "v",
      "width": [0.9, 0.9, 0.9, 0.9, 0.9, 0.9, 0.9, 0.899999999999999, 0.899999999999999, 0.899999999999999, 0.899999999999999, 0.899999999999999, 0.899999999999999, 0.899999999999999, 0.899999999999999, 0.899999999999999, 0.899999999999999, 0.899999999999999, 0.899999999999999, 0.899999999999999, 0.899999999999999, 0.899999999999999, 0.899999999999999, 0.899999999999999, 0.899999999999999, 0.899999999999999, 0.899999999999999, 0.899999999999999, 0.899999999999999, 0.899999999999999, 0.899999999999999, 0.900000000000002],
      "base": [0, 0, 0, 0, 0, 0, 0, 0, 0, 0, 0, 0, 0, 0, 0, 0, 0, 0, 0, 0, 0, 0, 0, 0, 0, 0, 0, 0, 0, 0, 0, 0],
      "x": [1, 2, 3, 4, 5, 6, 7, 8, 9, 10, 11, 12, 13, 14, 15, 16, 17, 18, 19, 20, 21, 22, 23, 24, 25, 26, 27, 28, 29, 30, 31, 32],
      "y": [0.205508474576271, 0.171610169491525, 0.150423728813559, 0.148305084745763, 0.133474576271186, 0.120762711864407, 0.120762711864407, 0.103813559322034, 0.103813559322034, 0.103813559322034, 0.0932203389830508, 0.0911016949152542, 0.0805084745762712, 0.0783898305084746, 0.0741525423728814, 0.0741525423728814, 0.0529661016949153, 0.0444915254237288, 0.038135593220339, 0.0338983050847458, 0.0338983050847458, 0.0338983050847458, 0.0275423728813559, 0.0254237288135593, 0.0233050847457627, 0.0233050847457627, 0.0211864406779661, 0.0190677966101695, 0.0105932203389831, 0.00847457627118644, 0.00635593220338983, 0.00423728813559322],
      "text": ["Category: Error Correction And Polishing<br />Count: 97 <br /> Percent: 20.6", "Category: Denovo Assembly<br />Count: 81 <br /> Percent: 17.2", "Category: SNP And Variant Analysis<br />Count: 71 <br /> Percent: 15", "Category: Tested On Non Human Data<br />Count: 70 <br /> Percent: 14.8", "Category: Transcriptomics<br />Count: 63 <br /> Percent: 13.3", "Category: Alignment<br />Count: 57 <br /> Percent: 12.1", "Category: Analysis Pipelines<br />Count: 57 <br /> Percent: 12.1", "Category: Quality Checking<br />Count: 49 <br /> Percent: 10.4", "Category: Tested On Human Data<br />Count: 49 <br /> Percent: 10.4", "Category: Visualisation<br />Count: 49 <br /> Percent: 10.4", "Category: Generating Consensus Sequence<br />Count: 44 <br /> Percent: 9.3", "Category: Provide Summary Statistics<br />Count: 43 <br /> Percent: 9.1", "Category: Availablity Of Test Data<br />Count: 38 <br /> Percent: 8.1", "Category: Base Modification Detection<br />Count: 37 <br /> Percent: 7.8", "Category: Basecalling<br />Count: 35 <br /> Percent: 7.4", "Category: Isoform Detection<br />Count: 35 <br /> Percent: 7.4", "Category: Metagenomics<br />Count: 25 <br /> Percent: 5.3", "Category: Simulators<br />Count: 21 <br /> Percent: 4.4", "Category: Quality Trimming<br />Count: 18 <br /> Percent: 3.8", "Category: Quality Filtering<br />Count: 16 <br /> Percent: 3.4", "Category: Scaffolding<br />Count: 16 <br /> Percent: 3.4", "Category: Taxonomic Classification<br />Count: 16 <br /> Percent: 3.4", "Category: Gap Filling<br />Count: 13 <br /> Percent: 2.8", "Category: Long Read Overlapping<br />Count: 12 <br /> Percent: 2.5", "Category: fast5 File Processing<br />Count: 11 <br /> Percent: 2.3", "Category: Read Quantification<br />Count: 11 <br /> Percent: 2.3", "Category: Evaluating Exisiting Methods<br />Count: 10 <br /> Percent: 2.1", "Category: Demultiplexing<br />Count: 9 <br /> Percent: 1.9", "Category: Suitable For Single Cell Experiments<br />Count: 5 <br /> Percent: 1.1", "Category: RNAStructure<br />Count: 4 <br /> Percent: 0.8", "Category: polyA Length Estimation<br />Count: 3 <br /> Percent: 0.6", "Category: Normalisation<br />Count: 2 <br /> Percent: 0.4"],
      "type": "bar",
      "marker": {
        "autocolorscale": false,
        "color": "rgba(89,115,37,1)",
        "line": {
          "width": 1.88976377952756,
          "color": "transparent"
        }
      },
      "showlegend": false,
      "xaxis": "x",
      "yaxis": "y",
      "hoverinfo": "text",
      "frame": null
    }
  ],
  "layout": {
    "margin": {
      "t": 50,
      "r": 10,
      "b": 200,
      "l": 80
    },
    "font": {
      "color": "rgba(0,0,0,1)",
      "family": "",
      "size": 18.5969281859693
    },
    "title": {
      "text": "<b> Categories <\/b>",
      "font": {
        "color": "rgba(0,0,0,1)",
        "family": "",
        "size": 26.5670402656704
      },
      "x": 0,
      "xref": "paper"
    },
    "xaxis": {
      "domain": [0, 1],
      "automargin": true,
      "type": "linear",
      "autorange": false,
      "range": [0.4, 32.6],
      "tickmode": "array",
      "ticktext": ["Error Correction And Polishing", "Denovo Assembly", "SNP And Variant Analysis", "Tested On Non Human Data", "Transcriptomics", "Alignment", "Analysis Pipelines", "Quality Checking", "Tested On Human Data", "Visualisation", "Generating Consensus Sequence", "Provide Summary Statistics", "Availablity Of Test Data", "Base Modification Detection", "Basecalling", "Isoform Detection", "Metagenomics", "Simulators", "Quality Trimming", "Quality Filtering", "Scaffolding", "Taxonomic Classification", "Gap Filling", "Long Read Overlapping", "fast5 File Processing", "Read Quantification", "Evaluating Exisiting Methods", "Demultiplexing", "Suitable For Single Cell Experiments", "RNAStructure", "polyA Length Estimation", "Normalisation"],
      "tickvals": [1, 2, 3, 4, 5, 6, 7, 8, 9, 10, 11, 12, 13, 14, 15, 16, 17, 18, 19, 20, 21, 22, 23, 24, 25, 26, 27, 28, 29, 30, 31, 32],
      "categoryorder": "array",
      "categoryarray": ["Error Correction And Polishing", "Denovo Assembly", "SNP And Variant Analysis", "Tested On Non Human Data", "Transcriptomics", "Alignment", "Analysis Pipelines", "Quality Checking", "Tested On Human Data", "Visualisation", "Generating Consensus Sequence", "Provide Summary Statistics", "Availablity Of Test Data", "Base Modification Detection", "Basecalling", "Isoform Detection", "Metagenomics", "Simulators", "Quality Trimming", "Quality Filtering", "Scaffolding", "Taxonomic Classification", "Gap Filling", "Long Read Overlapping", "fast5 File Processing", "Read Quantification", "Evaluating Exisiting Methods", "Demultiplexing", "Suitable For Single Cell Experiments", "RNAStructure", "polyA Length Estimation", "Normalisation"],
      "nticks": null,
      "ticks": "outside",
      "tickcolor": "rgba(0,0,0,1)",
      "ticklen": 4.64923204649232,
      "tickwidth": 0.66417600664176,
      "showticklabels": true,
      "tickfont": {
        "color": "rgba(0,0,0,1)",
        "family": "",
        "size": 10.6268161062682
      },
      "tickangle": -60,
      "showline": true,
      "linecolor": "rgba(0,0,0,1)",
      "linewidth": 0.66417600664176,
      "showgrid": false,
      "gridcolor": null,
      "gridwidth": 0,
      "zeroline": false,
      "anchor": "y",
      "title": {
        "text": "",
        "font": {
          "color": null,
          "family": null,
          "size": 0
        }
      },
      "hoverformat": ".2f"
    },
    "yaxis": {
      "domain": [0, 1],
      "automargin": true,
      "type": "linear",
      "autorange": false,
      "range": [-0.0102754237288136, 0.215783898305085],
      "tickmode": "array",
      "ticktext": ["0.0%", "5.0%", "10.0%", "15.0%", "20.0%"],
      "tickvals": [0, 0.05, 0.1, 0.15, 0.2],
      "categoryorder": "array",
      "categoryarray": ["0.0%", "5.0%", "10.0%", "15.0%", "20.0%"],
      "nticks": null,
      "ticks": "outside",
      "tickcolor": "rgba(0,0,0,1)",
      "ticklen": 4.64923204649232,
      "tickwidth": 0.66417600664176,
      "showticklabels": true,
      "tickfont": {
        "color": "rgba(0,0,0,1)",
        "family": "",
        "size": 13.2835201328352
      },
      "tickangle": -0,
      "showline": true,
      "linecolor": "rgba(0,0,0,1)",
      "linewidth": 0.66417600664176,
      "showgrid": false,
      "gridcolor": null,
      "gridwidth": 0,
      "zeroline": false,
      "anchor": "x",
      "title": {
        "text": "Percentage of tools",