{
  "data": [
    {
      "orientation": "v",
      "width": [0.9, 0.9, 0.9, 0.9, 0.9, 0.9, 0.9, 0.899999999999999, 0.899999999999999, 0.899999999999999, 0.899999999999999, 0.899999999999999, 0.899999999999999, 0.899999999999999, 0.899999999999999, 0.899999999999999, 0.899999999999999, 0.899999999999999, 0.899999999999999, 0.899999999999999, 0.899999999999999, 0.899999999999999, 0.899999999999999, 0.899999999999999, 0.899999999999999, 0.899999999999999, 0.899999999999999, 0.899999999999999, 0.899999999999999, 0.899999999999999, 0.899999999999999],
      "base": [0, 0, 0, 0, 0, 0, 0, 0, 0, 0, 0, 0, 0, 0, 0, 0, 0, 0, 0, 0, 0, 0, 0, 0, 0, 0, 0, 0, 0, 0, 0],
      "x": ["Error Correction And Polishing", "Denovo Assembly", "SNP And Variant Analysis", "Tested On Non Human Data", "Alignment", "Transcriptomics", "Tested On Human Data", "Generating Consensus Sequence", "Isoform Detection", "Availablity Of Test Data", "Analysis Pipelines", "Quality Checking", "Metagenomics", "Visualisation", "Provide Summary Statistics", "Simulators", "Taxonomic Classification", "Long Read Overlapping", "Quality Filtering", "Gap Filling", "Scaffolding", "Base Modification Detection", "Quality Trimming", "Read Quantification", "Evaluating Exisiting Methods", "Suitable For Single Cell Experiments", "Basecalling", "Demultiplexing", "fast5 File Processing", "Normalisation", "polyA Length Estimation"],
      "y": [0.15, 0.132, 0.11, 0.092, 0.088, 0.084, 0.072, 0.07, 0.06, 0.052, 0.044, 0.042, 0.034, 0.034, 0.032, 0.024, 0.024, 0.02, 0.02, 0.018, 0.018, 0.016, 0.016, 0.014, 0.01, 0.008, 0.006, 0.006, 0.002, 0.002, 0],
      "text": ["count: 0.150<br />Category: Error Correction And Polishing<br />Prop: 0.150<br />Count: 75 <br /> Percent: 15", "count: 0.132<br />Category: Denovo Assembly<br />Prop: 0.132<br />Count: 66 <br /> Percent: 13.2", "count: 0.110<br />Category: SNP And Variant Analysis<br />Prop: 0.110<br />Count: 55 <br /> Percent: 11", "count: 0.092<br />Category: Tested On Non Human Data<br />Prop: 0.092<br />Count: 46 <br /> Percent: 9.2", "count: 0.088<br />Category: Alignment<br />Prop: 0.088<br />Count: 44 <br /> Percent: 8.8", "count: 0.084<br />Category: Transcriptomics<br />Prop: 0.084<br />Count: 42 <br /> Percent: 8.4", "count: 0.072<br />Category: Tested On Human Data<br />Prop: 0.072<br />Count: 36 <br /> Percent: 7.2", "count: 0.070<br />Category: Generating Consensus Sequence<br />Prop: 0.070<br />Count: 35 <br /> Percent: 7", "count: 0.060<br />Category: Isoform Detection<br />Prop: 0.060<br />Count: 30 <br /> Percent: 6", "count: 0.052<br />Category: Availablity Of Test Data<br />Prop: 0.052<br />Count: 26 <br /> Percent: 5.2", "count: 0.044<br />Category: Analysis Pipelines<br />Prop: 0.044<br />Count: 22 <br /> Percent: 4.4", "count: 0.042<br />Category: Quality Checking<br />Prop: 0.042<br />Count: 21 <br /> Percent: 4.2", "count: 0.034<br />Category: Metagenomics<br />Prop: 0.034<br />Count: 17 <br /> Percent: 3.4", "count: 0.034<br />Category: Visualisation<br />Prop: 0.034<br />Count: 17 <br /> Percent: 3.4", "count: 0.032<br />Category: Provide Summary Statistics<br />Prop: 0.032<br />Count: 16 <br /> Percent: 3.2", "count: 0.024<br />Category: Simulators<br />Prop: 0.024<br />Count: 12 <br /> Percent: 2.4", "count: 0.024<br />Category: Taxonomic Classification<br />Prop: 0.024<br />Count: 12 <br /> Percent: 2.4", "count: 0.020<br />Category: Long Read Overlapping<br />Prop: 0.020<br />Count: 10 <br /> Percent: 2", "count: 0.020<br />Category: Quality Filtering<br />Prop: 0.020<br />Count: 10 <br /> Percent: 2", "count: 0.018<br />Category: Gap Filling<br />Prop: 0.018<br />Count: 9 <br /> Percent: 1.8", "count: 0.018<br />Category: Scaffolding<br />Prop: 0.018<br />Count: 9 <br /> Percent: 1.8", "count: 0.016<br />Category: Base Modification Detection<br />Prop: 0.016<br />Count: 8 <br /> Percent: 1.6", "count: 0.016<br />Category: Quality Trimming<br />Prop: 0.016<br />Count: 8 <br /> Percent: 1.6", "count: 0.014<br />Category: Read Quantification<br />Prop: 0.014<br />Count: 7 <br /> Percent: 1.4", "count: 0.010<br />Category: Evaluating Exisiting Methods<br />Prop: 0.010<br />Count: 5 <br /> Percent: 1", "count: 0.008<br />Category: Suitable For Single Cell Experiments<br />Prop: 0.008<br />Count: 4 <br /> Percent: 0.8", "count: 0.006<br />Category: Basecalling<br />Prop: 0.006<br />Count: 3 <br /> Percent: 0.6", "count: 0.006<br />Category: Demultiplexing<br />Prop: 0.006<br />Count: 3 <br /> Percent: 0.6", "count: 0.002<br />Category: fast5 File Processing<br />Prop: 0.002<br />Count: 1 <br /> Percent: 0.2", "count: 0.002<br />Category: Normalisation<br />Prop: 0.002<br />Count: 1 <br /> Percent: 0.2", "count: 0.000<br />Category: polyA Length Estimation<br />Prop: 0.000<br />Count: 0 <br /> Percent: 0"],
      "type": "bar",
      "marker": {
        "autocolorscale": false,
        "color": "rgba(159,199,81,1)",
        "line": {
          "width": 1.88976377952756,
          "color": "transparent"
        }
      },
      "showlegend": false,
      "xaxis": "x",
      "yaxis": "y",
      "hoverinfo": "text",
      "frame": null
    }
  ],
  "layout": {
    "margin": {
      "t": 50,
      "r": 40,
      "b": 90,
      "l": 70
    },
    "font": {
      "color": "rgba(0,0,0,1)",
      "family": "",
      "size": 18.5969281859693
    },
    "title": {
      "text": "<b> PacBio focused <\/b>",
      "font": {
        "color": "rgba(0,0,0,1)",
        "family": "",
        "size": 15.9402241594022
      },
      "x": 0,
      "xref": "paper"
    },
    "xaxis": {
      "domain": [0, 1],
      "automargin": true,
      "type": "category",
      "autorange": true,
      "range": [0.4, 31.6],
      "tickmode": "auto",
      "ticktext": ["Error Correction And Polishing", "Denovo Assembly", "SNP And Variant Analysis", "Tested On Non Human Data", "Alignment", "Transcriptomics", "Tested On Human Data", "Generating Consensus Sequence", "Isoform Detection", "Availablity Of Test Data", "Analysis Pipelines", "Quality Checking", "Metagenomics", "Visualisation", "Provide Summary Statistics", "Simulators", "Taxonomic Classification", "Long Read Overlapping", "Quality Filtering", "Gap Filling", "Scaffolding", "Base Modification Detection", "Quality Trimming", "Read Quantification", "Evaluating Exisiting Methods", "Suitable For Single Cell Experiments", "Basecalling", "Demultiplexing", "fast5 File Processing", "Normalisation", "polyA Length Estimation"],
      "tickvals": [1, 2, 3, 4, 5, 6, 7, 8, 9, 10, 11, 12, 13, 14, 15, 16, 17, 18, 19, 20, 21, 22, 23, 24, 25, 26, 27, 28, 29, 30, 31],
      "categoryorder": "array",
      "categoryarray": ["Error Correction And Polishing", "Denovo Assembly", "SNP And Variant Analysis", "Tested On Non Human Data", "Alignment", "Transcriptomics", "Tested On Human Data", "Generating Consensus Sequence", "Isoform Detection", "Availablity Of Test Data", "Analysis Pipelines", "Quality Checking", "Metagenomics", "Visualisation", "Provide Summary Statistics", "Simulators", "Taxonomic Classification", "Long Read Overlapping", "Quality Filtering", "Gap Filling", "Scaffolding", "Base Modification Detection", "Quality Trimming", "Read Quantification", "Evaluating Exisiting Methods", "Suitable For Single Cell Experiments", "Basecalling", "Demultiplexing", "fast5 File Processing", "Normalisation", "polyA Length Estimation"],
      "nticks": null,
      "ticks": "outside",
      "tickcolor": "rgba(0,0,0,1)",
      "ticklen": 4.64923204649232,
      "tickwidth": 0.66417600664176,
      "showticklabels": true,
      "tickfont": {
        "color": "rgba(0,0,0,1)",
        "family": "",
        "size": 11.9551681195517
      },
      "tickangle": -60,
      "showline": true,
      "linecolor": "rgba(0,0,0,1)",
      "linewidth": 0.66417600664176,
      "showgrid": false,
      "gridcolor": null,
      "gridwidth": 0,
      "zeroline": false,
      "anchor": "y",
      "title": {
        "text": "",
        "font": {
          "color": null,