{
  "data": [
    {
      "orientation": "v",
      "width": [0.9, 0.9, 0.9, 0.9, 0.9, 0.9, 0.9, 0.899999999999999, 0.899999999999999, 0.899999999999999, 0.899999999999999, 0.899999999999999, 0.899999999999999, 0.899999999999999, 0.899999999999999, 0.899999999999999, 0.899999999999999, 0.899999999999999, 0.899999999999999, 0.899999999999999, 0.899999999999999, 0.899999999999999, 0.899999999999999, 0.899999999999999, 0.899999999999999, 0.899999999999999, 0.899999999999999, 0.899999999999999, 0.899999999999999, 0.899999999999999, 0.899999999999999, 0.900000000000002, 0.900000000000006, 0.900000000000006, 0.900000000000006],
      "base": [0, 0, 0, 0, 0, 0, 0, 0, 0, 0, 0, 0, 0, 0, 0, 0, 0, 0, 0, 0, 0, 0, 0, 0, 0, 0, 0, 0, 0, 0, 0, 0, 0, 0, 0],
      "x": [1, 2, 3, 4, 5, 6, 7, 8, 9, 10, 11, 12, 13, 14, 15, 16, 17, 18, 19, 20, 21, 22, 23, 24, 25, 26, 27, 28, 29, 30, 31, 32, 33, 34, 35],
      "y": [0.204585537918871, 0.18694885361552, 0.174603174603175, 0.149911816578483, 0.144620811287478, 0.135802469135802, 0.128747795414462, 0.105820105820106, 0.104056437389771, 0.0952380952380952, 0.0952380952380952, 0.091710758377425, 0.0846560846560847, 0.0776014109347443, 0.0705467372134039, 0.0634920634920635, 0.0405643738977072, 0.037037037037037, 0.037037037037037, 0.0352733686067019, 0.0352733686067019, 0.0335097001763668, 0.0229276895943563, 0.0229276895943563, 0.0229276895943563, 0.0194003527336861, 0.017636684303351, 0.0141093474426808, 0.00881834215167548, 0.00529100529100529, 0.00352733686067019, 0.00352733686067019, 0.00352733686067019, 0.0017636684303351, 0],
      "text": ["Category: Error Correction And Polishing<br />Count: 116 <br /> Percent: 20.5", "Category: SNP And Variant Analysis<br />Count: 106 <br /> Percent: 18.7", "Category: Denovo Assembly<br />Count: 99 <br /> Percent: 17.5", "Category: Tested On Human Data<br />Count: 85 <br /> Percent: 15", "Category: Transcriptomics<br />Count: 82 <br /> Percent: 14.5", "Category: Alignment<br />Count: 77 <br /> Percent: 13.6", "Category: Analysis Pipelines<br />Count: 73 <br /> Percent: 12.9", "Category: Generating Consensus Sequence<br />Count: 60 <br /> Percent: 10.6", "Category: Visualisation<br />Count: 59 <br /> Percent: 10.4", "Category: Availablity Of Test Data<br />Count: 54 <br /> Percent: 9.5", "Category: Quality Checking<br />Count: 54 <br /> Percent: 9.5", "Category: Base Modification Detection<br />Count: 52 <br /> Percent: 9.2", "Category: Provide Summary Statistics<br />Count: 48 <br /> Percent: 8.5", "Category: Isoform Detection<br />Count: 44 <br /> Percent: 7.8", "Category: Basecalling<br />Count: 40 <br /> Percent: 7.1", "Category: Metagenomics<br />Count: 36 <br /> Percent: 6.3", "Category: Scaffolding<br />Count: 23 <br /> Percent: 4.1", "Category: Quality Trimming<br />Count: 21 <br /> Percent: 3.7", "Category: Simulators<br />Count: 21 <br /> Percent: 3.7", "Category: Quality Filtering<br />Count: 20 <br /> Percent: 3.5", "Category: Read Quantification<br />Count: 20 <br /> Percent: 3.5", "Category: Taxonomic Classification<br />Count: 19 <br /> Percent: 3.4", "Category: Demultiplexing<br />Count: 13 <br /> Percent: 2.3", "Category: Gap Filling<br />Count: 13 <br /> Percent: 2.3", "Category: Long Read Overlapping<br />Count: 13 <br /> Percent: 2.3", "Category: fast5 File Processing<br />Count: 11 <br /> Percent: 1.9", "Category: Evaluating Exisiting Methods<br />Count: 10 <br /> Percent: 1.8", "Category: Suitable For Single Cell Experiments<br />Count: 8 <br /> Percent: 1.4", "Category: RNAStructure<br />Count: 5 <br /> Percent: 0.9", "Category: polyA Length Estimation<br />Count: 3 <br /> Percent: 0.5", "Category: Data Structures<br />Count: 2 <br /> Percent: 0.4", "Category: Fusion Detection<br />Count: 2 <br /> Percent: 0.4", "Category: Normalisation<br />Count: 2 <br /> Percent: 0.4", "Category: Coexpression Analysis<br />Count: 1 <br /> Percent: 0.2", "Category: Tested On Non Human Data<br />Count: NA <br /> Percent: NA"],
      "type": "bar",
      "marker": {
        "autocolorscale": false,
        "color": "rgba(89,115,37,1)",
        "line": {
          "width": 1.88976377952756,
          "color": "transparent"
        }
      },
      "showlegend": false,
      "xaxis": "x",
      "yaxis": "y",
      "hoverinfo": "text",
      "frame": null
    }
  ],
  "layout": {
    "margin": {
      "t": 50,
      "r": 10,
      "b": 200,
      "l": 80
    },
    "font": {
      "color": "rgba(0,0,0,1)",
      "family": "",
      "size": 18.5969281859693
    },
    "title": {
      "text": "<b> Categories <\/b>",
      "font": {
        "color": "rgba(0,0,0,1)",
        "family": "",
        "size": 26.5670402656704
      },
      "x": 0,
      "xref": "paper"
    },
    "xaxis": {
      "domain": [0, 1],
      "automargin": true,
      "type": "linear",
      "autorange": false,
      "range": [0.4, 35.6],
      "tickmode": "array",
      "ticktext": ["Error Correction And Polishing", "SNP And Variant Analysis", "Denovo Assembly", "Tested On Human Data", "Transcriptomics", "Alignment", "Analysis Pipelines", "Generating Consensus Sequence", "Visualisation", "Availablity Of Test Data", "Quality Checking", "Base Modification Detection", "Provide Summary Statistics", "Isoform Detection", "Basecalling", "Metagenomics", "Scaffolding", "Quality Trimming", "Simulators", "Quality Filtering", "Read Quantification", "Taxonomic Classification", "Demultiplexing", "Gap Filling", "Long Read Overlapping", "fast5 File Processing", "Evaluating Exisiting Methods", "Suitable For Single Cell Experiments", "RNAStructure", "polyA Length Estimation", "Data Structures", "Fusion Detection", "Normalisation", "Coexpression Analysis", "Tested On Non Human Data"],
      "tickvals": [1, 2, 3, 4, 5, 6, 7, 8, 9, 10, 11, 12, 13, 14, 15, 16, 17, 18, 19, 20, 21, 22, 23, 24, 25, 26, 27, 28, 29, 30, 31, 32, 33, 34, 35],
      "categoryorder": "array",
      "categoryarray": ["Error Correction And Polishing", "SNP And Variant Analysis", "Denovo Assembly", "Tested On Human Data", "Transcriptomics", "Alignment", "Analysis Pipelines", "Generating Consensus Sequence", "Visualisation", "Availablity Of Test Data", "Quality Checking", "Base Modification Detection", "Provide Summary Statistics", "Isoform Detection", "Basecalling", "Metagenomics", "Scaffolding", "Quality Trimming", "Simulators", "Quality Filtering", "Read Quantification", "Taxonomic Classification", "Demultiplexing", "Gap Filling", "Long Read Overlapping", "fast5 File Processing", "Evaluating Exisiting Methods", "Suitable For Single Cell Experiments", "RNAStructure", "polyA Length Estimation", "Data Structures", "Fusion Detection", "Normalisation", "Coexpression Analysis", "Tested On Non Human Data"],
      "nticks": null,
      "ticks": "outside",
      "tickcolor": "rgba(0,0,0,1)",
      "ticklen": 4.64923204649232,
      "tickwidth": 0.66417600664176,
      "showticklabels": true,
      "tickfont": {
        "color": "rgba(0,0,0,1)",
        "family": "",
        "size": 10.6268161062682
      },
      "tickangle": -60,
      "showline": true,
      "linecolor": "rgba(0,0,0,1)",
      "linewidth": 0.66417600664176,
      "showgrid": false,
      "gridcolor": null,
      "gridwidth": 0,
      "zeroline": false,
      "anchor": "y",
      "title": {
        "text": "",
        "font": {
          "color": null,
          "family": null,
          "size": 0
        }
      },
      "hoverformat": ".2f"
    },
    "yaxis": {
      "domain": [0, 1],
      "automargin": true,
      "type": "linear",
      "autorange": false,
      "range": [-0.0102292768959436, 0.214814814814815],
      "tickmode": "array",
      "ticktext": ["0.0%", "5.0%", "10.0%", "15.0%", "20.0%"],
      "tickvals": [0, 0.05, 0.1, 0.15, 0.2],
      "categoryorder": "array",
      "categoryarray": ["0.0%", "5.0%", "10.0%", "15.0%", "20.0%"],
      "nticks": null,
      "ticks": "outside",
      "tickcolor": "rgba(0,0,0,1)",
      "ticklen": 4.64923204649232,