{
  "data": [
    {
      "orientation": "v",
      "width": [0.9, 0.9, 0.9, 0.9, 0.9, 0.9, 0.9, 0.899999999999999, 0.899999999999999, 0.899999999999999, 0.899999999999999, 0.899999999999999, 0.899999999999999, 0.899999999999999, 0.899999999999999, 0.899999999999999, 0.899999999999999, 0.899999999999999, 0.899999999999999, 0.899999999999999, 0.899999999999999, 0.899999999999999, 0.899999999999999, 0.899999999999999, 0.899999999999999, 0.899999999999999, 0.899999999999999, 0.899999999999999, 0.899999999999999, 0.899999999999999, 0.899999999999999],
      "base": [0, 0, 0, 0, 0, 0, 0, 0, 0, 0, 0, 0, 0, 0, 0, 0, 0, 0, 0, 0, 0, 0, 0, 0, 0, 0, 0, 0, 0, 0, 0],
      "x": ["Tested On Non Human Data", "Tested On Human Data", "SNP And Variant Analysis", "Error Correction And Polishing", "Transcriptomics", "Analysis Pipelines", "Alignment", "Denovo Assembly", "Availablity Of Test Data", "Visualisation", "Quality Checking", "Base Modification Detection", "Provide Summary Statistics", "Generating Consensus Sequence", "Isoform Detection", "Basecalling", "Metagenomics", "Read Quantification", "Taxonomic Classification", "Quality Filtering", "Scaffolding", "Simulators", "Demultiplexing", "Quality Trimming", "fast5 File Processing", "Suitable For Single Cell Experiments", "Gap Filling", "Long Read Overlapping", "Evaluating Exisiting Methods", "polyA Length Estimation", "Normalisation"],
      "y": [0.168421052631579, 0.160902255639098, 0.156390977443609, 0.15187969924812, 0.130827067669173, 0.126315789473684, 0.124812030075188, 0.123308270676692, 0.115789473684211, 0.0932330827067669, 0.0827067669172932, 0.0781954887218045, 0.0781954887218045, 0.075187969924812, 0.0676691729323308, 0.0661654135338346, 0.0616541353383459, 0.0406015037593985, 0.0315789473684211, 0.0270676691729323, 0.0270676691729323, 0.0255639097744361, 0.0240601503759399, 0.0240601503759399, 0.0210526315789474, 0.0210526315789474, 0.0195488721804511, 0.0195488721804511, 0.0165413533834586, 0.00902255639097744, 0.00451127819548872],
      "text": ["count: 0.168421053<br />Category: Tested On Non Human Data<br />Prop: 0.168421053<br />Count: 112 <br /> Percent: 16.8", "count: 0.160902256<br />Category: Tested On Human Data<br />Prop: 0.160902256<br />Count: 107 <br /> Percent: 16.1", "count: 0.156390977<br />Category: SNP And Variant Analysis<br />Prop: 0.156390977<br />Count: 104 <br /> Percent: 15.6", "count: 0.151879699<br />Category: Error Correction And Polishing<br />Prop: 0.151879699<br />Count: 101 <br /> Percent: 15.2", "count: 0.130827068<br />Category: Transcriptomics<br />Prop: 0.130827068<br />Count: 87 <br /> Percent: 13.1", "count: 0.126315789<br />Category: Analysis Pipelines<br />Prop: 0.126315789<br />Count: 84 <br /> Percent: 12.6", "count: 0.124812030<br />Category: Alignment<br />Prop: 0.124812030<br />Count: 83 <br /> Percent: 12.5", "count: 0.123308271<br />Category: Denovo Assembly<br />Prop: 0.123308271<br />Count: 82 <br /> Percent: 12.3", "count: 0.115789474<br />Category: Availablity Of Test Data<br />Prop: 0.115789474<br />Count: 77 <br /> Percent: 11.6", "count: 0.093233083<br />Category: Visualisation<br />Prop: 0.093233083<br />Count: 62 <br /> Percent: 9.3", "count: 0.082706767<br />Category: Quality Checking<br />Prop: 0.082706767<br />Count: 55 <br /> Percent: 8.3", "count: 0.078195489<br />Category: Base Modification Detection<br />Prop: 0.078195489<br />Count: 52 <br /> Percent: 7.8", "count: 0.078195489<br />Category: Provide Summary Statistics<br />Prop: 0.078195489<br />Count: 52 <br /> Percent: 7.8", "count: 0.075187970<br />Category: Generating Consensus Sequence<br />Prop: 0.075187970<br />Count: 50 <br /> Percent: 7.5", "count: 0.067669173<br />Category: Isoform Detection<br />Prop: 0.067669173<br />Count: 45 <br /> Percent: 6.8", "count: 0.066165414<br />Category: Basecalling<br />Prop: 0.066165414<br />Count: 44 <br /> Percent: 6.6", "count: 0.061654135<br />Category: Metagenomics<br />Prop: 0.061654135<br />Count: 41 <br /> Percent: 6.2", "count: 0.040601504<br />Category: Read Quantification<br />Prop: 0.040601504<br />Count: 27 <br /> Percent: 4.1", "count: 0.031578947<br />Category: Taxonomic Classification<br />Prop: 0.031578947<br />Count: 21 <br /> Percent: 3.2", "count: 0.027067669<br />Category: Quality Filtering<br />Prop: 0.027067669<br />Count: 18 <br /> Percent: 2.7", "count: 0.027067669<br />Category: Scaffolding<br />Prop: 0.027067669<br />Count: 18 <br /> Percent: 2.7", "count: 0.025563910<br />Category: Simulators<br />Prop: 0.025563910<br />Count: 17 <br /> Percent: 2.6", "count: 0.024060150<br />Category: Demultiplexing<br />Prop: 0.024060150<br />Count: 16 <br /> Percent: 2.4", "count: 0.024060150<br />Category: Quality Trimming<br />Prop: 0.024060150<br />Count: 16 <br /> Percent: 2.4", "count: 0.021052632<br />Category: fast5 File Processing<br />Prop: 0.021052632<br />Count: 14 <br /> Percent: 2.1", "count: 0.021052632<br />Category: Suitable For Single Cell Experiments<br />Prop: 0.021052632<br />Count: 14 <br /> Percent: 2.1", "count: 0.019548872<br />Category: Gap Filling<br />Prop: 0.019548872<br />Count: 13 <br /> Percent: 2", "count: 0.019548872<br />Category: Long Read Overlapping<br />Prop: 0.019548872<br />Count: 13 <br /> Percent: 2", "count: 0.016541353<br />Category: Evaluating Exisiting Methods<br />Prop: 0.016541353<br />Count: 11 <br /> Percent: 1.7", "count: 0.009022556<br />Category: polyA Length Estimation<br />Prop: 0.009022556<br />Count: 6 <br /> Percent: 0.9", "count: 0.004511278<br />Category: Normalisation<br />Prop: 0.004511278<br />Count: 3 <br /> Percent: 0.5"],
      "type": "bar",
      "textposition": "none",
      "marker": {
        "autocolorscale": false,
        "color": "rgba(159,199,81,1)",
        "line": {
          "width": 1.88976377952756,
          "color": "transparent"
        }
      },
      "showlegend": false,
      "xaxis": "x",
      "yaxis": "y",
      "hoverinfo": "text",
      "frame": null
    }
  ],
  "layout": {
    "margin": {
      "t": 50,
      "r": 40,
      "b": 90,
      "l": 70
    },
    "font": {
      "color": "rgba(0,0,0,1)",
      "family": "",
      "size": 18.5969281859693
    },
    "title": {
      "text": "<b> Oxford Nanopore focused <\/b>",
      "font": {
        "color": "rgba(0,0,0,1)",
        "family": "",
        "size": 15.9402241594022
      },
      "x": 0,
      "xref": "paper"
    },
    "xaxis": {
      "domain": [0, 1],
      "automargin": true,
      "type": "category",
      "autorange": true,
      "range": [0.4, 31.6],
      "tickmode": "auto",
      "ticktext": ["Tested On Non Human Data", "Tested On Human Data", "SNP And Variant Analysis", "Error Correction And Polishing", "Transcriptomics", "Analysis Pipelines", "Alignment", "Denovo Assembly", "Availablity Of Test Data", "Visualisation", "Quality Checking", "Base Modification Detection", "Provide Summary Statistics", "Generating Consensus Sequence", "Isoform Detection", "Basecalling", "Metagenomics", "Read Quantification", "Taxonomic Classification", "Quality Filtering", "Scaffolding", "Simulators", "Demultiplexing", "Quality Trimming", "fast5 File Processing", "Suitable For Single Cell Experiments", "Gap Filling", "Long Read Overlapping", "Evaluating Exisiting Methods", "polyA Length Estimation", "Normalisation"],
      "tickvals": [1, 2, 3, 4, 5, 6, 7, 8, 9, 10, 11, 12, 13, 14, 15, 16, 17, 18, 19, 20, 21, 22, 23, 24, 25, 26, 27, 28, 29, 30, 31],
      "categoryorder": "array",