{
  "data": [
    {
      "orientation": "v",
      "width": [0.9, 0.9, 0.9, 0.9, 0.9, 0.9, 0.9, 0.899999999999999, 0.899999999999999, 0.899999999999999, 0.899999999999999, 0.899999999999999, 0.899999999999999, 0.899999999999999, 0.899999999999999, 0.899999999999999, 0.899999999999999, 0.899999999999999, 0.899999999999999, 0.899999999999999, 0.899999999999999, 0.899999999999999, 0.899999999999999, 0.899999999999999, 0.899999999999999, 0.899999999999999, 0.899999999999999, 0.899999999999999, 0.899999999999999, 0.899999999999999, 0.899999999999999, 0.900000000000002, 0.900000000000006, 0.900000000000006, 0.900000000000006],
      "base": [0, 0, 0, 0, 0, 0, 0, 0, 0, 0, 0, 0, 0, 0, 0, 0, 0, 0, 0, 0, 0, 0, 0, 0, 0, 0, 0, 0, 0, 0, 0, 0, 0, 0, 0],
      "x": [1, 2, 3, 4, 5, 6, 7, 8, 9, 10, 11, 12, 13, 14, 15, 16, 17, 18, 19, 20, 21, 22, 23, 24, 25, 26, 27, 28, 29, 30, 31, 32, 33, 34, 35],
      "y": [0.209072978303748, 0.175542406311637, 0.161735700197239, 0.14792899408284, 0.136094674556213, 0.124260355029586, 0.122287968441815, 0.120315581854043, 0.102564102564103, 0.100591715976331, 0.100591715976331, 0.0907297830374754, 0.0828402366863905, 0.0769230769230769, 0.0769230769230769, 0.0749506903353057, 0.0611439842209073, 0.0414201183431953, 0.0414201183431953, 0.0355029585798817, 0.0355029585798817, 0.0335305719921105, 0.0276134122287968, 0.0256410256410256, 0.0236686390532544, 0.0236686390532544, 0.0216962524654832, 0.019723865877712, 0.0157790927021696, 0.00986193293885602, 0.00591715976331361, 0.00394477317554241, 0.00394477317554241, 0.0019723865877712, 0.0019723865877712],
      "text": ["Category: Error Correction And Polishing<br />Count: 106 <br /> Percent: 20.9", "Category: Denovo Assembly<br />Count: 89 <br /> Percent: 17.6", "Category: SNP And Variant Analysis<br />Count: 82 <br /> Percent: 16.2", "Category: Tested On Non Human Data<br />Count: 75 <br /> Percent: 14.8", "Category: Transcriptomics<br />Count: 69 <br /> Percent: 13.6", "Category: Alignment<br />Count: 63 <br /> Percent: 12.4", "Category: Analysis Pipelines<br />Count: 62 <br /> Percent: 12.2", "Category: Tested On Human Data<br />Count: 61 <br /> Percent: 12", "Category: Visualisation<br />Count: 52 <br /> Percent: 10.3", "Category: Generating Consensus Sequence<br />Count: 51 <br /> Percent: 10.1", "Category: Quality Checking<br />Count: 51 <br /> Percent: 10.1", "Category: Provide Summary Statistics<br />Count: 46 <br /> Percent: 9.1", "Category: Base Modification Detection<br />Count: 42 <br /> Percent: 8.3", "Category: Basecalling<br />Count: 39 <br /> Percent: 7.7", "Category: Isoform Detection<br />Count: 39 <br /> Percent: 7.7", "Category: Availablity Of Test Data<br />Count: 38 <br /> Percent: 7.5", "Category: Metagenomics<br />Count: 31 <br /> Percent: 6.1", "Category: Quality Trimming<br />Count: 21 <br /> Percent: 4.1", "Category: Simulators<br />Count: 21 <br /> Percent: 4.1", "Category: Scaffolding<br />Count: 18 <br /> Percent: 3.6", "Category: Taxonomic Classification<br />Count: 18 <br /> Percent: 3.6", "Category: Quality Filtering<br />Count: 17 <br /> Percent: 3.4", "Category: Read Quantification<br />Count: 14 <br /> Percent: 2.8", "Category: Long Read Overlapping<br />Count: 13 <br /> Percent: 2.6", "Category: Demultiplexing<br />Count: 12 <br /> Percent: 2.4", "Category: Gap Filling<br />Count: 12 <br /> Percent: 2.4", "Category: fast5 File Processing<br />Count: 11 <br /> Percent: 2.2", "Category: Evaluating Exisiting Methods<br />Count: 10 <br /> Percent: 2", "Category: Suitable For Single Cell Experiments<br />Count: 8 <br /> Percent: 1.6", "Category: RNAStructure<br />Count: 5 <br /> Percent: 1", "Category: polyA Length Estimation<br />Count: 3 <br /> Percent: 0.6", "Category: Fusion Detection<br />Count: 2 <br /> Percent: 0.4", "Category: Normalisation<br />Count: 2 <br /> Percent: 0.4", "Category: Alternative Splicing Detection<br />Count: 1 <br /> Percent: 0.2", "Category: Coexpression Analysis<br />Count: 1 <br /> Percent: 0.2"],
      "type": "bar",
      "marker": {
        "autocolorscale": false,
        "color": "rgba(89,115,37,1)",
        "line": {
          "width": 1.88976377952756,
          "color": "transparent"
        }
      },
      "showlegend": false,
      "xaxis": "x",
      "yaxis": "y",
      "hoverinfo": "text",
      "frame": null
    }
  ],
  "layout": {
    "margin": {
      "t": 50,
      "r": 10,
      "b": 200,
      "l": 80
    },
    "font": {
      "color": "rgba(0,0,0,1)",
      "family": "",
      "size": 18.5969281859693
    },
    "title": {
      "text": "<b> Categories <\/b>",
      "font": {
        "color": "rgba(0,0,0,1)",
        "family": "",
        "size": 26.5670402656704
      },
      "x": 0,
      "xref": "paper"
    },
    "xaxis": {
      "domain": [0, 1],
      "automargin": true,
      "type": "linear",
      "autorange": false,
      "range": [0.4, 35.6],
      "tickmode": "array",
      "ticktext": ["Error Correction And Polishing", "Denovo Assembly", "SNP And Variant Analysis", "Tested On Non Human Data", "Transcriptomics", "Alignment", "Analysis Pipelines", "Tested On Human Data", "Visualisation", "Generating Consensus Sequence", "Quality Checking", "Provide Summary Statistics", "Base Modification Detection", "Basecalling", "Isoform Detection", "Availablity Of Test Data", "Metagenomics", "Quality Trimming", "Simulators", "Scaffolding", "Taxonomic Classification", "Quality Filtering", "Read Quantification", "Long Read Overlapping", "Demultiplexing", "Gap Filling", "fast5 File Processing", "Evaluating Exisiting Methods", "Suitable For Single Cell Experiments", "RNAStructure", "polyA Length Estimation", "Fusion Detection", "Normalisation", "Alternative Splicing Detection", "Coexpression Analysis"],
      "tickvals": [1, 2, 3, 4, 5, 6, 7, 8, 9, 10, 11, 12, 13, 14, 15, 16, 17, 18, 19, 20, 21, 22, 23, 24, 25, 26, 27, 28, 29, 30, 31, 32, 33, 34, 35],
      "categoryorder": "array",
      "categoryarray": ["Error Correction And Polishing", "Denovo Assembly", "SNP And Variant Analysis", "Tested On Non Human Data", "Transcriptomics", "Alignment", "Analysis Pipelines", "Tested On Human Data", "Visualisation", "Generating Consensus Sequence", "Quality Checking", "Provide Summary Statistics", "Base Modification Detection", "Basecalling", "Isoform Detection", "Availablity Of Test Data", "Metagenomics", "Quality Trimming", "Simulators", "Scaffolding", "Taxonomic Classification", "Quality Filtering", "Read Quantification", "Long Read Overlapping", "Demultiplexing", "Gap Filling", "fast5 File Processing", "Evaluating Exisiting Methods", "Suitable For Single Cell Experiments", "RNAStructure", "polyA Length Estimation", "Fusion Detection", "Normalisation", "Alternative Splicing Detection", "Coexpression Analysis"],
      "nticks": null,
      "ticks": "outside",
      "tickcolor": "rgba(0,0,0,1)",
      "ticklen": 4.64923204649232,
      "tickwidth": 0.66417600664176,
      "showticklabels": true,
      "tickfont": {
        "color": "rgba(0,0,0,1)",
        "family": "",
        "size": 10.6268161062682
      },
      "tickangle": -60,
      "showline": true,
      "linecolor": "rgba(0,0,0,1)",
      "linewidth": 0.66417600664176,
      "showgrid": false,
      "gridcolor": null,
      "gridwidth": 0,
      "zeroline": false,
      "anchor": "y",
      "title": {
        "text": "",
        "font": {
          "color": null,
          "family": null,
          "size": 0
        }
      },
      "hoverformat": ".2f"
    },
    "yaxis": {
      "domain": [0, 1],
      "automargin": true,
      "type": "linear",
      "autorange": false,
      "range": [-0.0104536489151874, 0.219526627218935],
      "tickmode": "array",
      "ticktext": ["0.0%", "5.0%", "10.0%", "15.0%", "20.0%"],
      "tickvals": [0, 0.05, 0.1, 0.15, 0.2],
      "categoryorder": "array",
      "categoryarray": ["0.0%", "5.0%", "10.0%", "15.0%", "20.0%"],
      "nticks": null,
      "ticks": "outside",
      "tickcolor": "rgba(0,0,0,1)",