{
  "data": [
    {
      "orientation": "v",
      "width": [0.9, 0.9, 0.9, 0.9, 0.9, 0.9, 0.9, 0.899999999999999, 0.899999999999999, 0.899999999999999, 0.899999999999999, 0.899999999999999, 0.899999999999999, 0.899999999999999, 0.899999999999999, 0.899999999999999, 0.899999999999999, 0.899999999999999, 0.899999999999999, 0.899999999999999, 0.899999999999999, 0.899999999999999, 0.899999999999999, 0.899999999999999, 0.899999999999999, 0.899999999999999, 0.899999999999999, 0.899999999999999, 0.899999999999999, 0.899999999999999, 0.899999999999999],
      "base": [0, 0, 0, 0, 0, 0, 0, 0, 0, 0, 0, 0, 0, 0, 0, 0, 0, 0, 0, 0, 0, 0, 0, 0, 0, 0, 0, 0, 0, 0, 0],
      "x": ["Denovo Assembly", "Tested On Human Data", "SNP And Variant Analysis", "Quality Checking", "Scaffolding", "Error Correction And Polishing", "Generating Consensus Sequence", "Alignment", "Provide Summary Statistics", "Tested On Non Human Data", "Availablity Of Test Data", "Suitable For Single Cell Experiments", "Long Read Overlapping", "Metagenomics", "Taxonomic Classification", "Visualisation", "Analysis Pipelines", "Evaluating Exisiting Methods", "Gap Filling", "Quality Trimming", "Read Quantification", "Simulators", "Transcriptomics", "Basecalling", "Base Modification Detection", "Demultiplexing", "fast5 File Processing", "Isoform Detection", "Normalisation", "polyA Length Estimation", "Quality Filtering"],
      "y": [0.0210526315789474, 0.0135338345864662, 0.0120300751879699, 0.0105263157894737, 0.00902255639097744, 0.0075187969924812, 0.0075187969924812, 0.00601503759398496, 0.00601503759398496, 0.00601503759398496, 0.00451127819548872, 0.00451127819548872, 0.00300751879699248, 0.00300751879699248, 0.00300751879699248, 0.00300751879699248, 0.00150375939849624, 0.00150375939849624, 0.00150375939849624, 0.00150375939849624, 0.00150375939849624, 0.00150375939849624, 0.00150375939849624, 0, 0, 0, 0, 0, 0, 0, 0],
      "text": ["count: 0.021052632<br />Category: Denovo Assembly<br />Prop: 0.021052632<br />Count: 14 <br /> Percent: 2.1", "count: 0.013533835<br />Category: Tested On Human Data<br />Prop: 0.013533835<br />Count: 9 <br /> Percent: 1.4", "count: 0.012030075<br />Category: SNP And Variant Analysis<br />Prop: 0.012030075<br />Count: 8 <br /> Percent: 1.2", "count: 0.010526316<br />Category: Quality Checking<br />Prop: 0.010526316<br />Count: 7 <br /> Percent: 1.1", "count: 0.009022556<br />Category: Scaffolding<br />Prop: 0.009022556<br />Count: 6 <br /> Percent: 0.9", "count: 0.007518797<br />Category: Error Correction And Polishing<br />Prop: 0.007518797<br />Count: 5 <br /> Percent: 0.8", "count: 0.007518797<br />Category: Generating Consensus Sequence<br />Prop: 0.007518797<br />Count: 5 <br /> Percent: 0.8", "count: 0.006015038<br />Category: Alignment<br />Prop: 0.006015038<br />Count: 4 <br /> Percent: 0.6", "count: 0.006015038<br />Category: Provide Summary Statistics<br />Prop: 0.006015038<br />Count: 4 <br /> Percent: 0.6", "count: 0.006015038<br />Category: Tested On Non Human Data<br />Prop: 0.006015038<br />Count: 4 <br /> Percent: 0.6", "count: 0.004511278<br />Category: Availablity Of Test Data<br />Prop: 0.004511278<br />Count: 3 <br /> Percent: 0.5", "count: 0.004511278<br />Category: Suitable For Single Cell Experiments<br />Prop: 0.004511278<br />Count: 3 <br /> Percent: 0.5", "count: 0.003007519<br />Category: Long Read Overlapping<br />Prop: 0.003007519<br />Count: 2 <br /> Percent: 0.3", "count: 0.003007519<br />Category: Metagenomics<br />Prop: 0.003007519<br />Count: 2 <br /> Percent: 0.3", "count: 0.003007519<br />Category: Taxonomic Classification<br />Prop: 0.003007519<br />Count: 2 <br /> Percent: 0.3", "count: 0.003007519<br />Category: Visualisation<br />Prop: 0.003007519<br />Count: 2 <br /> Percent: 0.3", "count: 0.001503759<br />Category: Analysis Pipelines<br />Prop: 0.001503759<br />Count: 1 <br /> Percent: 0.2", "count: 0.001503759<br />Category: Evaluating Exisiting Methods<br />Prop: 0.001503759<br />Count: 1 <br /> Percent: 0.2", "count: 0.001503759<br />Category: Gap Filling<br />Prop: 0.001503759<br />Count: 1 <br /> Percent: 0.2", "count: 0.001503759<br />Category: Quality Trimming<br />Prop: 0.001503759<br />Count: 1 <br /> Percent: 0.2", "count: 0.001503759<br />Category: Read Quantification<br />Prop: 0.001503759<br />Count: 1 <br /> Percent: 0.2", "count: 0.001503759<br />Category: Simulators<br />Prop: 0.001503759<br />Count: 1 <br /> Percent: 0.2", "count: 0.001503759<br />Category: Transcriptomics<br />Prop: 0.001503759<br />Count: 1 <br /> Percent: 0.2", "count: 0.000000000<br />Category: Basecalling<br />Prop: 0.000000000<br />Count: 0 <br /> Percent: 0", "count: 0.000000000<br />Category: Base Modification Detection<br />Prop: 0.000000000<br />Count: 0 <br /> Percent: 0", "count: 0.000000000<br />Category: Demultiplexing<br />Prop: 0.000000000<br />Count: 0 <br /> Percent: 0", "count: 0.000000000<br />Category: fast5 File Processing<br />Prop: 0.000000000<br />Count: 0 <br /> Percent: 0", "count: 0.000000000<br />Category: Isoform Detection<br />Prop: 0.000000000<br />Count: 0 <br /> Percent: 0", "count: 0.000000000<br />Category: Normalisation<br />Prop: 0.000000000<br />Count: 0 <br /> Percent: 0", "count: 0.000000000<br />Category: polyA Length Estimation<br />Prop: 0.000000000<br />Count: 0 <br /> Percent: 0", "count: 0.000000000<br />Category: Quality Filtering<br />Prop: 0.000000000<br />Count: 0 <br /> Percent: 0"],
      "type": "bar",
      "textposition": "none",
      "marker": {
        "autocolorscale": false,
        "color": "rgba(159,199,81,1)",
        "line": {
          "width": 1.88976377952756,
          "color": "transparent"
        }
      },
      "showlegend": false,
      "xaxis": "x",
      "yaxis": "y",
      "hoverinfo": "text",
      "frame": null
    }
  ],
  "layout": {
    "margin": {
      "t": 50,
      "r": 40,
      "b": 90,
      "l": 70
    },
    "font": {
      "color": "rgba(0,0,0,1)",
      "family": "",
      "size": 18.5969281859693
    },
    "title": {
      "text": "<b> 10X Genomics focused <\/b>",
      "font": {
        "color": "rgba(0,0,0,1)",
        "family": "",
        "size": 15.9402241594022
      },
      "x": 0,
      "xref": "paper"
    },
    "xaxis": {
      "domain": [0, 1],
      "automargin": true,
      "type": "category",
      "autorange": true,
      "range": [0.4, 31.6],
      "tickmode": "auto",
      "ticktext": ["Denovo Assembly", "Tested On Human Data", "SNP And Variant Analysis", "Quality Checking", "Scaffolding", "Error Correction And Polishing", "Generating Consensus Sequence", "Alignment", "Provide Summary Statistics", "Tested On Non Human Data", "Availablity Of Test Data", "Suitable For Single Cell Experiments", "Long Read Overlapping", "Metagenomics", "Taxonomic Classification", "Visualisation", "Analysis Pipelines", "Evaluating Exisiting Methods", "Gap Filling", "Quality Trimming", "Read Quantification", "Simulators", "Transcriptomics", "Basecalling", "Base Modification Detection", "Demultiplexing", "fast5 File Processing", "Isoform Detection", "Normalisation", "polyA Length Estimation", "Quality Filtering"],
      "tickvals": [1, 2, 3, 4, 5, 6, 7, 8, 9, 10, 11, 12, 13, 14, 15, 16, 17, 18, 19, 20, 21, 22, 23, 24, 25, 26, 27, 28, 29, 30, 31],
      "categoryorder": "array",