{
  "data": [
    {
      "orientation": "v",
      "width": [0.9, 0.9, 0.9, 0.9, 0.9, 0.9, 0.9, 0.899999999999999, 0.899999999999999, 0.899999999999999, 0.899999999999999, 0.899999999999999, 0.899999999999999, 0.899999999999999, 0.899999999999999, 0.899999999999999, 0.899999999999999, 0.899999999999999, 0.899999999999999, 0.899999999999999, 0.899999999999999, 0.899999999999999, 0.899999999999999, 0.899999999999999, 0.899999999999999, 0.899999999999999, 0.899999999999999, 0.899999999999999, 0.899999999999999, 0.899999999999999, 0.899999999999999],
      "base": [0, 0, 0, 0, 0, 0, 0, 0, 0, 0, 0, 0, 0, 0, 0, 0, 0, 0, 0, 0, 0, 0, 0, 0, 0, 0, 0, 0, 0, 0, 0],
      "x": [1, 2, 3, 4, 5, 6, 7, 8, 9, 10, 11, 12, 13, 14, 15, 16, 17, 18, 19, 20, 21, 22, 23, 24, 25, 26, 27, 28, 29, 30, 31],
      "y": [0.2, 0.178313253012048, 0.163855421686747, 0.159036144578313, 0.12289156626506, 0.113253012048193, 0.110843373493976, 0.110843373493976, 0.108433734939759, 0.101204819277108, 0.0963855421686747, 0.0939759036144578, 0.091566265060241, 0.0795180722891566, 0.0746987951807229, 0.072289156626506, 0.0554216867469879, 0.0481927710843374, 0.0433734939759036, 0.0385542168674699, 0.0385542168674699, 0.0385542168674699, 0.0265060240963855, 0.0265060240963855, 0.0240963855421687, 0.0240963855421687, 0.0240963855421687, 0.0216867469879518, 0.00963855421686747, 0.0072289156626506, 0.00481927710843374],
      "text": ["Category: Error Correction And Polishing<br />Count: 83 <br /> Percent: 20", "Category: Denovo Assembly<br />Count: 74 <br /> Percent: 17.8", "Category: Tested On Non Human Data<br />Count: 68 <br /> Percent: 16.4", "Category: SNP And Variant Analysis<br />Count: 66 <br /> Percent: 15.9", "Category: Analysis Pipelines<br />Count: 51 <br /> Percent: 12.3", "Category: Transcriptomics<br />Count: 47 <br /> Percent: 11.3", "Category: Alignment<br />Count: 46 <br /> Percent: 11.1", "Category: Visualisation<br />Count: 46 <br /> Percent: 11.1", "Category: Quality Checking<br />Count: 45 <br /> Percent: 10.8", "Category: Provide Summary Statistics<br />Count: 42 <br /> Percent: 10.1", "Category: Tested On Human Data<br />Count: 40 <br /> Percent: 9.6", "Category: Generating Consensus Sequence<br />Count: 39 <br /> Percent: 9.4", "Category: Availablity Of Test Data<br />Count: 38 <br /> Percent: 9.2", "Category: Basecalling<br />Count: 33 <br /> Percent: 8", "Category: Base Modification Detection<br />Count: 31 <br /> Percent: 7.5", "Category: Isoform Detection<br />Count: 30 <br /> Percent: 7.2", "Category: Metagenomics<br />Count: 23 <br /> Percent: 5.5", "Category: Simulators<br />Count: 20 <br /> Percent: 4.8", "Category: Quality Trimming<br />Count: 18 <br /> Percent: 4.3", "Category: Quality Filtering<br />Count: 16 <br /> Percent: 3.9", "Category: Scaffolding<br />Count: 16 <br /> Percent: 3.9", "Category: Taxonomic Classification<br />Count: 16 <br /> Percent: 3.9", "Category: fast5 File Processing<br />Count: 11 <br /> Percent: 2.7", "Category: Long Read Overlapping<br />Count: 11 <br /> Percent: 2.7", "Category: Evaluating Exisiting Methods<br />Count: 10 <br /> Percent: 2.4", "Category: Gap Filling<br />Count: 10 <br /> Percent: 2.4", "Category: Read Quantification<br />Count: 10 <br /> Percent: 2.4", "Category: Demultiplexing<br />Count: 9 <br /> Percent: 2.2", "Category: Suitable For Single Cell Experiments<br />Count: 4 <br /> Percent: 1", "Category: polyA Length Estimation<br />Count: 3 <br /> Percent: 0.7", "Category: Normalisation<br />Count: 2 <br /> Percent: 0.5"],
      "type": "bar",
      "marker": {
        "autocolorscale": false,
        "color": "rgba(89,115,37,1)",
        "line": {
          "width": 1.88976377952756,
          "color": "transparent"
        }
      },
      "showlegend": false,
      "xaxis": "x",
      "yaxis": "y",
      "hoverinfo": "text",
      "frame": null
    }
  ],
  "layout": {
    "margin": {
      "t": 50,
      "r": 10,
      "b": 200,
      "l": 80
    },
    "font": {
      "color": "rgba(0,0,0,1)",
      "family": "",
      "size": 18.5969281859693
    },
    "title": {
      "text": "<b> Categories <\/b>",
      "font": {
        "color": "rgba(0,0,0,1)",
        "family": "",
        "size": 26.5670402656704
      },
      "x": 0,
      "xref": "paper"
    },
    "xaxis": {
      "domain": [0, 1],
      "automargin": true,
      "type": "linear",
      "autorange": false,
      "range": [0.4, 31.6],
      "tickmode": "array",
      "ticktext": ["Error Correction And Polishing", "Denovo Assembly", "Tested On Non Human Data", "SNP And Variant Analysis", "Analysis Pipelines", "Transcriptomics", "Alignment", "Visualisation", "Quality Checking", "Provide Summary Statistics", "Tested On Human Data", "Generating Consensus Sequence", "Availablity Of Test Data", "Basecalling", "Base Modification Detection", "Isoform Detection", "Metagenomics", "Simulators", "Quality Trimming", "Quality Filtering", "Scaffolding", "Taxonomic Classification", "fast5 File Processing", "Long Read Overlapping", "Evaluating Exisiting Methods", "Gap Filling", "Read Quantification", "Demultiplexing", "Suitable For Single Cell Experiments", "polyA Length Estimation", "Normalisation"],
      "tickvals": [1, 2, 3, 4, 5, 6, 7, 8, 9, 10, 11, 12, 13, 14, 15, 16, 17, 18, 19, 20, 21, 22, 23, 24, 25, 26, 27, 28, 29, 30, 31],
      "categoryorder": "array",
      "categoryarray": ["Error Correction And Polishing", "Denovo Assembly", "Tested On Non Human Data", "SNP And Variant Analysis", "Analysis Pipelines", "Transcriptomics", "Alignment", "Visualisation", "Quality Checking", "Provide Summary Statistics", "Tested On Human Data", "Generating Consensus Sequence", "Availablity Of Test Data", "Basecalling", "Base Modification Detection", "Isoform Detection", "Metagenomics", "Simulators", "Quality Trimming", "Quality Filtering", "Scaffolding", "Taxonomic Classification", "fast5 File Processing", "Long Read Overlapping", "Evaluating Exisiting Methods", "Gap Filling", "Read Quantification", "Demultiplexing", "Suitable For Single Cell Experiments", "polyA Length Estimation", "Normalisation"],
      "nticks": null,
      "ticks": "outside",
      "tickcolor": "rgba(0,0,0,1)",
      "ticklen": 4.64923204649232,
      "tickwidth": 0.66417600664176,
      "showticklabels": true,
      "tickfont": {
        "color": "rgba(0,0,0,1)",
        "family": "",
        "size": 10.6268161062682
      },
      "tickangle": -60,
      "showline": true,
      "linecolor": "rgba(0,0,0,1)",
      "linewidth": 0.66417600664176,
      "showgrid": false,
      "gridcolor": null,
      "gridwidth": 0,
      "zeroline": false,
      "anchor": "y",
      "title": {
        "text": "",
        "font": {
          "color": null,
          "family": null,
          "size": 0
        }
      },
      "hoverformat": ".2f"
    },
    "yaxis": {
      "domain": [0, 1],
      "automargin": true,
      "type": "linear",
      "autorange": false,
      "range": [-0.01, 0.21],
      "tickmode": "array",
      "ticktext": ["0.0%", "5.0%", "10.0%", "15.0%", "20.0%"],
      "tickvals": [0, 0.05, 0.1, 0.15, 0.2],
      "categoryorder": "array",
      "categoryarray": ["0.0%", "5.0%", "10.0%", "15.0%", "20.0%"],
      "nticks": null,
      "ticks": "outside",
      "tickcolor": "rgba(0,0,0,1)",
      "ticklen": 4.64923204649232,
      "tickwidth": 0.66417600664176,
      "showticklabels": true,
      "tickfont": {
        "color": "rgba(0,0,0,1)",
        "family": "",
        "size": 13.2835201328352
      },
      "tickangle": -0,
      "showline": true,
      "linecolor": "rgba(0,0,0,1)",
      "linewidth": 0.66417600664176,
      "showgrid": false,
      "gridcolor": null,
      "gridwidth": 0,
      "zeroline": false,
      "anchor": "x",
      "title": {
        "text": "Percentage of tools",
        "font": {
          "color": "rgba(0,0,0,1)",
          "family": "",
          "size": 18.5969281859693
        }
      },
      "hoverformat": ".2f"
    },