{
  "data": [
    {
      "orientation": "v",
      "width": [0.9, 0.9, 0.9, 0.9, 0.9, 0.9, 0.9, 0.899999999999999, 0.899999999999999, 0.899999999999999, 0.899999999999999, 0.899999999999999, 0.899999999999999, 0.899999999999999, 0.899999999999999, 0.899999999999999, 0.899999999999999, 0.899999999999999, 0.899999999999999, 0.899999999999999, 0.899999999999999, 0.899999999999999, 0.899999999999999, 0.899999999999999, 0.899999999999999, 0.899999999999999, 0.899999999999999, 0.899999999999999, 0.899999999999999, 0.899999999999999, 0.899999999999999],
      "base": [0, 0, 0, 0, 0, 0, 0, 0, 0, 0, 0, 0, 0, 0, 0, 0, 0, 0, 0, 0, 0, 0, 0, 0, 0, 0, 0, 0, 0, 0, 0],
      "x": ["Error Correction And Polishing", "SNP And Variant Analysis", "Tested On Non Human Data", "Tested On Human Data", "Denovo Assembly", "Alignment", "Analysis Pipelines", "Transcriptomics", "Visualisation", "Availablity Of Test Data", "Quality Checking", "Base Modification Detection", "Generating Consensus Sequence", "Provide Summary Statistics", "Metagenomics", "Basecalling", "Isoform Detection", "Read Quantification", "Taxonomic Classification", "Quality Filtering", "Simulators", "Quality Trimming", "Demultiplexing", "fast5 File Processing", "Scaffolding", "Evaluating Exisiting Methods", "Long Read Overlapping", "Gap Filling", "Suitable For Single Cell Experiments", "Normalisation", "polyA Length Estimation"],
      "y": [0.158516020236088, 0.15008431703204, 0.146711635750422, 0.139966273187184, 0.126475548060708, 0.116357504215852, 0.114671163575042, 0.114671163575042, 0.0961214165261383, 0.0893760539629005, 0.0860033726812816, 0.0809443507588533, 0.075885328836425, 0.075885328836425, 0.0640809443507589, 0.0623946037099494, 0.0590219224283305, 0.0370994940978078, 0.0320404721753794, 0.0286677908937605, 0.0286677908937605, 0.0269814502529511, 0.0202360876897133, 0.0202360876897133, 0.0202360876897133, 0.0168634064080944, 0.0168634064080944, 0.015177065767285, 0.0118043844856661, 0.00505902192242833, 0.00505902192242833],
      "text": ["count: 0.158516020<br />Category: Error Correction And Polishing<br />Prop: 0.158516020<br />Count: 94 <br /> Percent: 15.9", "count: 0.150084317<br />Category: SNP And Variant Analysis<br />Prop: 0.150084317<br />Count: 89 <br /> Percent: 15", "count: 0.146711636<br />Category: Tested On Non Human Data<br />Prop: 0.146711636<br />Count: 87 <br /> Percent: 14.7", "count: 0.139966273<br />Category: Tested On Human Data<br />Prop: 0.139966273<br />Count: 83 <br /> Percent: 14", "count: 0.126475548<br />Category: Denovo Assembly<br />Prop: 0.126475548<br />Count: 75 <br /> Percent: 12.6", "count: 0.116357504<br />Category: Alignment<br />Prop: 0.116357504<br />Count: 69 <br /> Percent: 11.6", "count: 0.114671164<br />Category: Analysis Pipelines<br />Prop: 0.114671164<br />Count: 68 <br /> Percent: 11.5", "count: 0.114671164<br />Category: Transcriptomics<br />Prop: 0.114671164<br />Count: 68 <br /> Percent: 11.5", "count: 0.096121417<br />Category: Visualisation<br />Prop: 0.096121417<br />Count: 57 <br /> Percent: 9.6", "count: 0.089376054<br />Category: Availablity Of Test Data<br />Prop: 0.089376054<br />Count: 53 <br /> Percent: 8.9", "count: 0.086003373<br />Category: Quality Checking<br />Prop: 0.086003373<br />Count: 51 <br /> Percent: 8.6", "count: 0.080944351<br />Category: Base Modification Detection<br />Prop: 0.080944351<br />Count: 48 <br /> Percent: 8.1", "count: 0.075885329<br />Category: Generating Consensus Sequence<br />Prop: 0.075885329<br />Count: 45 <br /> Percent: 7.6", "count: 0.075885329<br />Category: Provide Summary Statistics<br />Prop: 0.075885329<br />Count: 45 <br /> Percent: 7.6", "count: 0.064080944<br />Category: Metagenomics<br />Prop: 0.064080944<br />Count: 38 <br /> Percent: 6.4", "count: 0.062394604<br />Category: Basecalling<br />Prop: 0.062394604<br />Count: 37 <br /> Percent: 6.2", "count: 0.059021922<br />Category: Isoform Detection<br />Prop: 0.059021922<br />Count: 35 <br /> Percent: 5.9", "count: 0.037099494<br />Category: Read Quantification<br />Prop: 0.037099494<br />Count: 22 <br /> Percent: 3.7", "count: 0.032040472<br />Category: Taxonomic Classification<br />Prop: 0.032040472<br />Count: 19 <br /> Percent: 3.2", "count: 0.028667791<br />Category: Quality Filtering<br />Prop: 0.028667791<br />Count: 17 <br /> Percent: 2.9", "count: 0.028667791<br />Category: Simulators<br />Prop: 0.028667791<br />Count: 17 <br /> Percent: 2.9", "count: 0.026981450<br />Category: Quality Trimming<br />Prop: 0.026981450<br />Count: 16 <br /> Percent: 2.7", "count: 0.020236088<br />Category: Demultiplexing<br />Prop: 0.020236088<br />Count: 12 <br /> Percent: 2", "count: 0.020236088<br />Category: fast5 File Processing<br />Prop: 0.020236088<br />Count: 12 <br /> Percent: 2", "count: 0.020236088<br />Category: Scaffolding<br />Prop: 0.020236088<br />Count: 12 <br /> Percent: 2", "count: 0.016863406<br />Category: Evaluating Exisiting Methods<br />Prop: 0.016863406<br />Count: 10 <br /> Percent: 1.7", "count: 0.016863406<br />Category: Long Read Overlapping<br />Prop: 0.016863406<br />Count: 10 <br /> Percent: 1.7", "count: 0.015177066<br />Category: Gap Filling<br />Prop: 0.015177066<br />Count: 9 <br /> Percent: 1.5", "count: 0.011804384<br />Category: Suitable For Single Cell Experiments<br />Prop: 0.011804384<br />Count: 7 <br /> Percent: 1.2", "count: 0.005059022<br />Category: Normalisation<br />Prop: 0.005059022<br />Count: 3 <br /> Percent: 0.5", "count: 0.005059022<br />Category: polyA Length Estimation<br />Prop: 0.005059022<br />Count: 3 <br /> Percent: 0.5"],
      "type": "bar",
      "textposition": "none",
      "marker": {
        "autocolorscale": false,
        "color": "rgba(159,199,81,1)",
        "line": {
          "width": 1.88976377952756,
          "color": "transparent"
        }
      },
      "showlegend": false,
      "xaxis": "x",
      "yaxis": "y",
      "hoverinfo": "text",
      "frame": null
    }
  ],
  "layout": {
    "margin": {
      "t": 50,
      "r": 40,
      "b": 90,
      "l": 70
    },
    "font": {
      "color": "rgba(0,0,0,1)",
      "family": "",
      "size": 18.5969281859693
    },
    "title": {
      "text": "<b> Oxford Nanopore focused <\/b>",
      "font": {
        "color": "rgba(0,0,0,1)",
        "family": "",
        "size": 15.9402241594022
      },
      "x": 0,
      "xref": "paper"
    },
    "xaxis": {
      "domain": [0, 1],
      "automargin": true,
      "type": "category",
      "autorange": true,
      "range": [0.4, 31.6],
      "tickmode": "auto",
      "ticktext": ["Error Correction And Polishing", "SNP And Variant Analysis", "Tested On Non Human Data", "Tested On Human Data", "Denovo Assembly", "Alignment", "Analysis Pipelines", "Transcriptomics", "Visualisation", "Availablity Of Test Data", "Quality Checking", "Base Modification Detection", "Generating Consensus Sequence", "Provide Summary Statistics", "Metagenomics", "Basecalling", "Isoform Detection", "Read Quantification", "Taxonomic Classification", "Quality Filtering", "Simulators", "Quality Trimming", "Demultiplexing", "fast5 File Processing", "Scaffolding", "Evaluating Exisiting Methods", "Long Read Overlapping", "Gap Filling", "Suitable For Single Cell Experiments", "Normalisation", "polyA Length Estimation"],
      "tickvals": [1, 2, 3, 4, 5, 6, 7, 8, 9, 10, 11, 12, 13, 14, 15, 16, 17, 18, 19, 20, 21, 22, 23, 24, 25, 26, 27, 28, 29, 30, 31],
      "categoryorder": "array",